sym,score,mentions_4wk,mentions_8wk,mentions_12wk,reddit_4wk,stocktwits_4wk,yahoo_news_4wk,google_news_4wk,seekalpha_4wk,google_trend,analysts,earnings_soon,st_trending,yf_trending
ADTX,40.595,36,41,45,0,0,10,24,2,600.0,0,False,False,True
SPCX,31.083,75,79,81,0,0,10,35,30,0.0,0,False,False,True
QCOM,30.462,36,60,60,0,0,10,7,19,0.0,0,False,False,True
WBD,24.364,35,44,44,0,0,10,2,23,0.0,0,False,False,True
WMT,24.333,42,44,45,0,0,10,2,30,0.0,0,False,False,True
HPE,22.139,60,67,69,0,0,10,24,26,0.0,0,False,False,True
ADBE,19.349,52,57,60,0,0,10,12,30,36.7,0,False,False,True
PSKY,19.0,43,46,48,0,0,10,4,29,0.0,0,False,False,True
GOOGL,17.75,43,47,49,0,0,10,3,30,0.0,0,False,False,True
AVGO,17.682,50,54,56,0,0,10,10,30,-59.7,0,False,False,True
VECO,16.556,32,48,49,0,0,10,20,2,0.0,0,False,False,True
QTEX,15.5,23,23,26,0,0,8,13,2,0.0,0,False,False,True
NVDA,15.333,48,52,56,0,0,10,8,30,0.0,0,False,False,True
AMZN,14.086,42,47,50,0,0,10,2,30,0.0,0,False,False,True
RKLB,14.0,59,65,71,0,0,10,19,30,0.0,0,False,False,True
META,13.743,41,46,49,0,0,10,1,30,0.0,0,False,False,True
NVO,13.5,37,48,50,0,0,10,4,23,0.0,0,False,False,True
SNDK,13.492,46,57,60,0,0,10,6,30,0.0,0,False,False,True
SMCI,13.333,49,56,60,0,0,10,9,30,0.0,0,False,False,True
BA,13.1,44,52,55,0,0,10,4,30,-6.0,0,False,False,True
NBIS,12.554,50,55,61,0,0,10,10,30,0.0,0,False,False,True
CAST,11.875,31,37,39,0,0,10,19,2,0.0,0,False,False,True
GPGI,11.867,11,24,24,0,0,3,8,0,0.0,0,False,False,True
BABA,11.823,31,47,49,0,0,10,5,16,-5.2,0,False,False,True
XXI,11.75,13,23,23,0,0,3,7,3,0.0,0,False,False,True
ET,11.696,37,58,61,0,0,10,12,15,0.0,0,False,False,True
INTC,11.526,46,57,61,0,0,10,6,30,0.0,0,False,False,True
BRKR,11.458,23,29,30,0,0,10,9,4,0.0,0,False,False,True
AAL,11.12,34,51,54,0,0,10,7,17,12.5,0,False,False,True
SOFI,10.833,29,57,60,0,0,10,11,8,0.0,0,False,False,True
CHYM,10.773,12,21,21,0,0,10,1,1,0.0,0,False,False,True
IREN,10.771,25,58,61,0,0,10,2,13,0.0,0,False,False,True
MU,10.708,53,63,69,0,0,10,13,30,0.0,0,False,False,True
ORCL,10.583,47,51,61,0,0,10,7,30,0.0,0,False,False,True
MSFT,10.472,48,54,61,0,0,10,8,30,0.0,0,False,False,True
UBER,10.467,35,48,51,0,0,10,3,22,0.0,0,False,False,True
CRM,10.4,47,52,60,0,0,10,7,30,0.0,0,False,False,True
HOOD,10.208,46,53,59,0,0,10,8,28,0.0,0,False,False,True
MSTR,10.2,34,47,50,0,0,10,5,19,0.0,0,False,False,True
NBTX,10.1,32,34,42,0,0,10,19,3,0.0,0,False,False,True
HUBC,9.583,43,47,57,0,0,9,31,3,0.0,0,False,False,True
CSX,9.556,14,30,31,0,0,10,4,0,0.0,0,False,False,True
GOOG,9.442,45,50,59,0,0,10,5,30,0.0,0,False,False,True
RGNT,9.4,19,20,23,0,0,9,10,0,0.0,0,False,False,True
CAAP,9.275,14,29,30,0,0,5,6,3,0.0,0,False,False,True
AAPL,9.142,42,50,54,0,0,10,2,30,-38.5,0,False,False,True
SPCF,9.0,9,9,9,0,0,1,8,0,0.0,0,False,False,True
HPQ,9.0,49,57,65,0,0,10,17,22,0.0,0,False,False,True
ACLS,8.968,24,37,39,0,0,9,15,0,-10.3,0,False,False,True
POET,8.959,24,71,76,0,0,10,8,6,0.0,0,False,False,True
SMMT,8.95,28,34,37,0,0,10,8,10,0.0,0,False,False,True
AMD,8.946,44,66,71,0,0,10,4,30,-13.7,0,False,False,True
MRVL,8.88,53,60,71,0,0,10,13,30,0.0,0,False,False,True
AMAT,8.785,29,56,61,0,0,10,2,17,28.6,0,False,False,True
MXL,8.722,24,58,62,0,0,10,9,5,0.0,0,False,False,True
FXAIX,8.722,20,36,38,0,0,1,3,16,0.0,0,False,False,True
KAI,8.714,22,34,36,0,0,7,12,3,0.0,0,False,False,True
CSCO,8.696,24,69,74,0,0,10,6,8,0.0,0,False,False,True
SVM,8.667,28,32,36,0,0,10,11,7,0.0,0,False,False,True
BAC,8.457,36,50,54,0,0,10,5,21,-11.7,0,False,False,True
DASH,8.417,19,35,37,0,0,10,4,5,0.0,0,False,False,True
PAVS,8.375,25,27,33,0,0,6,18,1,0.0,0,False,False,True
DJT,8.25,16,22,23,0,0,10,2,4,0.0,0,False,False,True
TSLA,8.2,43,50,58,0,0,10,3,30,0.0,0,False,False,True
MRK,8.167,32,47,51,0,0,10,3,19,0.0,0,False,False,True
CTSH,8.125,29,51,55,0,0,10,12,7,0.0,0,False,False,True
OMCL,8.111,18,34,36,0,0,10,5,3,0.0,0,False,False,True
SA,7.917,21,23,27,0,0,10,9,2,0.0,0,False,False,True
SEI,7.896,31,45,49,0,0,10,19,2,0.0,0,False,False,True
HST,7.888,25,39,42,0,0,10,12,3,0.0,0,False,False,True
UEC,7.857,28,32,37,0,0,10,9,9,0.0,0,False,False,True
TFPM,7.833,20,30,32,0,0,10,5,5,0.0,0,False,False,True
SOUN,7.6,22,40,43,0,0,10,9,3,0.0,0,False,False,True
VZ,7.593,32,56,61,0,0,10,7,15,0.0,0,False,False,True
CPNG,7.571,34,53,58,0,0,10,20,4,0.0,0,False,False,True
SMTC,7.548,27,31,36,0,0,10,10,7,0.0,0,False,False,True
PS,7.429,18,30,32,0,0,10,2,6,0.0,0,False,False,True
TXG,7.333,22,38,41,0,0,8,11,3,0.0,0,False,False,True
HIMS,7.255,18,50,54,0,0,10,3,5,0.0,0,False,False,True
ONDS,7.026,46,63,71,0,0,10,21,15,0.0,0,False,False,True
SPCH,7.0,7,7,7,0,0,2,5,0,0.0,0,False,False,True
MKSI,7.0,19,38,41,0,0,10,8,1,0.0,0,False,False,True
ELF,6.937,31,36,43,0,0,10,6,15,0.0,0,False,False,True
PLTR,6.919,39,46,55,0,0,10,2,27,0.0,0,False,False,True
WOLF,6.822,20,36,39,0,0,10,2,8,0.0,0,False,False,True
RDW,6.701,47,62,71,0,0,10,28,9,0.0,0,False,False,True
FLY,6.583,33,55,61,0,0,10,13,10,0.0,0,False,False,True
LIF,6.529,7,22,23,0,0,3,1,3,0.0,0,False,False,True
ZBRA,6.506,28,48,53,0,0,10,13,5,0.0,0,False,False,True
PCVX,6.417,12,18,19,0,0,10,2,0,0.0,0,False,False,True
CRWV,6.378,37,50,57,0,0,10,7,20,0.0,0,False,False,True
PFE,6.368,36,47,54,0,0,10,3,23,0.0,0,False,False,True
CACC,6.366,29,43,48,0,0,10,17,2,0.0,0,False,False,True
PYPL,6.31,26,48,53,0,0,10,0,16,0.0,0,False,False,True
APP,6.306,23,43,47,0,0,10,3,10,-6.6,0,False,False,True
PL,6.25,40,46,60,0,0,10,15,15,0.0,0,False,False,True
ABNB,6.145,18,39,42,0,0,10,2,6,-18.5,0,False,False,True
VNET,6.111,26,33,38,0,0,10,10,6,0.0,0,False,False,True
PPTA,6.111,16,17,24,0,0,10,3,3,0.0,0,False,False,True
DKNG,6.067,29,53,59,0,0,10,9,10,0.0,0,False,False,True
JHX,6.05,15,17,20,0,0,10,0,5,0.0,0,False,False,True
KO,6.015,24,56,62,0,0,10,5,9,0.0,0,False,False,True
AUR,5.988,21,41,46,0,0,10,10,1,16.0,0,False,False,True
APLD,5.984,39,46,58,0,0,10,10,19,0.0,0,False,False,True
HYMC,5.981,14,25,27,0,0,6,4,4,0.0,0,False,False,True
LRCX,5.904,28,52,58,0,0,10,5,13,0.0,0,False,False,True
PATH,5.886,32,38,47,0,0,10,6,16,0.0,0,False,False,True
ITUB,5.8,9,27,29,0,0,3,5,1,0.0,0,False,False,True
RIOT,5.78,22,46,51,0,0,10,7,5,0.0,0,False,False,True
STLA,5.778,30,46,52,0,0,10,8,12,0.0,0,False,False,True
NVTS,5.714,26,38,43,0,0,10,9,7,0.0,0,False,False,True
VSH,5.714,22,34,38,0,0,10,9,3,0.0,0,False,False,True
WDC,5.694,37,52,60,0,0,10,8,19,0.0,0,False,False,True
FOX,5.667,22,32,36,0,0,10,5,7,0.0,0,False,False,True
PLAY,5.667,26,29,42,0,0,10,8,8,0.0,0,False,False,True
INFQ,5.667,31,38,46,0,0,10,16,5,0.0,0,False,False,True
RBLX,5.658,23,44,49,0,0,10,2,11,0.0,0,False,False,True
HDB,5.5,11,11,22,0,0,10,0,1,0.0,0,False,False,True
CMCSA,5.491,21,44,49,0,0,10,4,7,0.0,0,False,False,True
TSCO,5.444,24,40,45,0,0,10,7,7,0.0,0,False,False,True
ARQT,5.442,14,31,34,0,0,5,8,1,0.0,0,False,False,True
MMYT,5.4,15,18,21,0,0,10,2,3,0.0,0,False,False,True
ENTG,5.364,13,22,24,0,0,10,1,2,0.0,0,False,False,True
UMC,5.305,24,37,42,0,0,10,11,3,0.0,0,False,False,True
HAWK,5.286,22,41,46,0,0,10,10,2,0.0,0,False,False,True
HITI,5.286,21,26,31,0,0,10,8,3,0.0,0,False,False,True
COMP,5.275,31,46,53,0,0,10,18,3,0.0,0,False,False,True
STX,5.222,27,54,61,0,0,10,6,11,0.0,0,False,False,True
ARQQ,5.202,28,33,43,0,0,7,15,6,0.0,0,False,False,True
HLN,5.2,20,28,32,0,0,10,8,2,0.0,0,False,False,True
ABEV,5.185,16,27,30,0,0,10,3,3,0.0,0,False,False,True
COIN,5.167,37,48,58,0,0,10,3,24,0.0,0,False,False,True
ROKU,5.156,30,48,55,0,0,10,10,10,0.0,0,False,False,True
VTRS,5.14,14,37,41,0,0,10,3,1,0.0,0,False,False,True
VICR,5.102,25,45,51,0,0,10,11,4,0.0,0,False,False,True
EXK,5.083,7,17,18,0,0,4,2,1,0.0,0,False,False,True
HNGE,5.083,23,33,38,0,0,10,9,4,0.0,0,False,False,True
BMY,5.076,29,49,56,0,0,10,5,14,0.0,0,False,False,True
AEIS,5.059,16,31,35,0,0,10,3,3,10.0,0,False,False,True
TTMI,5.029,26,37,43,0,0,10,10,6,0.0,0,False,False,True
SSPC,5.0,5,5,5,0,0,2,3,0,0.0,0,False,False,True
KVUE,5.0,19,26,30,0,0,10,5,4,0.0,0,False,False,True
FORM,4.949,19,30,34,0,0,10,4,5,0.0,0,False,False,True
RKT,4.896,22,31,36,0,0,10,8,4,0.0,0,False,False,True
TNGX,4.836,30,38,47,0,0,10,13,7,0.0,0,False,False,True
NXE,4.806,12,19,21,0,0,7,1,4,0.0,0,False,False,True
LUNR,4.801,41,61,72,0,0,10,20,11,0.0,0,False,False,True
NU,4.8,31,44,52,0,0,10,10,11,0.0,0,False,False,True
BLTE,4.778,23,30,36,0,0,10,6,7,0.0,0,False,False,True
ACHR,4.679,22,33,37,0,0,10,8,4,-20.0,0,False,False,True
NOK,4.657,36,61,71,0,0,10,19,7,0.0,0,False,False,True
CORZ,4.646,3,17,18,0,0,0,3,0,0.0,0,False,False,True
KC,4.643,21,33,38,0,0,7,9,5,0.0,0,False,False,True
ORLA,4.625,24,38,44,0,0,10,10,4,0.0,0,False,False,True
CMG,4.625,23,41,47,0,0,10,3,10,0.0,0,False,False,True
ALAB,4.554,31,51,58,0,0,10,10,11,-16.7,0,False,False,True
VALE,4.538,26,31,42,0,0,10,8,8,0.0,0,False,False,True
HBAN,4.534,19,36,41,0,0,10,5,4,0.0,0,False,False,True
XOM,4.53,38,54,65,0,0,10,4,24,0.0,0,False,False,True
ECG,4.515,13,33,37,0,0,4,8,1,0.0,0,False,False,True
COHR,4.514,29,59,68,0,0,10,11,8,0.0,0,False,False,True
MRNA,4.433,21,49,56,0,0,9,1,11,0.0,0,False,False,True
DOC,4.407,20,31,36,0,0,10,7,3,0.0,0,False,False,True
CLSK,4.405,20,30,35,0,0,10,5,5,0.0,0,False,False,True
KGC,4.354,13,24,27,0,0,10,3,0,0.0,0,False,False,True
NTLA,4.354,16,37,42,0,0,10,4,2,0.0,0,False,False,True
FRSH,4.342,14,31,35,0,0,10,3,1,0.0,0,False,False,True
INFY,4.341,10,19,21,0,0,10,0,0,0.0,0,False,False,True
CPOP,4.333,18,22,28,0,0,8,8,2,0.0,0,False,False,True
POWI,4.287,22,37,43,0,0,10,11,1,0.0,0,False,False,True
GLW,4.278,29,63,73,0,0,10,11,8,0.0,0,False,False,True
TLN,4.257,19,32,37,0,0,10,7,2,0.0,0,False,False,True
QUBT,4.255,25,40,47,0,0,10,8,7,0.0,0,False,False,True
DAVE,4.25,20,26,32,0,0,10,4,6,0.0,0,False,False,True
TWST,4.25,22,36,42,0,0,10,7,5,0.0,0,False,False,True
PTON,4.214,22,34,40,0,0,10,6,6,0.0,0,False,False,True
SATS,4.179,28,35,46,0,0,10,13,5,0.0,0,False,False,True
ASTS,4.159,44,59,74,0,0,10,20,14,-2.7,0,False,False,True
TSM,4.101,35,52,63,0,0,10,8,17,0.0,0,False,False,True
XYZ,4.033,20,37,43,0,0,10,4,6,0.0,0,False,False,True
SLBT,4.0,4,4,4,0,0,1,3,0,0.0,0,False,False,True
PLUG,4.0,26,44,52,0,0,10,11,5,0.0,0,False,False,True
EXPE,3.98,22,42,49,0,0,10,5,7,0.0,0,False,False,True
LEU,3.961,18,27,32,0,0,10,4,4,0.0,0,False,False,True
FNV,3.919,20,35,41,0,0,10,8,2,0.0,0,False,False,True
AAUC,3.917,15,25,29,0,0,10,3,2,0.0,0,False,False,True
STEP,3.91,21,25,36,0,0,10,5,6,0.0,0,False,False,True
COHU,3.904,12,29,33,0,0,5,7,0,0.0,0,False,False,True
CPRT,3.857,16,21,26,0,0,10,2,4,0.0,0,False,False,True
ASR,3.852,19,30,35,0,0,7,11,1,-6.7,0,False,False,True
KEEL,3.839,36,48,62,0,0,10,22,4,0.0,0,False,False,True
FOXA,3.833,19,26,32,0,0,10,4,5,0.0,0,False,False,True
AA,3.827,31,38,52,0,0,10,8,13,-6.8,0,False,False,True
DOW,3.813,43,60,76,0,0,10,23,10,0.0,0,False,False,True
CIFR,3.799,27,39,48,0,0,10,11,6,0.0,0,False,False,True
CELH,3.792,19,35,41,0,0,10,2,7,0.0,0,False,False,True
AEM,3.767,28,44,52,0,0,10,11,7,-10.0,0,False,False,True
CCJ,3.735,19,34,40,0,0,10,4,5,0.0,0,False,False,True
LMND,3.731,14,25,29,0,0,10,0,4,0.0,0,False,False,True
PR,3.725,19,27,33,0,0,10,8,1,0.0,0,False,False,True
SE,3.688,19,33,39,0,0,10,4,5,0.0,0,False,False,True
BLSH,3.657,14,32,37,0,0,10,0,4,0.0,0,False,False,True
AFRM,3.611,18,34,40,0,0,10,3,5,0.0,0,False,False,True
ROAD,3.611,14,21,25,0,0,10,4,0,0.0,0,False,False,True
MCHP,3.6,22,44,52,0,0,10,3,9,0.0,0,False,False,True
XE,3.594,25,55,65,0,0,10,7,8,0.0,0,False,False,True
LYFT,3.549,21,35,42,0,0,10,4,7,0.0,0,False,False,True
SII,3.5,7,23,26,0,0,5,2,0,0.0,0,False,False,True
WIT,3.5,12,13,29,0,0,10,2,0,0.0,0,False,False,True
AGX,3.486,32,39,61,0,0,10,10,12,0.0,0,False,False,True
HL,3.417,13,23,27,0,0,10,2,1,0.0,0,False,False,True
CNQ,3.396,27,41,51,0,0,10,12,5,0.0,0,False,False,True
ALGM,3.383,19,37,44,0,0,10,8,1,0.0,0,False,False,True
OWL,3.329,24,43,52,0,0,10,1,13,0.0,0,False,False,True
GGB,3.312,17,31,37,0,0,5,12,0,0.0,0,False,False,True
RDDT,3.308,28,41,52,0,0,10,6,12,0.0,0,False,False,True
ARM,3.289,28,53,63,0,0,10,4,14,-8.1,0,False,False,True
IAG,3.257,20,41,49,0,0,10,9,1,0.0,0,False,False,True
MCW,3.167,12,17,21,0,0,0,12,0,0.0,0,False,False,True
AUGO,3.167,8,26,30,0,0,5,1,2,0.0,0,False,False,True
IPGP,3.145,15,32,38,0,0,10,5,0,0.0,0,False,False,True
ON,3.122,36,62,77,0,0,10,17,9,0.0,0,False,False,True
TFC,3.119,21,25,44,0,0,10,7,4,0.0,0,False,False,True
WRD,3.114,17,22,30,0,0,10,4,3,0.0,0,False,False,True
NIO,3.096,25,35,46,0,0,10,5,10,0.0,0,False,False,True
IONQ,3.062,33,51,65,0,0,10,9,14,0.0,0,False,False,True
CHDN,3.05,14,32,38,0,0,10,2,2,0.0,0,False,False,True
TER,3.038,27,55,67,0,0,10,12,5,0.0,0,False,False,True
AAOI,3.036,33,68,80,0,0,10,12,11,-18.2,0,False,False,True
BTE,3.03,6,26,30,0,0,3,1,2,0.0,0,False,False,True
OKLO,3.023,19,45,54,0,0,10,0,9,0.0,0,False,False,True
YSS,3.022,33,54,68,0,0,10,18,5,0.0,0,False,False,True
SPCL,3.0,5,6,7,0,0,1,4,0,0.0,0,False,False,True
DRD,3.0,10,12,17,0,0,3,5,2,0.0,0,False,False,True
LYG,2.936,24,34,45,0,0,10,12,2,0.0,0,False,False,True
TEM,2.923,23,34,44,0,0,10,5,8,0.0,0,False,False,True
BE,2.903,25,40,50,0,0,10,3,12,-3.7,0,False,False,True
SEZL,2.883,15,28,34,0,0,10,3,2,0.0,0,False,False,True
STM,2.866,20,41,50,0,0,10,6,4,0.0,0,False,False,True
GPUS,2.857,23,31,43,0,0,10,11,2,0.0,0,False,False,True
FISV,2.847,21,38,47,0,0,10,4,7,0.0,0,False,False,True
WU,2.836,16,33,40,0,0,10,4,2,0.0,0,False,False,True
KEP,2.778,11,18,22,0,0,6,2,3,0.0,0,False,False,True
FSM,2.756,10,21,25,0,0,6,3,1,0.0,0,False,False,True
KDP,2.711,18,34,42,0,0,10,2,6,0.0,0,False,False,True
LUMN,2.68,22,39,49,0,0,10,9,3,0.0,0,False,False,True
AGI,2.655,24,33,43,0,0,10,10,4,-12.5,0,False,False,True
NPO,2.653,14,21,27,0,0,9,4,1,0.0,0,False,False,True
ZETA,2.65,17,35,43,0,0,10,4,3,0.0,0,False,False,True
PCG,2.629,18,30,38,0,0,10,6,2,0.0,0,False,False,True
ESAB,2.619,16,28,35,0,0,9,6,1,0.0,0,False,False,True
BSX,2.611,27,43,56,0,0,10,12,5,0.0,0,False,False,True
QBTS,2.608,31,46,62,0,0,10,8,13,0.0,0,False,False,True
CRCL,2.571,25,41,53,0,0,10,2,13,0.0,0,False,False,True
PTEN,2.562,23,37,48,0,0,10,12,1,0.0,0,False,False,True
TE,2.551,24,33,47,0,0,10,10,4,0.0,0,False,False,True
HMY,2.548,10,15,19,0,0,5,2,3,0.0,0,False,False,True
PINS,2.548,18,44,54,0,0,10,4,4,0.0,0,False,False,True
MDLN,2.5,6,12,14,0,0,0,0,6,0.0,0,False,False,True
KNF,2.5,8,21,25,0,0,2,6,0,0.0,0,False,False,True
AYA,2.482,19,31,38,0,0,9,10,0,-13.7,0,False,False,True
CDE,2.482,24,38,50,0,0,10,7,7,0.0,0,False,False,True
USAR,2.455,21,31,42,0,0,10,0,11,0.0,0,False,False,True
FIG,2.447,16,33,41,0,0,10,2,4,0.0,0,False,False,True
TME,2.429,11,22,27,0,0,5,2,4,0.0,0,False,False,True
RIG,2.429,23,35,47,0,0,10,12,1,0.0,0,False,False,True
JOBY,2.408,20,37,47,0,0,10,7,3,0.0,0,False,False,True
ERO,2.396,7,21,25,0,0,3,3,1,0.0,0,False,False,True
BMNR,2.371,37,52,76,0,0,10,14,13,0.0,0,False,False,True
MPWR,2.371,19,39,49,0,0,10,5,4,0.0,0,False,False,True
KLAC,2.367,25,41,54,0,0,10,8,7,0.0,0,False,False,True
DVN,2.346,28,53,68,0,0,10,10,8,0.0,0,False,False,True
WULF,2.333,18,31,40,0,0,10,4,4,0.0,0,False,False,True
QS,2.333,14,28,35,0,0,9,2,3,0.0,0,False,False,True
SMR,2.333,23,42,54,0,0,10,8,5,0.0,0,False,False,True
CAG,2.323,21,26,51,0,0,10,5,6,0.0,0,False,False,True
RIVN,2.238,24,43,56,0,0,10,6,8,0.0,0,False,False,True
EMBJ,2.235,19,34,44,0,0,10,3,6,0.0,0,False,False,True
AG,2.214,19,25,37,0,0,10,9,0,-6.8,0,False,False,True
NFLX,2.214,22,41,53,0,0,10,0,12,0.0,0,False,False,True
RF,2.214,16,21,33,0,0,10,5,1,0.0,0,False,False,True
FCX,2.177,20,38,49,0,0,10,5,5,0.0,0,False,False,True
DOCN,2.175,17,29,38,0,0,10,3,4,0.0,0,False,False,True
PAAS,2.175,17,29,38,0,0,10,4,3,0.0,0,False,False,True
HAL,2.175,17,29,38,0,0,10,3,4,0.0,0,False,False,True
KLAR,2.145,15,24,32,0,0,10,1,4,0.0,0,False,False,True
DAL,2.144,26,42,57,0,0,10,8,8,0.0,0,False,False,True
OPEN,2.087,26,35,57,0,0,10,14,2,0.0,0,False,False,True
GFI,2.071,10,16,21,0,0,8,1,1,0.0,0,False,False,True
MARA,2.028,20,41,53,0,0,10,2,8,0.0,0,False,False,True
WFC,2.025,26,35,58,0,0,10,4,12,0.0,0,False,False,True
FTAI,2.018,16,29,38,0,0,10,4,2,0.0,0,False,False,True
CGAU,2.016,10,29,36,0,0,9,0,1,0.0,0,False,False,True
VICI,2.0,22,38,51,0,0,10,4,8,0.0,0,False,False,True
NKE,1.969,26,35,59,0,0,10,4,12,0.0,0,False,False,True
CVNA,1.967,14,27,35,0,0,10,3,1,0.0,0,False,False,True
RGTI,1.965,25,39,55,0,0,10,6,9,0.0,0,False,False,True
BB,1.962,30,39,61,0,0,10,12,8,-13.1,0,False,False,True
DNN,1.961,13,18,27,0,0,10,2,1,0.0,0,False,False,True
UPST,1.952,18,37,48,0,0,10,2,6,0.0,0,False,False,True
RCL,1.94,16,35,45,0,0,10,3,3,0.0,0,False,False,True
DHT,1.94,16,35,45,0,0,7,5,4,0.0,0,False,False,True
CCL,1.919,22,31,48,0,0,10,7,5,0.0,0,False,False,True
PBR,1.868,29,41,65,0,0,10,11,8,0.0,0,False,False,True
EQX,1.807,19,34,46,0,0,10,8,1,0.0,0,False,False,True
GRND,1.8,13,26,34,0,0,7,4,2,0.0,0,False,False,True
BTQ,1.8,6,12,15,0,0,4,1,1,0.0,0,False,False,True
CRSP,1.736,11,17,24,0,0,0,5,6,0.0,0,False,False,True
CLF,1.722,18,25,41,0,0,10,4,4,0.0,0,False,False,True
OMAB,1.667,6,16,20,0,0,4,2,0,0.0,0,False,False,True
EQPT,1.635,19,34,47,0,0,9,10,0,0.0,0,False,False,True
BKNG,1.595,20,37,51,0,0,10,4,6,0.0,0,False,False,True
NEM,1.579,24,39,57,0,0,10,7,7,0.0,0,False,False,True
GRAB,1.562,18,30,43,0,0,10,5,3,0.0,0,False,False,True
OXY,1.455,19,43,58,0,0,10,3,6,0.0,0,False,False,True
SSRM,1.416,16,31,43,0,0,10,2,4,0.0,0,False,False,True
EGO,1.4,17,25,41,0,0,10,7,0,0.0,0,False,False,True
VG,1.386,23,43,61,0,0,10,4,9,0.0,0,False,False,True
COF,1.381,6,25,32,0,0,0,2,4,0.0,0,False,False,True
MOS,1.375,20,34,50,0,0,10,5,5,0.0,0,False,False,True
EOSE,1.365,18,35,49,0,0,10,5,3,0.0,0,False,False,True
CTM,1.35,12,23,32,0,0,4,7,1,0.0,0,False,False,True
KEY,1.329,16,24,39,0,0,10,5,1,0.0,0,False,False,True
TSEM,1.311,18,30,45,0,0,10,8,0,0.0,0,False,False,True
ACI,1.278,15,19,37,0,0,10,4,1,-12.1,0,False,False,True
BBD,1.25,9,19,26,0,0,6,3,0,0.0,0,False,False,True
OGC,1.25,9,19,26,0,0,4,5,0,0.0,0,False,False,True
SNAP,1.222,19,38,54,0,0,10,1,8,0.0,0,False,False,True
TTD,1.162,21,36,55,0,0,10,3,8,0.0,0,False,False,True
ESE,1.137,16,29,43,0,0,10,5,1,0.0,0,False,False,True
SLB,1.133,15,30,43,0,0,10,2,3,0.0,0,False,False,True
NCLH,1.122,20,36,54,0,0,10,6,4,0.0,0,False,False,True
KMI,1.121,18,33,49,0,0,10,5,3,0.0,0,False,False,True
BTG,1.118,17,34,49,0,0,8,9,0,0.0,0,False,False,True
IMCC,1.067,8,12,20,0,0,3,4,1,0.0,0,False,False,True
AU,1.062,14,28,37,0,0,10,2,2,-13.3,0,False,False,True
QXO,1.056,14,21,37,0,0,10,0,4,0.0,0,False,False,True
SCHW,1.054,25,39,67,0,0,10,9,6,0.0,0,False,False,True
XNDU,1.035,19,34,52,0,0,10,6,3,0.0,0,False,False,True
WPM,1.0,12,23,34,0,0,10,2,0,0.0,0,False,False,True
AGNC,0.951,17,32,42,0,0,10,2,5,-20.0,0,False,False,True
LCID,0.918,20,38,58,0,0,10,5,5,0.0,0,False,False,True
KB,0.905,7,25,34,0,0,0,7,0,0.0,0,False,False,True
NG,0.881,12,22,34,0,0,5,6,1,0.0,0,False,False,True
PAC,0.8,7,20,28,0,0,4,2,1,0.0,0,False,False,True
ARIS,0.771,5,19,26,0,0,2,2,1,0.0,0,False,False,True
AXTI,0.715,21,37,51,0,0,10,8,3,-20.0,0,False,False,True
HRI,0.697,13,22,38,0,0,10,2,1,0.0,0,False,False,True
PSNY,0.636,8,16,25,0,0,5,1,2,0.0,0,False,False,True
OR,0.561,6,21,30,0,0,2,4,0,0.0,0,False,False,True
BEAM,0.502,13,20,28,0,0,7,3,3,-27.3,0,False,False,True
BPTRX,0.333,3,7,11,0,0,2,0,1,0.0,0,False,False,True
PLBL,0.143,3,6,11,0,0,0,3,0,0.0,0,False,False,True
FRMI,0.113,11,28,47,0,0,7,1,3,0.0,0,False,False,True
NAK,0.018,4,7,16,0,0,1,3,0,0.0,0,False,False,True
ABT,-0.169,18,30,56,0,0,10,5,3,-14.8,0,False,False,True
AEHR,-1.371,8,15,37,0,0,7,1,0,-23.8,0,False,False,True
