symbol,entry_time,exit_time,entry,exit,pnl,slack,tier,result
NVDA,2026-01-01 00:54:00+00:00,2026-01-02 09:00:00+00:00,186.42,187.91136,160.0,1.9836501404687796,core,win
NVDA,2026-01-02 09:24:00+00:00,2026-01-02 12:01:00+00:00,190.01,189.62998,-40.0,1.2081644403146232,core,loss
NVDA,2026-01-02 12:09:00+00:00,2026-01-02 13:05:00+00:00,189.49,189.11102,-40.0,2.0,core,loss
NVDA,2026-01-02 13:24:00+00:00,2026-01-02 14:22:00+00:00,189.16,188.78168,-40.0,1.4063327616517958,core,loss
NVDA,2026-01-02 14:27:00+00:00,2026-01-02 14:34:00+00:00,189.48,190.99584,160.0,1.7693929866036442,core,win
NVDA,2026-01-02 15:12:00+00:00,2026-01-02 15:21:00+00:00,191.04,190.65792,-40.0,1.4240040787230024,core,loss
NVDA,2026-01-02 16:34:00+00:00,2026-01-02 16:48:00+00:00,189.9399,189.5600202,-40.0,1.2874011988074725,core,loss
NVDA,2026-01-02 17:06:00+00:00,2026-01-02 18:50:00+00:00,189.38,189.00124,-40.0,1.6620713620568885,core,loss
NVDA,2026-01-02 19:26:00+00:00,2026-01-02 19:58:00+00:00,189.12,188.74176,-40.0,1.2766336225760806,core,loss
NVDA,2026-01-02 20:19:00+00:00,2026-01-02 20:32:00+00:00,189.1843,188.80593140000002,-40.0,1.52785675506971,core,loss
NVDA,2026-01-02 20:33:00+00:00,2026-01-02 21:04:00+00:00,188.89,188.51221999999999,-40.0,1.5436788533783197,core,loss
NVDA,2026-01-02 21:32:00+00:00,2026-01-05 09:20:00+00:00,188.76,190.27007999999998,160.0,1.3668607930031946,core,win
NVDA,2026-01-05 09:23:00+00:00,2026-01-05 12:56:00+00:00,190.26,191.78207999999998,160.0,1.3178447304881076,core,win
NVDA,2026-01-05 12:57:00+00:00,2026-01-05 13:01:00+00:00,191.77,191.38646,-40.0,1.3084681661234367,core,loss
NVDA,2026-01-05 13:02:00+00:00,2026-01-05 14:31:00+00:00,191.65,193.1832,160.0,1.9613879467779802,core,win
NVDA,2026-01-05 14:36:00+00:00,2026-01-05 14:39:00+00:00,191.95,191.56609999999998,-40.0,1.7065093006147838,core,loss
NVDA,2026-01-05 14:40:00+00:00,2026-01-05 14:42:00+00:00,190.78,190.39844,-40.0,1.3393582561616517,core,loss
NVDA,2026-01-05 15:16:00+00:00,2026-01-05 15:35:00+00:00,190.1314,189.75113720000002,-40.0,1.3822439595888372,core,loss
NVDA,2026-01-05 15:55:00+00:00,2026-01-05 16:57:00+00:00,189.9757,189.59574859999998,-40.0,1.368805727028853,core,loss
NVDA,2026-01-05 17:37:00+00:00,2026-01-05 18:10:00+00:00,187.88,187.50423999999998,-40.0,1.1766310633213513,core,loss
NVDA,2026-01-05 18:25:00+00:00,2026-01-05 19:06:00+00:00,187.61,187.23478,-40.0,1.3280886089327464,core,loss
NVDA,2026-01-05 19:45:00+00:00,2026-01-05 20:47:00+00:00,186.5032,187.9952256,160.0,1.570887447653168,core,win
NVDA,2026-01-05 20:54:00+00:00,2026-01-05 21:48:00+00:00,187.77,187.39446,-40.0,1.3698179191911466,core,loss
NVDA,2026-01-05 22:08:00+00:00,2026-01-05 22:14:00+00:00,187.4492,188.9487936,160.0,1.5200961543507925,core,win
NVDA,2026-01-05 22:40:00+00:00,2026-01-05 22:44:00+00:00,188.11,187.73378000000002,-40.0,1.2186271935688102,core,loss
NVDA,2026-01-05 23:05:00+00:00,2026-01-06 09:43:00+00:00,187.5,189.0,160.0,1.978666666666668,core,win
NVDA,2026-01-06 10:05:00+00:00,2026-01-06 14:37:00+00:00,189.12,190.63296,160.0,1.684479539673002,core,win
NVDA,2026-01-06 14:40:00+00:00,2026-01-06 14:47:00+00:00,189.45,190.9656,160.0,1.8595880537493565,core,win
NVDA,2026-01-06 15:33:00+00:00,2026-01-06 15:36:00+00:00,191.153,190.770694,-40.0,1.3593008719886044,core,loss
NVDA,2026-01-06 16:29:00+00:00,2026-01-06 18:29:00+00:00,188.59,188.21282,-40.0,1.4945592600987423,core,loss
NVDA,2026-01-06 19:01:00+00:00,2026-01-06 20:04:00+00:00,187.925,187.54915,-40.0,1.3350699534793342,core,loss
NVDA,2026-01-06 20:47:00+00:00,2026-01-07 10:44:00+00:00,187.49,187.11502000000002,-40.0,1.6246952915791009,core,loss
NVDA,2026-01-07 11:08:00+00:00,2026-01-07 14:52:00+00:00,187.3,188.79840000000002,160.0,1.406422601051558,core,win
NVDA,2026-01-07 15:39:00+00:00,2026-01-07 15:43:00+00:00,189.215,188.83657,-40.0,1.9719895357133403,core,loss
NVDA,2026-01-07 16:12:00+00:00,2026-01-07 16:23:00+00:00,190.05,189.6699,-40.0,1.3856126795710801,core,loss
NVDA,2026-01-07 16:31:00+00:00,2026-01-07 16:36:00+00:00,189.92,189.54016,-40.0,1.388916093866082,core,loss
NVDA,2026-01-07 16:43:00+00:00,2026-01-07 18:44:00+00:00,189.8902,189.5104196,-40.0,1.2411405485555849,core,loss
NVDA,2026-01-07 18:49:00+00:00,2026-01-07 19:25:00+00:00,189.7301,189.35063979999998,-40.0,1.2553528560718297,core,loss
NVDA,2026-01-07 19:33:00+00:00,2026-01-07 20:12:00+00:00,189.548,189.168904,-40.0,1.6591946072794095,core,loss
NVDA,2026-01-07 20:33:00+00:00,2026-01-08 14:31:00+00:00,189.145,188.76671000000002,-40.0,1.3174450873919623,core,loss
NVDA,2026-01-08 15:30:00+00:00,2026-01-08 15:36:00+00:00,186.3166,185.9439668,-40.0,1.3154922241115155,core,loss
NVDA,2026-01-08 17:27:00+00:00,2026-01-08 17:31:00+00:00,184.4599,184.09098020000002,-40.0,1.384911162103408,core,loss
NVDA,2026-01-08 18:04:00+00:00,2026-01-08 19:09:00+00:00,184.45,184.0811,-40.0,1.2311077739693321,core,loss
NVDA,2026-01-08 19:40:00+00:00,2026-01-09 11:42:00+00:00,184.445,185.92056,160.0,1.2197022312100103,core,win
NVDA,2026-01-09 11:46:00+00:00,2026-01-09 12:10:00+00:00,186.0,185.628,-40.0,1.9612903225806437,core,loss
NVDA,2026-01-09 12:23:00+00:00,2026-01-09 14:22:00+00:00,185.62,185.24876,-40.0,1.203157438135912,core,loss
NVDA,2026-01-09 14:38:00+00:00,2026-01-09 14:48:00+00:00,185.31,184.93938,-40.0,1.7318087328821499,core,loss
NVDA,2026-01-09 15:13:00+00:00,2026-01-09 15:21:00+00:00,184.76,184.39048,-40.0,1.4260858153389895,core,loss
NVDA,2026-01-09 15:30:00+00:00,2026-01-09 15:42:00+00:00,185.13,184.75974,-40.0,1.2305463551839744,core,loss
NVDA,2026-01-09 15:45:00+00:00,2026-01-09 19:08:00+00:00,184.5,185.976,160.0,1.3164353348263114,core,win
NVDA,2026-01-09 19:35:00+00:00,2026-01-09 20:30:00+00:00,185.885,185.51323,-40.0,1.4090847931410062,core,loss
NVDA,2026-01-09 20:48:00+00:00,2026-01-09 20:52:00+00:00,185.425,185.05415000000002,-40.0,1.4136950987110668,core,loss
NVDA,2026-01-09 21:22:00+00:00,2026-01-12 09:00:00+00:00,184.97,184.60005999999998,-40.0,1.9848624101205616,core,loss
NVDA,2026-01-12 09:24:00+00:00,2026-01-12 14:30:00+00:00,182.59,184.05072,160.0,1.2301930962019634,core,win
NVDA,2026-01-12 15:22:00+00:00,2026-01-12 15:30:00+00:00,184.84,184.47032000000002,-40.0,1.263223211494589,core,loss
NVDA,2026-01-12 15:31:00+00:00,2026-01-12 15:36:00+00:00,184.3401,183.9714198,-40.0,1.3306168797192117,core,loss
NVDA,2026-01-12 15:58:00+00:00,2026-01-12 17:16:00+00:00,184.525,186.0012,160.0,1.1745883857252184,core,win
NVDA,2026-01-12 17:46:00+00:00,2026-01-12 20:35:00+00:00,186.1301,185.7578398,-40.0,1.2576899312285326,core,loss
NVDA,2026-01-12 20:47:00+00:00,2026-01-12 20:50:00+00:00,185.6994,185.3280012,-40.0,1.3399163017750166,core,loss
NVDA,2026-01-12 21:26:00+00:00,2026-01-12 23:47:00+00:00,185.11,184.73978000000002,-40.0,1.7402945414915196,core,loss
NVDA,2026-01-12 23:50:00+00:00,2026-01-13 14:31:00+00:00,184.7532,184.3836936,-40.0,1.4310627464550816,core,loss
NVDA,2026-01-13 15:22:00+00:00,2026-01-13 15:41:00+00:00,184.0799,183.7117402,-40.0,1.2525605659851737,core,loss
NVDA,2026-01-13 15:44:00+00:00,2026-01-13 16:23:00+00:00,184.11,185.58288000000002,160.0,1.2910621298166571,core,win
NVDA,2026-01-13 16:29:00+00:00,2026-01-13 16:45:00+00:00,185.23,186.71184,160.0,1.2204545247441587,core,win
NVDA,2026-01-13 17:15:00+00:00,2026-01-13 17:25:00+00:00,186.8499,186.4762002,-40.0,1.251951671043727,core,loss
NVDA,2026-01-13 18:14:00+00:00,2026-01-13 18:43:00+00:00,185.275,184.90445,-40.0,1.3506285105659623,core,loss
NVDA,2026-01-13 19:00:00+00:00,2026-01-13 19:34:00+00:00,184.835,184.46533,-40.0,1.2366549223344077,core,loss
NVDA,2026-01-13 19:51:00+00:00,2026-01-14 10:49:00+00:00,184.525,184.15595000000002,-40.0,1.348174572719134,core,loss
NVDA,2026-01-14 10:58:00+00:00,2026-01-14 14:30:00+00:00,184.24,183.87152,-40.0,1.9826313504125057,core,loss
NVDA,2026-01-14 15:13:00+00:00,2026-01-14 15:47:00+00:00,181.93,181.56614000000002,-40.0,1.1612325084874886,core,loss
NVDA,2026-01-14 16:25:00+00:00,2026-01-14 20:00:00+00:00,181.655,181.29169,-40.0,1.2099043102692992,core,loss
NVDA,2026-01-14 20:02:00+00:00,2026-01-14 20:59:00+00:00,181.695,183.14856,160.0,1.9323041360521773,core,win
NVDA,2026-01-14 21:49:00+00:00,2026-01-14 21:54:00+00:00,183.12,182.75376,-40.0,1.9879860200961104,core,loss
NVDA,2026-01-14 22:00:00+00:00,2026-01-15 09:00:00+00:00,182.8,184.2624,160.0,1.6509426039047934,core,win
NVDA,2026-01-15 09:50:00+00:00,2026-01-15 12:25:00+00:00,185.27,184.89946,-40.0,1.3531043550563677,core,loss
NVDA,2026-01-15 12:40:00+00:00,2026-01-15 14:30:00+00:00,185.13,186.61104,160.0,1.283421205291626,core,win
NVDA,2026-01-15 15:07:00+00:00,2026-01-15 15:25:00+00:00,187.9299,187.5540402,-40.0,1.3648446168955528,core,loss
NVDA,2026-01-15 15:28:00+00:00,2026-01-15 15:46:00+00:00,187.535,187.15993,-40.0,1.3915879791797694,core,loss
NVDA,2026-01-15 16:08:00+00:00,2026-01-15 16:26:00+00:00,187.9765,187.60054699999998,-40.0,1.1923097713950357,core,loss
NVDA,2026-01-15 16:39:00+00:00,2026-01-15 18:35:00+00:00,187.795,189.29736,160.0,1.313463415515527,core,win
NVDA,2026-01-15 19:00:00+00:00,2026-01-15 19:05:00+00:00,189.35,188.97129999999999,-40.0,1.5209880990542795,core,loss
NVDA,2026-01-15 19:40:00+00:00,2026-01-15 19:56:00+00:00,188.93,188.55214,-40.0,1.2085454462015535,core,loss
NVDA,2026-01-15 20:46:00+00:00,2026-01-15 20:50:00+00:00,187.35,186.9753,-40.0,1.2078501771124244,core,loss
NVDA,2026-01-15 20:59:00+00:00,2026-01-16 09:02:00+00:00,187.14,188.63711999999998,160.0,1.9316020091909814,core,win
NVDA,2026-01-16 09:20:00+00:00,2026-01-16 13:39:00+00:00,188.47,188.09306,-40.0,1.2604452442447602,core,loss
NVDA,2026-01-16 13:40:00+00:00,2026-01-16 14:35:00+00:00,187.99,189.49392,160.0,1.996808340869195,core,win
NVDA,2026-01-16 14:56:00+00:00,2026-01-16 15:00:00+00:00,189.45,189.0711,-40.0,1.415561819963015,core,loss
NVDA,2026-01-16 15:02:00+00:00,2026-01-16 15:18:00+00:00,188.86,188.48228,-40.0,1.363113581968537,core,loss
NVDA,2026-01-16 16:00:00+00:00,2026-01-16 16:04:00+00:00,188.02,187.64396000000002,-40.0,1.9063929369216015,core,loss
AAPL,2026-01-02 09:58:00+00:00,2026-01-02 14:25:00+00:00,273.34,272.79332,-40.0,1.9978049315870365,core,loss
AAPL,2026-01-02 14:30:00+00:00,2026-01-02 14:42:00+00:00,272.66,274.84128000000004,160.0,1.9552556297219972,core,win
AAPL,2026-01-02 15:22:00+00:00,2026-01-02 15:30:00+00:00,273.92,273.37216,-40.0,1.5254243998850454,core,loss
AAPL,2026-01-02 16:34:00+00:00,2026-01-02 16:41:00+00:00,270.89,270.34821999999997,-40.0,1.2432159866524575,core,loss
AAPL,2026-01-02 17:26:00+00:00,2026-01-02 18:49:00+00:00,269.99,269.45002,-40.0,1.3012148549686016,core,loss
AAPL,2026-01-02 19:03:00+00:00,2026-01-05 14:33:00+00:00,269.6,269.06080000000003,-40.0,1.211855464303017,core,loss
AAPL,2026-01-05 15:00:00+00:00,2026-01-05 15:43:00+00:00,269.69,269.15062,-40.0,1.8820868404464401,core,loss
AAPL,2026-01-05 16:08:00+00:00,2026-01-05 16:34:00+00:00,269.02,268.48195999999996,-40.0,1.2415963549296625,core,loss
AAPL,2026-01-05 16:51:00+00:00,2026-01-05 17:06:00+00:00,268.51,267.97298,-40.0,1.2640903606381628,core,loss
AAPL,2026-01-05 18:00:00+00:00,2026-01-05 19:15:00+00:00,267.5,266.965,-40.0,1.7273309014312974,core,loss
AAPL,2026-01-05 19:16:00+00:00,2026-01-05 19:24:00+00:00,266.945,266.41111,-40.0,1.5462314711988798,core,loss
AAPL,2026-01-05 19:57:00+00:00,2026-01-06 14:32:00+00:00,266.44,265.90712,-40.0,1.2087816053512808,core,loss
AAPL,2026-01-06 16:25:00+00:00,2026-01-07 09:00:00+00:00,262.59,262.06482,-40.0,1.526484407796927,core,loss
AAPL,2026-01-07 09:49:00+00:00,2026-01-07 16:28:00+00:00,261.62,261.09676,-40.0,1.314346412929277,core,loss
AAPL,2026-01-07 16:31:00+00:00,2026-01-07 20:33:00+00:00,261.43,260.90714,-40.0,1.3079733696866855,core,loss
AAPL,2026-01-07 20:53:00+00:00,2026-01-07 20:54:00+00:00,260.515,259.99397,-40.0,1.3568450945859685,core,loss
AAPL,2026-01-07 21:23:00+00:00,2026-01-08 09:00:00+00:00,260.49,259.96902,-40.0,1.6903395110406194,core,loss
AAPL,2026-01-08 09:44:00+00:00,2026-01-08 11:30:00+00:00,259.06,258.54188,-40.0,1.9428684471505386,core,loss
AAPL,2026-01-08 11:56:00+00:00,2026-01-08 12:19:00+00:00,257.68,257.16464,-40.0,1.4265470409800263,core,loss
AAPL,2026-01-08 12:22:00+00:00,2026-01-08 14:42:00+00:00,256.96,256.44608,-40.0,1.9929950186799477,core,loss
AAPL,2026-01-08 15:11:00+00:00,2026-01-08 16:19:00+00:00,256.63,256.11674,-40.0,1.2903012220933074,core,loss
AAPL,2026-01-08 16:25:00+00:00,2026-01-08 16:48:00+00:00,256.38,258.43104,160.0,1.202861447514726,core,win
AAPL,2026-01-08 17:13:00+00:00,2026-01-08 19:16:00+00:00,257.15,256.6357,-40.0,1.4707690148804442,core,loss
AAPL,2026-01-08 19:24:00+00:00,2026-01-08 20:53:00+00:00,256.74,258.79392,160.0,1.4038539124741138,core,win
AAPL,2026-01-08 21:43:00+00:00,2026-01-08 23:00:00+00:00,259.69,259.17062,-40.0,1.5218012820473141,core,loss
AAPL,2026-01-08 23:07:00+00:00,2026-01-09 12:40:00+00:00,259.4887,258.9697226,-40.0,1.6118284542523904,core,loss
AAPL,2026-01-09 12:46:00+00:00,2026-01-09 13:12:00+00:00,259.15,258.63169999999997,-40.0,1.8605097862670703,core,loss
AAPL,2026-01-09 13:22:00+00:00,2026-01-09 14:36:00+00:00,258.8,258.2824,-40.0,1.2879003417724273,core,loss
AAPL,2026-01-09 15:16:00+00:00,2026-01-09 15:27:00+00:00,258.28,257.76343999999995,-40.0,1.272793444391945,core,loss
AAPL,2026-01-09 16:03:00+00:00,2026-01-09 16:22:00+00:00,258.1101,257.59387979999997,-40.0,1.210627896444453,core,loss
AAPL,2026-01-09 16:46:00+00:00,2026-01-09 18:34:00+00:00,257.07,259.12656,160.0,1.262328227556809,core,win
AAPL,2026-01-09 18:51:00+00:00,2026-01-12 09:00:00+00:00,259.37,258.85126,-40.0,1.2817319607674444,core,loss
AAPL,2026-01-12 09:32:00+00:00,2026-01-12 11:17:00+00:00,257.45,259.5096,160.0,1.4800314821220704,core,win
AAPL,2026-01-12 11:22:00+00:00,2026-01-12 13:01:00+00:00,259.4,258.8812,-40.0,1.7378038657761672,core,loss
AAPL,2026-01-12 13:30:00+00:00,2026-01-12 14:24:00+00:00,258.9614,258.4434772,-40.0,1.2443666991182851,core,loss
AAPL,2026-01-12 14:25:00+00:00,2026-01-12 14:36:00+00:00,258.52,258.00296,-40.0,1.8260759599563385,core,loss
AAPL,2026-01-12 14:55:00+00:00,2026-01-12 15:27:00+00:00,258.35,260.4168,160.0,1.7290487043672313,core,win
AAPL,2026-01-12 16:04:00+00:00,2026-01-13 09:43:00+00:00,259.65,259.1307,-40.0,1.3716624468601972,core,loss
AAPL,2026-01-13 09:48:00+00:00,2026-01-13 14:28:00+00:00,259.13,258.61174,-40.0,1.5894558283792197,core,loss
AAPL,2026-01-13 14:30:00+00:00,2026-01-13 14:39:00+00:00,259.26,261.33408,160.0,1.9838000462855834,core,win
AAPL,2026-01-13 15:00:00+00:00,2026-01-13 15:02:00+00:00,259.9184,259.3985632,-40.0,1.9862726147898715,core,loss
AAPL,2026-01-13 15:26:00+00:00,2026-01-13 15:48:00+00:00,260.17,259.64966000000004,-40.0,1.741349000561349,core,loss
AAPL,2026-01-13 15:49:00+00:00,2026-01-13 20:10:00+00:00,259.6001,259.0808998,-40.0,1.4474095118040793,core,loss
AAPL,2026-01-13 20:29:00+00:00,2026-01-13 21:02:00+00:00,259.02,261.09216,160.0,1.280803652010887,core,win
AAPL,2026-01-13 21:25:00+00:00,2026-01-14 09:20:00+00:00,261.02,260.49796,-40.0,1.584564907507645,core,loss
AAPL,2026-01-14 09:31:00+00:00,2026-01-14 10:20:00+00:00,260.57,260.04886,-40.0,1.9938596154584194,core,loss
AAPL,2026-01-14 10:21:00+00:00,2026-01-14 12:01:00+00:00,260.03,259.50994,-40.0,1.50553996861477,core,loss
AAPL,2026-01-14 12:13:00+00:00,2026-01-14 14:28:00+00:00,259.93,259.41014,-40.0,1.9692224829761833,core,loss
AAPL,2026-01-14 14:29:00+00:00,2026-01-14 14:34:00+00:00,259.4,261.4752,160.0,1.6871429832511418,core,win
AAPL,2026-01-14 15:11:00+00:00,2026-01-14 15:31:00+00:00,259.96,259.44007999999997,-40.0,1.2190673337765294,core,loss
AAPL,2026-01-14 16:26:00+00:00,2026-01-14 16:35:00+00:00,258.64,258.12271999999996,-40.0,1.5985335213733634,core,loss
AAPL,2026-01-14 17:13:00+00:00,2026-01-14 17:18:00+00:00,257.5775,257.062345,-40.0,1.3498010319519242,core,loss
AAPL,2026-01-14 17:48:00+00:00,2026-01-14 18:13:00+00:00,257.65,257.13469999999995,-40.0,1.3248004496694867,core,loss
AAPL,2026-01-14 18:17:00+00:00,2026-01-14 20:06:00+00:00,257.05,259.1064,160.0,1.7275173091609692,core,win
AAPL,2026-01-14 20:50:00+00:00,2026-01-14 20:52:00+00:00,259.325,258.80635,-40.0,1.4343293038386342,core,loss
AAPL,2026-01-14 20:54:00+00:00,2026-01-15 17:35:00+00:00,259.11,258.59178,-40.0,1.5199796597551132,core,loss
AAPL,2026-01-15 17:57:00+00:00,2026-01-15 19:06:00+00:00,259.13,258.61174,-40.0,1.2250753259262284,core,loss
AAPL,2026-01-15 19:23:00+00:00,2026-01-15 19:38:00+00:00,258.5,257.983,-40.0,1.2181147563181831,core,loss
AAPL,2026-01-15 19:48:00+00:00,2026-01-15 20:14:00+00:00,257.96,257.44408,-40.0,1.206217492274128,core,loss
AAPL,2026-01-15 20:15:00+00:00,2026-01-16 14:57:00+00:00,257.455,256.94009,-40.0,1.6777395803850617,core,loss
AAPL,2026-01-16 15:36:00+00:00,2026-01-16 17:28:00+00:00,256.425,255.91215,-40.0,1.5713821866684168,core,loss
AAPL,2026-01-16 18:00:00+00:00,2026-01-20 09:00:00+00:00,255.22,254.70956,-40.0,1.380035198117157,core,loss
AAPL,2026-01-20 09:22:00+00:00,2026-01-20 09:27:00+00:00,251.8,251.2964,-40.0,1.321261640765443,core,loss
AAPL,2026-01-20 09:30:00+00:00,2026-01-20 14:30:00+00:00,251.46,253.47168000000002,160.0,1.9801161218484054,core,win
AAPL,2026-01-20 15:22:00+00:00,2026-01-20 15:56:00+00:00,251.57,251.06686,-40.0,1.4923583671027558,core,loss
AAPL,2026-01-20 16:01:00+00:00,2026-01-20 16:16:00+00:00,252.06,251.55588,-40.0,1.2819150686205543,core,loss
AAPL,2026-01-20 16:50:00+00:00,2026-01-20 16:53:00+00:00,251.065,250.56287,-40.0,1.385941538337888,core,loss
AAPL,2026-01-20 17:04:00+00:00,2026-01-20 17:18:00+00:00,251.05,250.5479,-40.0,1.9565823541127252,core,loss
AAPL,2026-01-20 17:26:00+00:00,2026-01-20 17:31:00+00:00,250.825,250.32334999999998,-40.0,1.9759194657629826,core,loss
AAPL,2026-01-20 17:40:00+00:00,2026-01-20 17:46:00+00:00,250.641,250.139718,-40.0,1.9688079763486432,core,loss
AAPL,2026-01-20 17:57:00+00:00,2026-01-20 18:12:00+00:00,250.24,249.73952,-40.0,1.6921437170505518,core,loss
AAPL,2026-01-20 18:55:00+00:00,2026-01-20 19:18:00+00:00,248.445,247.94810999999999,-40.0,1.209013990332678,core,loss
AAPL,2026-01-20 19:38:00+00:00,2026-01-20 19:51:00+00:00,247.8001,247.30449979999997,-40.0,1.808703315193929,core,loss
AAPL,2026-01-20 20:19:00+00:00,2026-01-20 20:21:00+00:00,246.671,246.17765799999998,-40.0,1.2390083764571662,core,loss
AAPL,2026-01-20 20:54:00+00:00,2026-01-20 21:19:00+00:00,244.95,246.90959999999998,160.0,1.5571635536482837,core,win
AAPL,2026-01-20 21:32:00+00:00,2026-01-21 09:49:00+00:00,246.7,246.20659999999998,-40.0,1.999189298743414,core,loss
AAPL,2026-01-21 10:28:00+00:00,2026-01-21 11:38:00+00:00,245.9,245.4082,-40.0,1.9603343574111218,core,loss
AAPL,2026-01-21 11:59:00+00:00,2026-01-21 13:00:00+00:00,245.17,247.13136,160.0,1.9779744666965793,core,win
AAPL,2026-01-21 13:24:00+00:00,2026-01-21 14:29:00+00:00,246.68,248.65344000000002,160.0,1.9902707961731796,core,win
AAPL,2026-01-21 14:31:00+00:00,2026-01-21 14:32:00+00:00,247.96,247.46408,-40.0,1.9620987256009037,core,loss
AAPL,2026-01-21 14:33:00+00:00,2026-01-21 14:41:00+00:00,246.69,246.19662,-40.0,1.9545162249130705,core,loss
AAPL,2026-01-21 14:53:00+00:00,2026-01-21 15:07:00+00:00,247.07,246.57586,-40.0,1.2455542125481074,core,loss
AAPL,2026-01-21 16:05:00+00:00,2026-01-21 16:20:00+00:00,247.61,247.11478000000002,-40.0,1.9773837890230628,core,loss
AAPL,2026-01-21 16:26:00+00:00,2026-01-21 16:34:00+00:00,247.33,246.83534,-40.0,1.2526021193714705,core,loss
AAPL,2026-01-21 16:57:00+00:00,2026-01-21 17:05:00+00:00,245.99,245.49802,-40.0,1.3472059283275617,core,loss
AAPL,2026-01-21 17:20:00+00:00,2026-01-21 19:34:00+00:00,245.762,247.728096,160.0,1.9534508996508815,core,win
AAPL,2026-01-21 20:15:00+00:00,2026-01-21 20:19:00+00:00,249.79,249.29041999999998,-40.0,1.315683337290862,core,loss
AAPL,2026-01-21 20:20:00+00:00,2026-01-21 20:29:00+00:00,248.97,248.47206,-40.0,1.6648462480304713,core,loss
AAPL,2026-01-21 21:03:00+00:00,2026-01-22 09:00:00+00:00,247.741,249.72292800000002,160.0,1.3273396274732414,core,win
AAPL,2026-01-22 09:29:00+00:00,2026-01-22 12:02:00+00:00,249.61,249.11078,-40.0,1.3622411581595901,core,loss
AAPL,2026-01-22 12:21:00+00:00,2026-01-22 14:49:00+00:00,249.21,248.71158,-40.0,1.2230581174217123,core,loss
AAPL,2026-01-22 15:23:00+00:00,2026-01-22 15:24:00+00:00,249.87,249.37026,-40.0,1.227248547938147,core,loss
AAPL,2026-01-22 15:27:00+00:00,2026-01-22 15:50:00+00:00,249.87,249.37026,-40.0,1.264871604427698,core,loss
META,2026-01-02 10:07:00+00:00,2026-01-02 12:09:00+00:00,665.33,663.9993400000001,-40.0,1.5958512184658011,core,loss
META,2026-01-02 12:21:00+00:00,2026-01-02 13:03:00+00:00,663.99,662.66202,-40.0,1.9879516257774974,core,loss
META,2026-01-02 13:09:00+00:00,2026-01-02 14:27:00+00:00,663.57,662.2428600000001,-40.0,1.9828201998282005,core,loss
META,2026-01-02 14:30:00+00:00,2026-01-02 14:32:00+00:00,663.91,662.58218,-40.0,1.9584281001943036,core,loss
META,2026-01-02 15:33:00+00:00,2026-01-02 15:49:00+00:00,656.19,654.8776200000001,-40.0,1.3259336448122518,core,loss
META,2026-01-02 16:47:00+00:00,2026-01-02 19:24:00+00:00,646.98,652.15584,160.0,1.2149902654141724,core,win
META,2026-01-02 19:58:00+00:00,2026-01-02 21:53:00+00:00,650.96,649.65808,-40.0,1.4268109012101902,core,loss
META,2026-01-02 21:54:00+00:00,2026-01-05 10:51:00+00:00,649.6,648.3008,-40.0,2.0,core,loss
META,2026-01-05 11:16:00+00:00,2026-01-05 14:34:00+00:00,647.4,652.5792,160.0,1.6245325530824948,core,win
META,2026-01-05 15:58:00+00:00,2026-01-05 19:42:00+00:00,660.95,659.6281,-40.0,1.3715916343788046,core,loss
META,2026-01-05 19:50:00+00:00,2026-01-05 20:55:00+00:00,660.23,658.90954,-40.0,1.4072690751269294,core,loss
META,2026-01-05 21:44:00+00:00,2026-01-06 09:27:00+00:00,658.79,657.4724199999999,-40.0,1.9790525053507206,core,loss
META,2026-01-06 10:05:00+00:00,2026-01-06 11:27:00+00:00,657.75,656.4345,-40.0,1.992398327632079,core,loss
META,2026-01-06 11:34:00+00:00,2026-01-06 14:42:00+00:00,656.3,654.9874,-40.0,1.4975192173520928,core,loss
META,2026-01-06 15:04:00+00:00,2026-01-06 15:11:00+00:00,656.4164,655.1035671999999,-40.0,1.4152994327231774,core,loss
META,2026-01-06 15:23:00+00:00,2026-01-06 16:04:00+00:00,657.3,655.9853999999999,-40.0,1.862489944133717,core,loss
META,2026-01-06 16:12:00+00:00,2026-01-06 16:16:00+00:00,657.07,655.7558600000001,-40.0,1.3510874474817622,core,loss
META,2026-01-06 16:50:00+00:00,2026-01-06 18:18:00+00:00,653.59,658.81872,160.0,1.963885616364999,core,win
META,2026-01-06 18:37:00+00:00,2026-01-06 19:05:00+00:00,659.6,664.8768,160.0,1.8619108603762429,core,win
META,2026-01-06 19:25:00+00:00,2026-01-06 20:39:00+00:00,660.82,659.49836,-40.0,1.22253460539261,core,loss
META,2026-01-06 20:41:00+00:00,2026-01-07 09:00:00+00:00,659.905,658.58519,-40.0,1.364386149122822,core,loss
META,2026-01-07 09:35:00+00:00,2026-01-07 14:28:00+00:00,657.08,655.76584,-40.0,1.24503754425384,core,loss
META,2026-01-07 14:30:00+00:00,2026-01-07 14:38:00+00:00,657.78,656.46444,-40.0,1.9230745842074868,core,loss
META,2026-01-07 16:00:00+00:00,2026-01-07 16:28:00+00:00,650.0325,648.732435,-40.0,1.2980349632053314,core,loss
META,2026-01-07 17:21:00+00:00,2026-01-07 17:34:00+00:00,653.52,652.21296,-40.0,1.5928864130660787,core,loss
META,2026-01-07 17:35:00+00:00,2026-01-07 20:13:00+00:00,650.8,649.4984,-40.0,1.971419791026427,core,loss
META,2026-01-07 20:19:00+00:00,2026-01-07 20:34:00+00:00,649.85,648.5503,-40.0,1.1904151382497294,core,loss
META,2026-01-07 20:39:00+00:00,2026-01-08 09:00:00+00:00,648.785,647.48743,-40.0,1.3070939841746805,core,loss
META,2026-01-08 10:31:00+00:00,2026-01-08 14:30:00+00:00,645.91,644.6181799999999,-40.0,1.5851798791230547,core,loss
META,2026-01-08 15:08:00+00:00,2026-01-08 20:34:00+00:00,641.0199,646.1480592,160.0,1.4389755737947894,core,win
META,2026-01-08 20:50:00+00:00,2026-01-09 00:00:00+00:00,645.86,644.56828,-40.0,1.190594352780348,core,loss
META,2026-01-09 00:21:00+00:00,2026-01-09 14:37:00+00:00,644.33,649.48464,160.0,1.9934816010429426,core,win
META,2026-01-09 16:45:00+00:00,2026-01-12 09:00:00+00:00,651.84,650.53632,-40.0,1.8420200656899421,core,loss
META,2026-01-12 09:24:00+00:00,2026-01-12 14:08:00+00:00,646.08,651.24864,160.0,1.598452707174271,core,win
META,2026-01-12 14:37:00+00:00,2026-01-12 14:41:00+00:00,649.73,648.4305400000001,-40.0,1.7970961733325639,core,loss
META,2026-01-12 14:42:00+00:00,2026-01-12 14:58:00+00:00,649.595,648.2958100000001,-40.0,1.4623104505667974,core,loss
META,2026-01-12 15:24:00+00:00,2026-01-12 15:33:00+00:00,648.43,647.1331399999999,-40.0,1.3333688907802084,core,loss
META,2026-01-12 16:06:00+00:00,2026-01-12 18:04:00+00:00,648.7105,647.413079,-40.0,1.763757128511248,core,loss
META,2026-01-12 18:07:00+00:00,2026-01-12 18:32:00+00:00,648.1,646.8038,-40.0,1.4745353905620795,core,loss
META,2026-01-12 18:44:00+00:00,2026-01-12 20:41:00+00:00,646.75,645.4565,-40.0,1.4389784021841936,core,loss
META,2026-01-12 21:25:00+00:00,2026-01-13 09:43:00+00:00,643.07,641.78386,-40.0,1.3771484872530846,core,loss
META,2026-01-13 10:15:00+00:00,2026-01-13 14:30:00+00:00,641.95,640.6661,-40.0,1.9775683464444263,core,loss
META,2026-01-13 16:01:00+00:00,2026-01-13 16:05:00+00:00,627.3,626.0454,-40.0,1.3066805578994165,core,loss
META,2026-01-13 16:27:00+00:00,2026-01-13 20:56:00+00:00,625.595,630.5997600000001,160.0,1.4177273443009193,core,win
META,2026-01-13 21:38:00+00:00,2026-01-14 09:00:00+00:00,630.92,629.65816,-40.0,1.999683002599379,core,loss
META,2026-01-14 10:09:00+00:00,2026-01-14 10:22:00+00:00,628.25,626.9935,-40.0,1.4816553163814075,core,loss
META,2026-01-14 10:40:00+00:00,2026-01-14 11:12:00+00:00,627.0,625.746,-40.0,1.9681020733652315,core,loss
META,2026-01-14 11:20:00+00:00,2026-01-14 14:32:00+00:00,626.2,624.9476000000001,-40.0,1.3133693891344533,core,loss
META,2026-01-14 14:33:00+00:00,2026-01-14 14:36:00+00:00,626.805,625.55139,-40.0,1.9513405285535381,core,loss
META,2026-01-14 15:40:00+00:00,2026-01-14 15:43:00+00:00,620.8088,619.5671824,-40.0,1.4235638891403344,core,loss
META,2026-01-14 16:19:00+00:00,2026-01-14 16:46:00+00:00,620.56,619.3188799999999,-40.0,1.492374387890005,core,loss
META,2026-01-14 17:03:00+00:00,2026-01-14 17:16:00+00:00,618.415,617.1781699999999,-40.0,1.4104434444500333,core,loss
META,2026-01-14 17:40:00+00:00,2026-01-14 23:38:00+00:00,616.3,615.0673999999999,-40.0,1.2040290121381336,core,loss
META,2026-01-14 23:45:00+00:00,2026-01-15 15:30:00+00:00,615.1,620.0208,160.0,1.3975248274549195,core,win
META,2026-01-15 15:57:00+00:00,2026-01-15 18:57:00+00:00,619.09,624.04272,160.0,1.1906657091307213,core,win
META,2026-01-15 19:06:00+00:00,2026-01-15 19:26:00+00:00,622.1605,620.9161789999999,-40.0,1.2448336009514844,core,loss
META,2026-01-15 19:50:00+00:00,2026-01-15 20:00:00+00:00,620.21,618.9695800000001,-40.0,1.406482918357863,core,loss
META,2026-01-15 20:02:00+00:00,2026-01-15 20:19:00+00:00,618.99,617.75202,-40.0,1.3626711428990956,core,loss
META,2026-01-15 20:31:00+00:00,2026-01-16 14:29:00+00:00,618.7675,623.7176400000001,160.0,1.2294486349834233,core,win
META,2026-01-16 15:19:00+00:00,2026-01-16 15:30:00+00:00,625.1,623.8498000000001,-40.0,1.6250339354371919,core,loss
META,2026-01-16 16:04:00+00:00,2026-01-16 20:50:00+00:00,622.63,621.38474,-40.0,1.9749449914074177,core,loss
META,2026-01-16 20:53:00+00:00,2026-01-16 21:17:00+00:00,621.49,620.24702,-40.0,1.983266021979437,core,loss
META,2026-01-16 21:19:00+00:00,2026-01-20 09:00:00+00:00,620.19,618.9496200000001,-40.0,1.546391964604051,core,loss
META,2026-01-20 10:04:00+00:00,2026-01-20 12:13:00+00:00,602.3,607.1184,160.0,1.9684542586750813,core,win
META,2026-01-20 12:30:00+00:00,2026-01-20 14:30:00+00:00,606.0,604.788,-40.0,1.6698314272564327,core,loss
META,2026-01-20 14:35:00+00:00,2026-01-20 14:36:00+00:00,607.02,605.80596,-40.0,1.831807319670651,core,loss
META,2026-01-20 15:07:00+00:00,2026-01-20 17:49:00+00:00,607.53,606.31494,-40.0,1.2167128418229667,core,loss
META,2026-01-20 17:53:00+00:00,2026-01-20 19:10:00+00:00,606.155,604.94269,-40.0,1.9955456937581975,core,loss
META,2026-01-20 19:13:00+00:00,2026-01-20 20:05:00+00:00,604.82,603.61036,-40.0,1.915691535450846,core,loss
META,2026-01-20 20:08:00+00:00,2026-01-21 14:31:00+00:00,604.0499,602.8418002,-40.0,1.636373609942667,core,loss
META,2026-01-21 14:32:00+00:00,2026-01-21 15:23:00+00:00,602.2,607.0176,160.0,1.990036532713382,core,win
META,2026-01-21 16:04:00+00:00,2026-01-21 16:36:00+00:00,613.1,611.8738000000001,-40.0,1.431596683069982,core,loss
META,2026-01-21 16:37:00+00:00,2026-01-21 16:39:00+00:00,611.0,609.778,-40.0,1.3441129537673475,core,loss
META,2026-01-21 17:01:00+00:00,2026-01-21 17:13:00+00:00,609.605,608.38579,-40.0,1.4499639589074886,core,loss
META,2026-01-21 17:23:00+00:00,2026-01-21 18:02:00+00:00,609.485,608.26603,-40.0,1.2132629567735056,core,loss
META,2026-01-21 18:45:00+00:00,2026-01-21 19:28:00+00:00,607.93,612.7934399999999,160.0,1.2322246811169295,core,win
META,2026-01-21 20:13:00+00:00,2026-01-21 20:18:00+00:00,615.81,614.5783799999999,-40.0,1.6493991371344678,core,loss
META,2026-01-21 20:20:00+00:00,2026-01-21 20:30:00+00:00,614.5335,613.304433,-40.0,1.3010846622913264,core,loss
META,2026-01-21 20:36:00+00:00,2026-01-21 20:55:00+00:00,614.51,613.28098,-40.0,1.7239880151128655,core,loss
META,2026-01-21 21:00:00+00:00,2026-01-22 09:01:00+00:00,614.0,618.912,160.0,1.9418566775244313,core,win
META,2026-01-22 10:14:00+00:00,2026-01-22 11:34:00+00:00,617.71,622.65168,160.0,1.9818685143513963,core,win
META,2026-01-22 12:00:00+00:00,2026-01-22 12:50:00+00:00,621.9,626.8752,160.0,1.9807042932947412,core,win
META,2026-01-22 13:39:00+00:00,2026-01-22 14:05:00+00:00,630.1,628.8398,-40.0,1.4752708024374257,core,loss
META,2026-01-22 14:25:00+00:00,2026-01-22 14:30:00+00:00,628.7,627.4426000000001,-40.0,1.7804070020225928,core,loss
META,2026-01-22 14:32:00+00:00,2026-01-22 14:44:00+00:00,630.2699,635.3120592,160.0,1.8962381037076337,core,win
META,2026-01-22 18:21:00+00:00,2026-01-22 18:44:00+00:00,646.8,645.5064,-40.0,1.5955981938910087,core,loss
GOOGL,2026-01-02 10:09:00+00:00,2026-01-02 11:24:00+00:00,317.44,316.80512,-40.0,1.4255248382408106,core,loss
GOOGL,2026-01-02 11:54:00+00:00,2026-01-02 13:00:00+00:00,316.66,316.02668,-40.0,1.9968420387797632,core,loss
GOOGL,2026-01-02 13:01:00+00:00,2026-01-02 14:18:00+00:00,316.5,315.867,-40.0,1.9879936808846765,core,loss
GOOGL,2026-01-02 14:26:00+00:00,2026-01-02 14:30:00+00:00,315.97,318.49776,160.0,1.982909769914863,core,win
GOOGL,2026-01-02 16:59:00+00:00,2026-01-02 18:21:00+00:00,311.704,314.197632,160.0,1.5484912009979714,core,win
GOOGL,2026-01-02 18:32:00+00:00,2026-01-05 14:21:00+00:00,313.87,316.38096,160.0,1.605407945230643,core,win
GOOGL,2026-01-05 14:23:00+00:00,2026-01-05 14:30:00+00:00,316.24,318.76992,160.0,1.9759676195294715,core,win
GOOGL,2026-01-05 14:32:00+00:00,2026-01-05 14:40:00+00:00,316.73,316.09654,-40.0,1.960218482619266,core,loss
GOOGL,2026-01-05 15:00:00+00:00,2026-01-05 16:41:00+00:00,316.47,315.83706,-40.0,1.190372342089157,core,loss
GOOGL,2026-01-05 17:57:00+00:00,2026-01-06 14:30:00+00:00,315.8886,318.4157088,160.0,1.289280470993615,core,win
GOOGL,2026-01-06 15:49:00+00:00,2026-01-06 15:55:00+00:00,314.51,313.88097999999997,-40.0,1.1951896277639116,core,loss
GOOGL,2026-01-06 17:11:00+00:00,2026-01-07 13:52:00+00:00,313.14,315.64511999999996,160.0,1.2600696632482433,core,win
GOOGL,2026-01-07 14:17:00+00:00,2026-01-07 14:28:00+00:00,315.39,314.75921999999997,-40.0,1.824809769639982,core,loss
GOOGL,2026-01-07 14:29:00+00:00,2026-01-07 14:35:00+00:00,314.37,316.88496000000004,160.0,1.8333275114054821,core,win
GOOGL,2026-01-07 15:31:00+00:00,2026-01-07 15:39:00+00:00,319.556,318.916888,-40.0,1.2223924810209694,core,loss
GOOGL,2026-01-07 16:06:00+00:00,2026-01-07 16:34:00+00:00,320.185,319.54463,-40.0,1.2463994086113015,core,loss
GOOGL,2026-01-07 16:45:00+00:00,2026-01-07 18:30:00+00:00,319.765,322.32311999999996,160.0,1.2723242804349273,core,win
GOOGL,2026-01-07 19:15:00+00:00,2026-01-07 19:27:00+00:00,322.685,322.03963,-40.0,1.5201854973153306,core,loss
GOOGL,2026-01-07 19:59:00+00:00,2026-01-07 20:31:00+00:00,322.2243,321.57985140000005,-40.0,1.3432442439709702,core,loss
GOOGL,2026-01-07 20:48:00+00:00,2026-01-08 09:55:00+00:00,321.33,323.90064,160.0,1.6379493157427605,core,win
GOOGL,2026-01-08 10:09:00+00:00,2026-01-08 13:00:00+00:00,323.98,323.33204,-40.0,1.869124307922193,core,loss
GOOGL,2026-01-08 13:01:00+00:00,2026-01-08 13:20:00+00:00,324.59,327.18672,160.0,1.3027733538735806,core,win
GOOGL,2026-01-08 13:38:00+00:00,2026-01-08 14:31:00+00:00,327.07,326.41586,-40.0,1.980432323355857,core,loss
GOOGL,2026-01-08 14:32:00+00:00,2026-01-08 14:36:00+00:00,325.99,325.33802000000003,-40.0,1.989570232215711,core,loss
GOOGL,2026-01-08 15:12:00+00:00,2026-01-08 15:36:00+00:00,325.225,324.57455000000004,-40.0,1.34534810737175,core,loss
GOOGL,2026-01-08 16:18:00+00:00,2026-01-08 16:27:00+00:00,327.38,326.72524,-40.0,1.985949050033599,core,loss
GOOGL,2026-01-08 16:30:00+00:00,2026-01-08 16:36:00+00:00,325.69,325.03862,-40.0,1.4268816997206926,core,loss
GOOGL,2026-01-08 16:56:00+00:00,2026-01-08 18:08:00+00:00,326.87,326.21626,-40.0,1.1261650236110832,core,loss
GOOGL,2026-01-08 18:18:00+00:00,2026-01-08 18:55:00+00:00,326.4,325.74719999999996,-40.0,1.4531028339852694,core,loss
GOOGL,2026-01-08 18:56:00+00:00,2026-01-08 19:36:00+00:00,325.6696,325.0182608,-40.0,1.701081987592281,core,loss
GOOGL,2026-01-08 19:52:00+00:00,2026-01-09 09:35:00+00:00,324.83,327.42864,160.0,1.4131183720304137,core,win
GOOGL,2026-01-09 10:55:00+00:00,2026-01-09 12:32:00+00:00,328.3,327.6434,-40.0,1.5268975254681736,core,loss
GOOGL,2026-01-09 13:01:00+00:00,2026-01-09 14:29:00+00:00,327.67,327.01466,-40.0,1.21279158183843,core,loss
GOOGL,2026-01-09 14:34:00+00:00,2026-01-09 16:21:00+00:00,327.77,330.39216,160.0,1.5813543455236856,core,win
GOOGL,2026-01-09 16:30:00+00:00,2026-01-09 17:45:00+00:00,329.885,329.22523,-40.0,1.7257041179186174,core,loss
GOOGL,2026-01-09 18:04:00+00:00,2026-01-12 09:00:00+00:00,328.5464,327.8893072,-40.0,1.2096259459497531,core,loss
GOOGL,2026-01-12 09:25:00+00:00,2026-01-12 14:34:00+00:00,325.21,327.81167999999997,160.0,1.467160534801004,core,win
GOOGL,2026-01-12 15:00:00+00:00,2026-01-12 15:04:00+00:00,326.4,325.74719999999996,-40.0,1.2732639764634426,core,loss
GOOGL,2026-01-12 15:19:00+00:00,2026-01-12 15:23:00+00:00,327.59,330.21072,160.0,1.8662962849903846,core,win
GOOGL,2026-01-12 16:08:00+00:00,2026-01-12 19:35:00+00:00,328.3,330.9264,160.0,1.253789160864901,core,win
GOOGL,2026-01-12 19:55:00+00:00,2026-01-12 20:23:00+00:00,331.2081,330.5456838,-40.0,1.4675623259933561,core,loss
GOOGL,2026-01-12 20:29:00+00:00,2026-01-13 09:03:00+00:00,330.8,333.44640000000004,160.0,1.1989608875295281,core,win
GOOGL,2026-01-13 09:37:00+00:00,2026-01-13 10:14:00+00:00,334.43,333.76114,-40.0,1.617960327930145,core,loss
GOOGL,2026-01-13 10:15:00+00:00,2026-01-13 14:31:00+00:00,333.7,336.3696,160.0,1.524578182177767,core,win
GOOGL,2026-01-13 15:02:00+00:00,2026-01-13 15:24:00+00:00,337.26,336.58548,-40.0,1.5367612406069928,core,loss
GOOGL,2026-01-13 15:47:00+00:00,2026-01-13 16:12:00+00:00,335.26,337.94208,160.0,1.2137155573228142,core,win
GOOGL,2026-01-13 17:25:00+00:00,2026-01-13 17:44:00+00:00,339.3,338.6214,-40.0,1.3984827516796514,core,loss
GOOGL,2026-01-13 18:03:00+00:00,2026-01-13 18:44:00+00:00,338.08,337.40384,-40.0,1.9727875059157607,core,loss
GOOGL,2026-01-13 19:16:00+00:00,2026-01-13 20:10:00+00:00,336.685,336.01163,-40.0,1.7567005268834521,core,loss
GOOGL,2026-01-13 20:28:00+00:00,2026-01-13 20:43:00+00:00,335.82,335.14835999999997,-40.0,1.2110350744295109,core,loss
GOOGL,2026-01-13 20:44:00+00:00,2026-01-14 09:22:00+00:00,335.2199,337.9016592,160.0,1.2546738517458322,core,win
GOOGL,2026-01-14 09:30:00+00:00,2026-01-14 10:19:00+00:00,337.41,336.73518,-40.0,1.269292101131141,core,loss
GOOGL,2026-01-14 11:12:00+00:00,2026-01-14 11:41:00+00:00,335.66,334.98868000000004,-40.0,1.417517851955631,core,loss
GOOGL,2026-01-14 12:15:00+00:00,2026-01-14 13:45:00+00:00,334.9,334.23019999999997,-40.0,1.7707393379341136,core,loss
GOOGL,2026-01-14 14:10:00+00:00,2026-01-14 14:31:00+00:00,334.75,334.0805,-40.0,1.9832710978342063,core,loss
GOOGL,2026-01-14 16:04:00+00:00,2026-01-14 16:50:00+00:00,332.48,331.81504,-40.0,1.401222743609914,core,loss
GOOGL,2026-01-14 17:08:00+00:00,2026-01-14 18:52:00+00:00,332.56,335.22048,160.0,1.9344479191724815,core,win
GOOGL,2026-01-14 19:09:00+00:00,2026-01-15 09:27:00+00:00,334.88,337.55904,160.0,1.3992142925637754,core,win
GOOGL,2026-01-15 09:49:00+00:00,2026-01-15 10:44:00+00:00,337.9,337.2242,-40.0,1.2374684469171702,core,loss
GOOGL,2026-01-15 11:04:00+00:00,2026-01-15 14:30:00+00:00,337.65,336.9747,-40.0,1.2193956889725008,core,loss
GOOGL,2026-01-15 15:40:00+00:00,2026-01-15 15:44:00+00:00,333.3698,332.70306039999997,-40.0,1.238999705948359,core,loss
GOOGL,2026-01-15 15:45:00+00:00,2026-01-15 15:48:00+00:00,332.86,332.19428,-40.0,1.1937001612334415,core,loss
GOOGL,2026-01-15 16:40:00+00:00,2026-01-16 11:25:00+00:00,332.12,334.77696000000003,160.0,1.538889196724505,core,win
GOOGL,2026-01-16 11:49:00+00:00,2026-01-16 14:27:00+00:00,334.32,333.65136,-40.0,1.456272564655866,core,loss
GOOGL,2026-01-16 14:28:00+00:00,2026-01-16 14:30:00+00:00,334.83,334.16033999999996,-40.0,1.9862616850341985,core,loss
GOOGL,2026-01-16 15:55:00+00:00,2026-01-16 17:59:00+00:00,329.865,329.20527,-40.0,1.23120542530596,core,loss
GOOGL,2026-01-16 18:03:00+00:00,2026-01-16 18:41:00+00:00,329.48,328.82104000000004,-40.0,1.2498989324986374,core,loss
GOOGL,2026-01-16 18:51:00+00:00,2026-01-20 09:00:00+00:00,329.21,328.55158,-40.0,1.974484371677655,core,loss
GOOGL,2026-01-20 10:11:00+00:00,2026-01-20 11:33:00+00:00,318.51,321.05808,160.0,1.9064393582619066,core,win
GOOGL,2026-01-20 11:34:00+00:00,2026-01-20 13:02:00+00:00,320.59,323.15472,160.0,1.4484659446043087,core,win
GOOGL,2026-01-20 13:30:00+00:00,2026-01-20 14:19:00+00:00,321.1,320.4578,-40.0,1.9844285269386486,core,loss
GOOGL,2026-01-20 14:23:00+00:00,2026-01-20 14:26:00+00:00,320.6963,320.0549074,-40.0,1.3492132078273438,core,loss
GOOGL,2026-01-20 14:28:00+00:00,2026-01-20 14:32:00+00:00,320.51,323.07408,160.0,1.9712957474025785,core,win
GOOGL,2026-01-20 15:50:00+00:00,2026-01-20 16:29:00+00:00,324.53,327.12624,160.0,1.2582768837370235,core,win
GOOGL,2026-01-20 16:47:00+00:00,2026-01-20 17:43:00+00:00,326.425,325.77215,-40.0,1.5426548835340976,core,loss
GOOGL,2026-01-20 18:33:00+00:00,2026-01-20 18:53:00+00:00,324.57,323.92086,-40.0,1.2572199106281479,core,loss
GOOGL,2026-01-20 18:55:00+00:00,2026-01-20 19:17:00+00:00,324.14,323.49172,-40.0,1.9987659653236267,core,loss
GOOGL,2026-01-20 20:01:00+00:00,2026-01-20 20:14:00+00:00,323.23,322.58354,-40.0,1.1858825183509476,core,loss
GOOGL,2026-01-20 20:35:00+00:00,2026-01-20 20:39:00+00:00,322.16,321.51568000000003,-40.0,1.3109127299795078,core,loss
GOOGL,2026-01-20 20:52:00+00:00,2026-01-20 21:01:00+00:00,321.63,320.98674,-40.0,1.3477288847773758,core,loss
GOOGL,2026-01-20 21:25:00+00:00,2026-01-20 23:52:00+00:00,320.98,320.33804000000003,-40.0,1.9931459904043858,core,loss
GOOGL,2026-01-20 23:54:00+00:00,2026-01-21 11:49:00+00:00,320.34,319.69932,-40.0,1.5888491631649793,core,loss
GOOGL,2026-01-21 12:27:00+00:00,2026-01-21 12:46:00+00:00,319.0,318.362,-40.0,1.2300826777334013,core,loss
GOOGL,2026-01-21 12:56:00+00:00,2026-01-21 13:00:00+00:00,318.77,321.32016,160.0,1.5836775205392166,core,win
GOOGL,2026-01-21 13:01:00+00:00,2026-01-21 14:13:00+00:00,319.15,321.7032,160.0,1.9454801817327272,core,win
GOOGL,2026-01-21 14:28:00+00:00,2026-01-21 14:33:00+00:00,320.9,320.2582,-40.0,1.9713306325958253,core,loss
GOOGL,2026-01-21 14:34:00+00:00,2026-01-21 14:50:00+00:00,320.51,323.07408,160.0,1.4460250428217238,core,win
GOOGL,2026-01-21 15:22:00+00:00,2026-01-21 15:42:00+00:00,325.515,328.11912,160.0,1.5474180111745328,core,win
GOOGL,2026-01-21 16:40:00+00:00,2026-01-21 16:44:00+00:00,329.16,328.50168,-40.0,1.9987847855146446,core,loss
GOOGL,2026-01-21 17:27:00+00:00,2026-01-21 17:34:00+00:00,327.26,326.60548,-40.0,1.9278860844588397,core,loss
GOOGL,2026-01-21 17:48:00+00:00,2026-01-21 18:37:00+00:00,326.79,326.13642000000004,-40.0,1.7494813063558208,core,loss
GOOGL,2026-01-21 18:47:00+00:00,2026-01-21 19:30:00+00:00,326.43,329.04144,160.0,1.227121546273716,core,win
GOOGL,2026-01-21 20:09:00+00:00,2026-01-21 20:19:00+00:00,329.83,329.17034,-40.0,1.9930267107297694,core,loss
GOOGL,2026-01-21 20:27:00+00:00,2026-01-21 20:36:00+00:00,329.2,328.54159999999996,-40.0,1.9939854191980566,core,loss
GOOGL,2026-01-21 20:49:00+00:00,2026-01-22 09:00:00+00:00,328.445,331.07256,160.0,1.3164377913993184,core,win
GOOGL,2026-01-22 09:28:00+00:00,2026-01-22 13:47:00+00:00,332.73,335.39184,160.0,1.9759564812310262,core,win
GOOGL,2026-01-22 13:51:00+00:00,2026-01-22 14:21:00+00:00,335.13,334.45974,-40.0,1.9612090830424027,core,loss
GOOGL,2026-01-22 14:25:00+00:00,2026-01-22 14:28:00+00:00,334.65,333.98069999999996,-40.0,1.6598767451815146,core,loss
GOOGL,2026-01-22 14:32:00+00:00,2026-01-22 14:33:00+00:00,334.7,334.0306,-40.0,1.9211233940842551,core,loss
GOOGL,2026-01-22 14:35:00+00:00,2026-01-22 14:36:00+00:00,334.31,333.64138,-40.0,1.7132747461201265,core,loss
AMD,2026-01-02 09:58:00+00:00,2026-01-02 13:03:00+00:00,217.9,217.4642,-40.0,1.3179268350754285,core,loss
AMD,2026-01-02 13:26:00+00:00,2026-01-02 14:30:00+00:00,218.0,219.744,160.0,1.845850012830283,core,win
AMD,2026-01-02 15:14:00+00:00,2026-01-02 15:18:00+00:00,224.78,224.33044,-40.0,1.203471243149055,core,loss
AMD,2026-01-02 15:20:00+00:00,2026-01-02 15:22:00+00:00,223.66,223.21268,-40.0,1.2694897189575014,core,loss
AMD,2026-01-02 16:26:00+00:00,2026-01-02 16:51:00+00:00,221.9299,221.4860402,-40.0,1.0907051884839012,core,loss
AMD,2026-01-02 16:52:00+00:00,2026-01-02 17:03:00+00:00,221.07,220.62786,-40.0,1.3441835312445851,core,loss
AMD,2026-01-02 17:12:00+00:00,2026-01-02 17:44:00+00:00,221.245,220.80251,-40.0,1.6349335094773247,core,loss
AMD,2026-01-02 18:18:00+00:00,2026-01-02 19:13:00+00:00,221.2499,223.0198992,160.0,1.6436904794166476,core,win
AMD,2026-01-02 19:45:00+00:00,2026-01-02 20:20:00+00:00,223.155,224.94024,160.0,1.7104744176537625,core,win
AMD,2026-01-02 20:43:00+00:00,2026-01-02 20:46:00+00:00,225.02,224.56996,-40.0,1.2269919135647946,core,loss
AMD,2026-01-02 20:50:00+00:00,2026-01-02 20:51:00+00:00,224.3,223.8514,-40.0,1.5088918035361858,core,loss
AMD,2026-01-02 20:52:00+00:00,2026-01-05 09:00:00+00:00,223.805,225.59544,160.0,1.4325647139390465,core,win
AMD,2026-01-05 09:36:00+00:00,2026-01-05 13:03:00+00:00,228.92,228.46215999999998,-40.0,1.2004326924069098,core,loss
AMD,2026-01-05 13:38:00+00:00,2026-01-05 14:30:00+00:00,229.55,231.3864,160.0,2.0,core,win
AMD,2026-01-05 14:35:00+00:00,2026-01-05 14:40:00+00:00,229.6,229.14079999999998,-40.0,1.9825783972125421,core,loss
AMD,2026-01-05 15:20:00+00:00,2026-01-05 16:06:00+00:00,224.98,224.53003999999999,-40.0,1.4505531827917095,core,loss
AMD,2026-01-05 16:10:00+00:00,2026-01-05 16:41:00+00:00,224.915,224.46517,-40.0,1.2337793928724805,core,loss
AMD,2026-01-05 16:48:00+00:00,2026-01-05 16:52:00+00:00,225.21,224.75958,-40.0,1.4438259025049698,core,loss
AMD,2026-01-05 18:01:00+00:00,2026-01-05 18:11:00+00:00,222.11,221.66578,-40.0,1.3764278942165933,core,loss
AMD,2026-01-05 18:30:00+00:00,2026-01-05 18:36:00+00:00,221.77,221.32646,-40.0,1.184879590300267,core,loss
AMD,2026-01-05 18:42:00+00:00,2026-01-05 19:10:00+00:00,221.62,221.17676,-40.0,1.4718929566762515,core,loss
AMD,2026-01-05 19:23:00+00:00,2026-01-05 19:38:00+00:00,221.3,220.8574,-40.0,1.3471356467284188,core,loss
AMD,2026-01-05 19:51:00+00:00,2026-01-06 12:44:00+00:00,220.95,222.71759999999998,160.0,1.6380496838872851,core,win
AMD,2026-01-06 12:45:00+00:00,2026-01-06 13:00:00+00:00,222.77,222.32446000000002,-40.0,1.5373315029498311,core,loss
AMD,2026-01-06 13:01:00+00:00,2026-01-06 14:27:00+00:00,222.81,222.36438,-40.0,1.9757641039450644,core,loss
AMD,2026-01-06 14:29:00+00:00,2026-01-06 14:32:00+00:00,222.62,222.17476,-40.0,1.9964064324858513,core,loss
AMD,2026-01-06 15:07:00+00:00,2026-01-06 15:08:00+00:00,219.01,218.57198,-40.0,1.708011844653574,core,loss
AMD,2026-01-06 16:09:00+00:00,2026-01-06 16:14:00+00:00,213.15,212.7237,-40.0,1.5382883040132314,core,loss
AMD,2026-01-06 16:20:00+00:00,2026-01-06 16:27:00+00:00,213.275,212.84845,-40.0,1.1536855389143936,core,loss
AMD,2026-01-06 17:06:00+00:00,2026-01-06 17:15:00+00:00,212.91,212.48418,-40.0,1.2607976719267528,core,loss
AMD,2026-01-06 17:39:00+00:00,2026-01-06 17:40:00+00:00,212.4706,212.04565879999998,-40.0,1.9086367713933137,core,loss
AMD,2026-01-06 18:08:00+00:00,2026-01-06 18:51:00+00:00,212.5224,214.2225792,160.0,1.1857711869455332,core,win
AMD,2026-01-06 19:00:00+00:00,2026-01-06 19:02:00+00:00,213.7527,213.3251946,-40.0,1.9866481218716778,core,loss
AMD,2026-01-06 19:03:00+00:00,2026-01-06 19:10:00+00:00,213.07,212.64386,-40.0,1.1898649982277127,core,loss
AMD,2026-01-06 19:38:00+00:00,2026-01-07 10:32:00+00:00,213.587,213.15982599999998,-40.0,1.4488905486438366,core,loss
AMD,2026-01-07 11:21:00+00:00,2026-01-07 13:09:00+00:00,212.8,212.3744,-40.0,1.2062243085053281,core,loss
AMD,2026-01-07 13:31:00+00:00,2026-01-07 14:29:00+00:00,212.44,212.01512,-40.0,1.9783468273394849,core,loss
AMD,2026-01-07 14:53:00+00:00,2026-01-07 15:01:00+00:00,209.0,208.582,-40.0,1.1432840555878954,core,loss
AMD,2026-01-07 15:04:00+00:00,2026-01-07 15:38:00+00:00,209.56,209.14088,-40.0,1.3976527337860076,core,loss
AMD,2026-01-07 15:49:00+00:00,2026-01-07 16:08:00+00:00,210.46,210.03908,-40.0,1.1642433590302848,core,loss
AMD,2026-01-07 16:17:00+00:00,2026-01-07 16:24:00+00:00,210.07,209.64986,-40.0,1.2653993161508144,core,loss
AMD,2026-01-07 16:41:00+00:00,2026-01-07 18:45:00+00:00,210.06,209.63988,-40.0,1.377870740186884,core,loss
AMD,2026-01-07 18:47:00+00:00,2026-01-07 19:09:00+00:00,209.765,209.34546999999998,-40.0,1.2256622765980179,core,loss
AMD,2026-01-07 19:17:00+00:00,2026-01-08 13:14:00+00:00,209.3,210.9744,160.0,1.3010900096517883,core,win
AMD,2026-01-08 13:36:00+00:00,2026-01-08 14:00:00+00:00,211.24,210.81752,-40.0,1.666914096965771,core,loss
AMD,2026-01-08 14:04:00+00:00,2026-01-08 14:21:00+00:00,210.99,210.56802000000002,-40.0,1.9791459310867814,core,loss
AMD,2026-01-08 14:26:00+00:00,2026-01-08 14:27:00+00:00,211.2661,210.8435678,-40.0,1.9170619422614412,core,loss
AMD,2026-01-08 16:21:00+00:00,2026-01-08 16:23:00+00:00,205.2,204.78959999999998,-40.0,1.3851397009837465,core,loss
AMD,2026-01-08 16:45:00+00:00,2026-01-08 17:00:00+00:00,204.77,204.36046000000002,-40.0,1.3265110239260558,core,loss
AMD,2026-01-08 17:01:00+00:00,2026-01-08 18:13:00+00:00,204.525,204.11595,-40.0,1.969206698447623,core,loss
AMD,2026-01-08 18:18:00+00:00,2026-01-08 19:07:00+00:00,204.39,203.98121999999998,-40.0,1.221235885085914,core,loss
AMD,2026-01-08 19:20:00+00:00,2026-01-08 19:24:00+00:00,204.08,203.67184,-40.0,1.3534943359503981,core,loss
AMD,2026-01-08 19:31:00+00:00,2026-01-09 10:08:00+00:00,204.0,205.632,160.0,1.1660195632620576,core,win
AMD,2026-01-09 10:29:00+00:00,2026-01-09 12:20:00+00:00,205.66,205.24868,-40.0,1.4318481680419421,core,loss
AMD,2026-01-09 13:28:00+00:00,2026-01-09 14:32:00+00:00,205.5,205.089,-40.0,1.9698296836982965,core,loss
AMD,2026-01-09 14:33:00+00:00,2026-01-09 14:46:00+00:00,205.84,205.42832,-40.0,1.9290711232024882,core,loss
AMD,2026-01-09 15:27:00+00:00,2026-01-09 16:08:00+00:00,205.36,207.00288,160.0,1.219786358038525,core,win
AMD,2026-01-09 16:31:00+00:00,2026-01-09 17:17:00+00:00,206.82,206.40636,-40.0,1.3603736292601094,core,loss
AMD,2026-01-09 17:36:00+00:00,2026-01-09 18:04:00+00:00,205.9696,205.5576608,-40.0,1.4929830569315983,core,loss
AMD,2026-01-09 18:35:00+00:00,2026-01-09 19:00:00+00:00,205.41,204.99918,-40.0,1.2109341656554302,core,loss
AMD,2026-01-09 19:19:00+00:00,2026-01-09 19:51:00+00:00,204.82,204.41036,-40.0,1.3209712685055834,core,loss
AMD,2026-01-09 19:53:00+00:00,2026-01-09 20:32:00+00:00,204.45,204.0411,-40.0,1.3841544394363414,core,loss
AMD,2026-01-09 20:50:00+00:00,2026-01-09 20:54:00+00:00,203.77,203.36246,-40.0,1.2623356069508005,core,loss
AMD,2026-01-09 21:22:00+00:00,2026-01-12 09:00:00+00:00,203.09,202.68382,-40.0,1.9822738687281494,core,loss
AMD,2026-01-12 09:22:00+00:00,2026-01-12 09:31:00+00:00,201.0,200.598,-40.0,1.2362149828442017,core,loss
AMD,2026-01-12 10:06:00+00:00,2026-01-12 13:47:00+00:00,200.64,202.24512,160.0,1.5458750455246826,core,win
AMD,2026-01-12 14:16:00+00:00,2026-01-12 14:26:00+00:00,201.53,201.12694,-40.0,1.585409387115107,core,loss
AMD,2026-01-12 14:31:00+00:00,2026-01-12 14:35:00+00:00,202.155,203.77224,160.0,1.8956246444559859,core,win
AMD,2026-01-12 15:43:00+00:00,2026-01-12 17:29:00+00:00,207.29,208.94832,160.0,1.5138397214556576,core,win
AMD,2026-01-12 18:19:00+00:00,2026-01-12 18:26:00+00:00,209.31,208.89138,-40.0,1.2758668556588788,core,loss
AMD,2026-01-12 18:35:00+00:00,2026-01-12 18:52:00+00:00,209.015,208.59697,-40.0,1.2364173004449022,core,loss
AMD,2026-01-12 19:17:00+00:00,2026-01-12 20:40:00+00:00,208.72,208.30256,-40.0,1.869680979144486,core,loss
AMD,2026-01-12 20:43:00+00:00,2026-01-12 20:56:00+00:00,208.455,208.03809,-40.0,1.2116966734597399,core,loss
AMD,2026-01-12 21:25:00+00:00,2026-01-12 23:47:00+00:00,207.74,207.32452,-40.0,1.6975210432339196,core,loss
AMD,2026-01-13 00:02:00+00:00,2026-01-13 09:00:00+00:00,207.25,208.90800000000002,160.0,1.4183890644305859,core,win
AMD,2026-01-13 09:45:00+00:00,2026-01-13 12:15:00+00:00,210.91,212.59728,160.0,1.8361012850220033,core,win
AMD,2026-01-13 12:50:00+00:00,2026-01-13 13:00:00+00:00,212.62,212.19476,-40.0,1.2562531393687808,core,loss
AMD,2026-01-13 13:01:00+00:00,2026-01-13 13:31:00+00:00,212.59,214.29072,160.0,1.9868291076720435,core,win
AMD,2026-01-13 14:18:00+00:00,2026-01-13 14:25:00+00:00,215.36,214.92928,-40.0,1.2253685523680526,core,loss
AMD,2026-01-13 14:28:00+00:00,2026-01-13 14:30:00+00:00,215.18,216.90144,160.0,1.8330527782508956,core,win
AMD,2026-01-13 15:12:00+00:00,2026-01-13 15:18:00+00:00,219.57,219.13085999999998,-40.0,1.2294824333466634,core,loss
AMD,2026-01-13 15:54:00+00:00,2026-01-13 16:29:00+00:00,218.9271,218.4892458,-40.0,1.3106032296214913,core,loss
AMD,2026-01-13 17:25:00+00:00,2026-01-13 17:52:00+00:00,220.83,220.38834,-40.0,1.2709136177827067,core,loss
AMD,2026-01-13 18:32:00+00:00,2026-01-13 18:49:00+00:00,220.98,220.53804,-40.0,1.578765485556324,core,loss
AMD,2026-01-13 19:04:00+00:00,2026-01-13 20:39:00+00:00,220.929,222.69643200000002,160.0,1.921332192695391,core,win
AMD,2026-01-13 20:48:00+00:00,2026-01-13 20:55:00+00:00,221.94,221.49612,-40.0,1.5944633540078554,core,loss
AMD,2026-01-13 21:25:00+00:00,2026-01-14 09:00:00+00:00,221.2,220.7576,-40.0,1.3004690042927087,core,loss
AMD,2026-01-14 09:38:00+00:00,2026-01-14 10:04:00+00:00,220.1,219.6598,-40.0,1.2530429459129986,core,loss
AMD,2026-01-14 11:23:00+00:00,2026-01-14 12:00:00+00:00,218.49,218.05302,-40.0,1.7994318678824635,core,loss
AMD,2026-01-14 12:43:00+00:00,2026-01-14 13:04:00+00:00,218.65,220.3992,160.0,1.4052125912332794,core,win
AMD,2026-01-14 13:21:00+00:00,2026-01-14 13:30:00+00:00,218.68,218.24264,-40.0,1.9946862996158774,core,loss
AMD,2026-01-14 14:03:00+00:00,2026-01-14 14:19:00+00:00,217.8575,217.421785,-40.0,1.9581319887537718,core,loss
AMD,2026-01-14 14:21:00+00:00,2026-01-14 14:30:00+00:00,217.7,217.2646,-40.0,1.8070391614612702,core,loss
AMD,2026-01-14 17:41:00+00:00,2026-01-14 17:50:00+00:00,221.2575,220.81498499999998,-40.0,1.2645470567882953,core,loss
AMD,2026-01-14 18:02:00+00:00,2026-01-14 19:59:00+00:00,221.3943,220.9515114,-40.0,1.2077320589661986,core,loss
AMD,2026-01-14 20:05:00+00:00,2026-01-14 20:12:00+00:00,222.55,222.10490000000001,-40.0,1.1680582805849535,core,loss
AMD,2026-01-14 20:32:00+00:00,2026-01-15 09:00:00+00:00,222.165,223.94232,160.0,1.9221299484617305,core,win
AMD,2026-01-15 09:52:00+00:00,2026-01-15 13:00:00+00:00,227.31,226.85538,-40.0,1.6347730269781586,core,loss
AMD,2026-01-15 13:01:00+00:00,2026-01-15 13:33:00+00:00,227.95,229.7736,160.0,1.964027198947138,core,win
AMD,2026-01-15 14:01:00+00:00,2026-01-15 14:09:00+00:00,229.76,229.30048,-40.0,1.2534464818758322,core,loss
AMD,2026-01-15 14:10:00+00:00,2026-01-15 14:15:00+00:00,229.6,229.14079999999998,-40.0,1.8431278309893742,core,loss
AMD,2026-01-15 14:16:00+00:00,2026-01-15 14:28:00+00:00,229.0,228.542,-40.0,1.6918263953372423,core,loss
AMD,2026-01-15 15:28:00+00:00,2026-01-15 16:12:00+00:00,235.46,237.34368,160.0,1.2388524023292806,core,win
AMD,2026-01-15 16:25:00+00:00,2026-01-15 16:41:00+00:00,236.68,236.20664,-40.0,1.3046117352986937,core,loss
AMD,2026-01-15 16:50:00+00:00,2026-01-15 17:13:00+00:00,236.46,235.98708000000002,-40.0,1.225359123963535,core,loss
AMD,2026-01-15 17:23:00+00:00,2026-01-15 18:07:00+00:00,236.3676,238.25854080000002,160.0,1.5757528599799817,core,win
AMD,2026-01-15 18:31:00+00:00,2026-01-15 18:37:00+00:00,237.63,237.15474,-40.0,1.2041573933400374,core,loss
AMD,2026-01-15 18:39:00+00:00,2026-01-15 18:47:00+00:00,236.64,236.16672,-40.0,1.5057090917445153,core,loss
AMD,2026-01-15 21:32:00+00:00,2026-01-15 23:32:00+00:00,228.7,230.5296,160.0,1.2790632108837519,core,win
AMD,2026-01-15 23:56:00+00:00,2026-01-16 09:02:00+00:00,230.9606,232.8082848,160.0,1.961846306253102,core,win
AMD,2026-01-16 09:24:00+00:00,2026-01-16 12:00:00+00:00,234.42,233.95116,-40.0,1.5199408049400114,core,loss
AMD,2026-01-16 12:05:00+00:00,2026-01-16 12:25:00+00:00,234.2,233.7316,-40.0,1.9880444064901805,core,loss
AMD,2026-01-16 12:47:00+00:00,2026-01-16 12:51:00+00:00,233.57,233.10286,-40.0,1.986299610395171,core,loss
AMD,2026-01-16 13:00:00+00:00,2026-01-16 13:03:00+00:00,233.49,233.02302,-40.0,1.963167587476979,core,loss
AMD,2026-01-16 13:26:00+00:00,2026-01-16 14:31:00+00:00,233.0439,232.5778122,-40.0,1.197213576628197,core,loss
AMD,2026-01-16 14:50:00+00:00,2026-01-16 14:53:00+00:00,233.37,232.90326000000002,-40.0,1.3833379500846883,core,loss
AMD,2026-01-16 15:30:00+00:00,2026-01-16 15:41:00+00:00,231.56,231.09688,-40.0,1.4210314841702976,core,loss
AMD,2026-01-16 15:55:00+00:00,2026-01-16 16:01:00+00:00,231.71,233.56368,160.0,1.3986874685437598,core,win
AMD,2026-01-16 16:27:00+00:00,2026-01-16 16:46:00+00:00,232.495,232.03001,-40.0,1.9969891825630661,core,loss
AMD,2026-01-16 16:58:00+00:00,2026-01-16 17:00:00+00:00,232.6,232.13479999999998,-40.0,1.7074125217386784,core,loss
AMD,2026-01-16 17:10:00+00:00,2026-01-16 17:29:00+00:00,232.29,234.14831999999998,160.0,1.2425211948721901,core,win
AMD,2026-01-16 17:46:00+00:00,2026-01-16 18:13:00+00:00,232.5571,232.0919858,-40.0,1.9911505604430046,core,loss
AMD,2026-01-16 19:09:00+00:00,2026-01-20 09:00:00+00:00,231.3199,230.85726019999998,-40.0,1.1937920888770814,core,loss
AMD,2026-01-20 10:05:00+00:00,2026-01-20 10:22:00+00:00,222.88,224.66304,160.0,1.1666996710742557,core,win
AMD,2026-01-20 11:29:00+00:00,2026-01-20 12:43:00+00:00,225.93,227.73744000000002,160.0,1.2338174748856734,core,win
AMD,2026-01-20 12:56:00+00:00,2026-01-20 13:02:00+00:00,227.39,226.93522,-40.0,1.9762522538370217,core,loss
AMD,2026-01-20 13:46:00+00:00,2026-01-20 13:54:00+00:00,227.0,226.546,-40.0,1.9207048458149774,core,loss
AMD,2026-01-20 14:11:00+00:00,2026-01-20 14:20:00+00:00,226.81,226.35638,-40.0,1.97267316255897,core,loss
AMD,2026-01-20 16:25:00+00:00,2026-01-20 17:10:00+00:00,237.6,237.1248,-40.0,1.2763644072199856,core,loss
AMD,2026-01-20 18:10:00+00:00,2026-01-20 18:13:00+00:00,235.55,235.0789,-40.0,1.832018000712198,core,loss
AMD,2026-01-20 19:00:00+00:00,2026-01-20 19:09:00+00:00,232.29,231.82541999999998,-40.0,1.3699892889551544,core,loss
AMD,2026-01-20 19:29:00+00:00,2026-01-20 19:32:00+00:00,231.59,231.12682,-40.0,1.3099875562724064,core,loss
AMD,2026-01-20 19:52:00+00:00,2026-01-20 19:56:00+00:00,232.0586,231.5944828,-40.0,1.4352841652113042,core,loss
AMD,2026-01-20 19:57:00+00:00,2026-01-20 20:16:00+00:00,231.615,231.15177,-40.0,1.1809880424607453,core,loss
AMD,2026-01-20 20:20:00+00:00,2026-01-21 09:00:00+00:00,231.442,233.29353600000002,160.0,1.2348163603318858,core,win
AMD,2026-01-21 09:37:00+00:00,2026-01-21 09:46:00+00:00,235.0,234.53,-40.0,1.771638575592447,core,loss
AMD,2026-01-21 09:47:00+00:00,2026-01-21 11:48:00+00:00,234.25,233.7815,-40.0,1.9948772678762006,core,loss
AMD,2026-01-21 12:21:00+00:00,2026-01-21 13:00:00+00:00,233.45,235.3176,160.0,1.9400299850074973,core,win
AMD,2026-01-21 13:22:00+00:00,2026-01-21 14:11:00+00:00,234.4,236.2752,160.0,1.8930820405195399,core,win
AMD,2026-01-21 14:29:00+00:00,2026-01-21 14:30:00+00:00,235.91,237.79728,160.0,1.2245424618162013,core,win
TSLA,2026-01-01 00:51:00+00:00,2026-01-02 09:00:00+00:00,449.38,452.97504,160.0,1.63676306031587,core,win
TSLA,2026-01-02 09:49:00+00:00,2026-01-02 10:09:00+00:00,461.98,461.05604,-40.0,1.967531061950734,core,loss
TSLA,2026-01-02 10:15:00+00:00,2026-01-02 10:51:00+00:00,460.95,460.0281,-40.0,1.323723698688125,core,loss
TSLA,2026-01-02 10:54:00+00:00,2026-01-02 11:54:00+00:00,459.82,458.90036,-40.0,1.4077122980887002,core,loss
TSLA,2026-01-02 11:55:00+00:00,2026-01-02 12:00:00+00:00,458.84,457.92231999999996,-40.0,1.9978205910557052,core,loss
TSLA,2026-01-02 12:31:00+00:00,2026-01-02 14:15:00+00:00,455.96,455.04807999999997,-40.0,1.5952152784926381,core,loss
TSLA,2026-01-02 14:32:00+00:00,2026-01-02 14:33:00+00:00,455.3148,454.4041704,-40.0,1.9694804561591241,core,loss
TSLA,2026-01-02 16:29:00+00:00,2026-01-02 16:45:00+00:00,444.08,443.19183999999996,-40.0,1.6887761394433796,core,loss
TSLA,2026-01-02 17:05:00+00:00,2026-01-02 17:07:00+00:00,442.734,441.848532,-40.0,1.2403759190165435,core,loss
TSLA,2026-01-02 17:12:00+00:00,2026-01-02 17:25:00+00:00,442.44,441.55512,-40.0,1.292732081384804,core,loss
TSLA,2026-01-02 17:30:00+00:00,2026-01-02 17:34:00+00:00,442.37,441.48526,-40.0,1.1775859037148828,core,loss
TSLA,2026-01-02 19:04:00+00:00,2026-01-02 19:40:00+00:00,436.84,440.33472,160.0,1.2431902083093547,core,win
TSLA,2026-01-02 19:58:00+00:00,2026-01-02 20:39:00+00:00,440.015,439.13497,-40.0,1.4757892223638294,core,loss
TSLA,2026-01-02 20:50:00+00:00,2026-01-02 20:52:00+00:00,439.3,438.4214,-40.0,1.3633002276668331,core,loss
TSLA,2026-01-02 20:54:00+00:00,2026-01-05 09:00:00+00:00,438.59,442.09871999999996,160.0,1.5146180662697142,core,win
TSLA,2026-01-05 09:21:00+00:00,2026-01-05 09:46:00+00:00,445.27,444.37946,-40.0,1.310257816092153,core,loss
TSLA,2026-01-05 09:47:00+00:00,2026-01-05 14:28:00+00:00,444.12,447.67296,160.0,1.9343274276510625,core,win
TSLA,2026-01-05 15:25:00+00:00,2026-01-05 17:12:00+00:00,453.35,456.9768,160.0,1.2489193488589723,core,win
TSLA,2026-01-05 17:48:00+00:00,2026-01-05 18:00:00+00:00,455.81,454.89838,-40.0,1.1950938076218618,core,loss
TSLA,2026-01-05 18:23:00+00:00,2026-01-05 20:50:00+00:00,454.6186,453.7093628,-40.0,1.3170871012523073,core,loss
TSLA,2026-01-05 21:19:00+00:00,2026-01-05 21:51:00+00:00,452.15,451.2457,-40.0,1.6628782184911233,core,loss
TSLA,2026-01-05 22:24:00+00:00,2026-01-06 09:08:00+00:00,450.76,449.85848,-40.0,1.9272340047919077,core,loss
TSLA,2026-01-06 09:30:00+00:00,2026-01-06 11:22:00+00:00,450.0,449.1,-40.0,1.223649407056757,core,loss
TSLA,2026-01-06 11:38:00+00:00,2026-01-06 13:00:00+00:00,449.43,453.02544,160.0,1.198791701370961,core,win
TSLA,2026-01-06 13:01:00+00:00,2026-01-06 13:48:00+00:00,449.4,448.5012,-40.0,1.9915442812639075,core,loss
TSLA,2026-01-06 14:23:00+00:00,2026-01-06 14:28:00+00:00,447.55,446.6549,-40.0,1.9902044464305664,core,loss
TSLA,2026-01-06 17:20:00+00:00,2026-01-06 17:37:00+00:00,432.0799,431.2157402,-40.0,1.1741568802514903,core,loss
TSLA,2026-01-06 18:26:00+00:00,2026-01-06 19:23:00+00:00,429.7558,433.19384640000004,160.0,1.3300412097590302,core,win
TSLA,2026-01-06 19:47:00+00:00,2026-01-06 19:50:00+00:00,433.1648,432.2984704,-40.0,1.4553661895054217,core,loss
TSLA,2026-01-06 19:51:00+00:00,2026-01-06 19:58:00+00:00,431.715,430.85157,-40.0,1.3388741804160735,core,loss
TSLA,2026-01-06 20:25:00+00:00,2026-01-06 21:10:00+00:00,430.84,434.28672,160.0,1.344006399703312,core,win
TSLA,2026-01-06 21:32:00+00:00,2026-01-07 09:19:00+00:00,434.306,433.437388,-40.0,1.760767318001004,core,loss
TSLA,2026-01-07 09:31:00+00:00,2026-01-07 10:42:00+00:00,434.55,433.6809,-40.0,1.4556318026488666,core,loss
TSLA,2026-01-07 11:12:00+00:00,2026-01-07 14:27:00+00:00,432.41,435.86928,160.0,1.6360053906055967,core,win
TSLA,2026-01-07 14:40:00+00:00,2026-01-07 14:51:00+00:00,435.47,434.59906,-40.0,1.431091719777906,core,loss
TSLA,2026-01-07 15:31:00+00:00,2026-01-07 20:50:00+00:00,435.0,434.13,-40.0,1.9089655172413784,core,loss
TSLA,2026-01-07 21:26:00+00:00,2026-01-08 09:00:00+00:00,432.095,431.23081,-40.0,1.9386708941320756,core,loss
TSLA,2026-01-08 09:28:00+00:00,2026-01-08 09:31:00+00:00,430.37,429.50926,-40.0,1.597704839052436,core,loss
TSLA,2026-01-08 09:53:00+00:00,2026-01-08 12:33:00+00:00,428.77,427.91245999999995,-40.0,1.9608414556239844,core,loss
TSLA,2026-01-08 12:34:00+00:00,2026-01-08 12:39:00+00:00,427.79,426.93442000000005,-40.0,1.9985974426704705,core,loss
TSLA,2026-01-08 12:52:00+00:00,2026-01-08 14:30:00+00:00,427.84,426.98431999999997,-40.0,1.2240674647408367,core,loss
TSLA,2026-01-08 14:32:00+00:00,2026-01-08 14:41:00+00:00,428.515,427.65797,-40.0,1.9451594459937218,core,loss
TSLA,2026-01-08 15:36:00+00:00,2026-01-08 16:47:00+00:00,432.46,435.91967999999997,160.0,1.4234900629380802,core,win
TSLA,2026-01-08 17:58:00+00:00,2026-01-08 18:12:00+00:00,435.8901,435.01831980000003,-40.0,1.3797786032038917,core,loss
TSLA,2026-01-08 18:20:00+00:00,2026-01-08 18:24:00+00:00,435.3199,434.4492602,-40.0,1.375891548144873,core,loss
TSLA,2026-01-08 18:50:00+00:00,2026-01-08 18:54:00+00:00,434.0186,433.1505628,-40.0,1.273015135981479,core,loss
TSLA,2026-01-08 19:17:00+00:00,2026-01-09 09:37:00+00:00,433.375,436.842,160.0,1.364245904938147,core,win
TSLA,2026-01-09 09:49:00+00:00,2026-01-09 14:28:00+00:00,436.94,436.06612,-40.0,1.9707053600036624,core,loss
TSLA,2026-01-09 16:33:00+00:00,2026-01-09 17:50:00+00:00,442.65,446.1912,160.0,1.2364170906259668,core,win
TSLA,2026-01-09 18:23:00+00:00,2026-01-09 19:24:00+00:00,446.735,445.84153000000003,-40.0,1.9979853828332224,core,loss
TSLA,2026-01-09 19:46:00+00:00,2026-01-09 20:18:00+00:00,445.855,444.96329000000003,-40.0,1.3886518075743226,core,loss
TSLA,2026-01-09 20:20:00+00:00,2026-01-12 09:00:00+00:00,444.83,443.94034,-40.0,1.313904636700189,core,loss
TSLA,2026-01-12 09:31:00+00:00,2026-01-12 14:30:00+00:00,440.26,439.37948,-40.0,1.822634387358892,core,loss
TSLA,2026-01-12 14:32:00+00:00,2026-01-12 14:47:00+00:00,440.6001,444.1249008,160.0,1.9614117200608898,core,win
TSLA,2026-01-12 15:43:00+00:00,2026-01-12 16:37:00+00:00,447.4,450.9792,160.0,1.5921341157118187,core,win
TSLA,2026-01-12 17:41:00+00:00,2026-01-12 18:03:00+00:00,452.725,451.81955000000005,-40.0,1.2968161240007634,core,loss
TSLA,2026-01-12 18:09:00+00:00,2026-01-12 18:12:00+00:00,451.955,451.05109,-40.0,1.4609118992202133,core,loss
TSLA,2026-01-12 18:29:00+00:00,2026-01-12 19:52:00+00:00,450.82,449.91836,-40.0,1.3459811007529578,core,loss
TSLA,2026-01-12 19:55:00+00:00,2026-01-12 20:36:00+00:00,450.9413,450.0394174,-40.0,1.2966920382658873,core,loss
TSLA,2026-01-12 20:44:00+00:00,2026-01-12 20:49:00+00:00,450.3501,449.4493998,-40.0,1.2693793601381997,core,loss
TSLA,2026-01-12 21:20:00+00:00,2026-01-12 21:54:00+00:00,449.3,448.4014,-40.0,1.9786334297796564,core,loss
TSLA,2026-01-12 21:56:00+00:00,2026-01-13 00:04:00+00:00,448.5201,447.6230598,-40.0,1.7449489403671028,core,loss
TSLA,2026-01-13 00:05:00+00:00,2026-01-13 14:24:00+00:00,447.86,451.44288,160.0,1.9973205912561958,core,win
TSLA,2026-01-13 14:28:00+00:00,2026-01-13 14:31:00+00:00,450.7,449.79859999999996,-40.0,1.9933436875970696,core,loss
TSLA,2026-01-13 15:05:00+00:00,2026-01-13 15:21:00+00:00,449.515,448.61597,-40.0,1.2797424328142246,core,loss
TSLA,2026-01-13 16:24:00+00:00,2026-01-13 17:17:00+00:00,450.14,449.23972,-40.0,1.536521121682456,core,loss
TSLA,2026-01-13 18:16:00+00:00,2026-01-13 18:19:00+00:00,448.6246,447.7273508,-40.0,1.1907132498262216,core,loss
TSLA,2026-01-13 18:36:00+00:00,2026-01-13 18:44:00+00:00,447.86,446.96428000000003,-40.0,1.6107381642974044,core,loss
TSLA,2026-01-13 19:47:00+00:00,2026-01-14 10:23:00+00:00,445.9262,445.0343476,-40.0,1.2169016769542262,core,loss
TSLA,2026-01-14 11:01:00+00:00,2026-01-14 14:29:00+00:00,444.0,443.112,-40.0,1.704614353070411,core,loss
TSLA,2026-01-14 15:05:00+00:00,2026-01-14 15:15:00+00:00,439.9068,443.4260544,160.0,1.3272087221341613,core,win
TSLA,2026-01-14 15:29:00+00:00,2026-01-14 15:30:00+00:00,440.055,439.17489,-40.0,1.4960460017122783,core,loss
TSLA,2026-01-14 16:05:00+00:00,2026-01-14 16:15:00+00:00,437.87,436.99426,-40.0,1.2695944172857274,core,loss
TSLA,2026-01-14 16:20:00+00:00,2026-01-14 16:45:00+00:00,437.27,436.39545999999996,-40.0,1.288337488730868,core,loss
TSLA,2026-01-14 17:25:00+00:00,2026-01-14 20:57:00+00:00,435.78,439.26624,160.0,1.4419757066976016,core,win
TSLA,2026-01-14 21:21:00+00:00,2026-01-14 21:54:00+00:00,438.74,437.86252,-40.0,1.9984683411587714,core,loss
TSLA,2026-01-14 22:18:00+00:00,2026-01-15 09:42:00+00:00,438.17,441.67536,160.0,1.230610833509483,core,win
TSLA,2026-01-15 09:48:00+00:00,2026-01-15 11:29:00+00:00,441.78,440.89644,-40.0,1.3758852859821717,core,loss
TSLA,2026-01-15 11:35:00+00:00,2026-01-15 13:00:00+00:00,441.2,440.31759999999997,-40.0,1.613117219114169,core,loss
TSLA,2026-01-15 13:30:00+00:00,2026-01-15 15:06:00+00:00,441.28,440.39743999999996,-40.0,1.9935641769398118,core,loss
TSLA,2026-01-15 15:11:00+00:00,2026-01-15 17:52:00+00:00,442.4599,441.5749802,-40.0,1.2411066339952068,core,loss
TSLA,2026-01-15 18:05:00+00:00,2026-01-15 19:30:00+00:00,442.0734,441.1892532,-40.0,1.4942752925275882,core,loss
TSLA,2026-01-15 19:51:00+00:00,2026-01-15 19:55:00+00:00,440.97,440.08806000000004,-40.0,1.4563961669047736,core,loss
TSLA,2026-01-15 20:11:00+00:00,2026-01-15 20:19:00+00:00,440.07,439.18986,-40.0,1.346372037299862,core,loss
TSLA,2026-01-15 20:45:00+00:00,2026-01-16 14:33:00+00:00,438.8,442.3104,160.0,1.2947748180091996,core,win
TSLA,2026-01-16 15:10:00+00:00,2026-01-16 15:14:00+00:00,442.295,441.41041,-40.0,1.4668910045875618,core,loss
QQQ,2026-01-02 09:21:00+00:00,2026-01-02 14:13:00+00:00,621.11,619.86778,-40.0,1.8393796377570135,core,loss
QQQ,2026-01-02 14:19:00+00:00,2026-01-02 15:14:00+00:00,619.69,618.4506200000001,-40.0,1.201333698516209,core,loss
QQQ,2026-01-02 15:40:00+00:00,2026-01-02 15:50:00+00:00,617.198,615.963604,-40.0,1.2153184428813215,core,loss
QQQ,2026-01-02 16:34:00+00:00,2026-01-02 16:44:00+00:00,613.7301,612.5026398,-40.0,1.290514707375399,core,loss
QQQ,2026-01-02 16:59:00+00:00,2026-01-02 18:49:00+00:00,611.95,610.7261000000001,-40.0,1.3375172908576698,core,loss
QQQ,2026-01-02 19:58:00+00:00,2026-01-05 14:01:00+00:00,613.16,618.0652799999999,160.0,1.4829046388550695,core,win
QQQ,2026-01-05 14:05:00+00:00,2026-01-06 19:01:00+00:00,618.31,623.2564799999999,160.0,1.9650660671831308,core,win
QQQ,2026-01-06 19:22:00+00:00,2026-01-07 09:01:00+00:00,623.37,622.12326,-40.0,1.9871665303110517,core,loss
QQQ,2026-01-07 09:21:00+00:00,2026-01-07 16:43:00+00:00,621.47,626.44176,160.0,1.9945291003588281,core,win
QQQ,2026-01-07 16:53:00+00:00,2026-01-07 19:16:00+00:00,626.8701,625.6163597999999,-40.0,1.4326967564399322,core,loss
QQQ,2026-01-07 19:29:00+00:00,2026-01-07 20:31:00+00:00,625.645,624.3937099999999,-40.0,1.2165069881264527,core,loss
QQQ,2026-01-07 20:32:00+00:00,2026-01-08 09:00:00+00:00,624.43,623.1811399999999,-40.0,1.9987188315743931,core,loss
QQQ,2026-01-08 09:03:00+00:00,2026-01-08 14:31:00+00:00,623.2,621.9536,-40.0,1.9881258023106547,core,loss
QQQ,2026-01-08 15:06:00+00:00,2026-01-09 15:27:00+00:00,619.27,624.22416,160.0,1.3376656628779715,core,win
QQQ,2026-01-09 15:45:00+00:00,2026-01-12 09:00:00+00:00,622.94,621.69412,-40.0,1.799630918628882,core,loss
QQQ,2026-01-12 09:23:00+00:00,2026-01-12 14:50:00+00:00,620.91,625.8772799999999,160.0,1.4992931225920247,core,win
QQQ,2026-01-12 15:12:00+00:00,2026-01-13 15:21:00+00:00,626.05,624.7978999999999,-40.0,1.4429814945310764,core,loss
QQQ,2026-01-13 15:37:00+00:00,2026-01-14 10:21:00+00:00,624.99,623.74002,-40.0,1.2110565461530098,core,loss
QQQ,2026-01-14 10:42:00+00:00,2026-01-14 14:31:00+00:00,622.67,621.4246599999999,-40.0,1.8655170119368247,core,loss
QQQ,2026-01-14 14:33:00+00:00,2026-01-14 14:41:00+00:00,622.37,621.12526,-40.0,1.9771839902308905,core,loss
QQQ,2026-01-14 15:11:00+00:00,2026-01-14 15:43:00+00:00,619.18,617.9416399999999,-40.0,1.388947264792858,core,loss
QQQ,2026-01-14 16:23:00+00:00,2026-01-14 16:45:00+00:00,617.99,616.75402,-40.0,1.4194097444561689,core,loss
QQQ,2026-01-14 17:34:00+00:00,2026-01-15 09:00:00+00:00,615.28,620.20224,160.0,1.7789091603109681,core,win
QQQ,2026-01-15 09:20:00+00:00,2026-01-15 20:17:00+00:00,623.24,621.99352,-40.0,1.7640973533600406,core,loss
QQQ,2026-01-15 20:18:00+00:00,2026-01-16 15:30:00+00:00,621.94,620.6961200000001,-40.0,1.79777612689311,core,loss
SPY,2026-01-02 09:23:00+00:00,2026-01-02 14:32:00+00:00,686.36,684.98728,-40.0,1.9953377236435699,core,loss
SPY,2026-01-02 14:34:00+00:00,2026-01-02 15:20:00+00:00,684.772,683.402456,-40.0,1.9991822095529634,core,loss
SPY,2026-01-02 15:38:00+00:00,2026-01-02 15:57:00+00:00,683.06,681.6938799999999,-40.0,1.4913017727789681,core,loss
SPY,2026-01-02 16:30:00+00:00,2026-01-02 16:52:00+00:00,681.84,680.47632,-40.0,1.303708519336062,core,loss
SPY,2026-01-02 16:56:00+00:00,2026-01-05 14:24:00+00:00,680.87,686.31696,160.0,1.498919534041426,core,win
SPY,2026-01-05 14:27:00+00:00,2026-01-06 19:01:00+00:00,686.33,691.82064,160.0,1.983972724491132,core,win
SPY,2026-01-06 19:07:00+00:00,2026-01-06 22:01:00+00:00,691.7801,690.3965397999999,-40.0,1.5936119788923053,core,loss
SPY,2026-01-06 22:20:00+00:00,2026-01-07 20:24:00+00:00,692.0,690.616,-40.0,2.0,core,loss
SPY,2026-01-07 20:26:00+00:00,2026-01-08 09:00:00+00:00,690.37,688.9892600000001,-40.0,1.2062614619189564,core,loss
SPY,2026-01-08 09:07:00+00:00,2026-01-09 17:25:00+00:00,688.81,694.32048,160.0,1.5184809523513423,core,win
SPY,2026-01-09 17:32:00+00:00,2026-01-12 09:00:00+00:00,694.3,692.9114,-40.0,1.9854529742186375,core,loss
SPY,2026-01-12 09:24:00+00:00,2026-01-12 16:17:00+00:00,689.02,694.53216,160.0,1.995936257292967,core,win
SPY,2026-01-12 16:20:00+00:00,2026-01-13 15:17:00+00:00,694.5411,693.1520178000001,-40.0,1.429264602716775,core,loss
SPY,2026-01-13 15:19:00+00:00,2026-01-13 20:32:00+00:00,693.155,691.76869,-40.0,1.2597421091556775,core,loss
SPY,2026-01-13 20:33:00+00:00,2026-01-14 14:43:00+00:00,691.44,690.05712,-40.0,1.6814463349616326,core,loss
SPY,2026-01-14 15:11:00+00:00,2026-01-14 15:43:00+00:00,689.44,688.0611200000001,-40.0,1.464517685615472,core,loss
SPY,2026-01-14 16:20:00+00:00,2026-01-14 16:51:00+00:00,687.84,686.46432,-40.0,1.653945256038044,core,loss
SPY,2026-01-14 17:18:00+00:00,2026-01-15 09:10:00+00:00,686.46,691.95168,160.0,1.999708650176267,core,win
SPY,2026-01-15 09:24:00+00:00,2026-01-15 13:01:00+00:00,692.5,691.115,-40.0,1.1940057833914595,core,loss
SPY,2026-01-15 13:25:00+00:00,2026-01-15 20:19:00+00:00,693.09,691.7038200000001,-40.0,1.9968258090579862,core,loss
SPY,2026-01-15 20:20:00+00:00,2026-01-16 15:40:00+00:00,691.7999,690.4163002,-40.0,1.9959554778773456,core,loss
