date,side,level,gap_regime,gap_pct,entry,bar_idx,ep,bars_waited,conf_close,mfe15,mfe30,mfe60,hit_>=0.40%,hit_>=0.50%,hit_>=0.60%,hit_>=0.75%
2025-12-16,long,PML,Flat,-0.419,A,7,610.6012,0,610.61,0.240549805666956,0.3093344723200774,0.3093344723200774,False,False,False,False
2025-12-16,long,PML,Flat,-0.419,B,20,611.59,13,610.61,0.14715740937555835,0.14715740937555835,0.14715740937555835,False,False,False,False
2025-12-16,long,PML,Flat,-0.419,C,20,611.59,13,610.61,0.14715740937555835,0.14715740937555835,0.14715740937555835,False,False,False,False
2025-12-16,long,PML,Flat,-0.419,A,83,609.8,0,609.79,0.1877664808133971,0.1877664808133971,0.1877664808133971,False,False,False,False
2025-12-16,long,PML,Flat,-0.419,B,84,610.12,1,609.79,0.13521930112109837,0.13521930112109837,0.13521930112109837,False,False,False,False
2025-12-16,long,PML,Flat,-0.419,C,84,610.12,1,609.79,0.13521930112109837,0.13521930112109837,0.13521930112109837,False,False,False,False
2025-12-16,short,PMH,Flat,-0.419,A,97,609.74,0,609.69,0.3066880965657501,0.3099681831600332,0.3099681831600332,False,False,False,False
2025-12-16,short,PMH,Flat,-0.419,B,101,609.37,4,609.69,0.24615586589428426,0.24943794410620507,0.24943794410620507,False,False,False,False
2025-12-16,short,PMH,Flat,-0.419,C,106,608.35,9,609.69,0.12262677734856266,0.1988986603106637,0.4684803156077953,True,False,False,False
2025-12-18,short,PMH,Gap Up,1.424,A,41,608.02,0,608.03,0.12828525377454242,0.12828525377454242,0.12828525377454242,False,False,False,False
2025-12-18,short,PMH,Gap Up,1.424,B,42,607.7,1,608.03,0.07569524436400137,0.07569524436400137,0.07569524436400137,False,False,False,False
2025-12-18,short,PMH,Gap Up,1.424,C,42,607.7,1,608.03,0.5693598815204743,0.8425209807470798,0.8606220174428013,True,True,True,True
2025-12-18,short,PDH,Gap Up,1.424,A,104,612.1,0,612.1,0.12824701846103057,0.12824701846103057,0.6485868322169625,True,True,True,False
2025-12-18,short,PDH,Gap Up,1.424,B,117,611.845,13,612.1,0.08662324608356245,0.08662324608356245,0.7085127769288033,True,True,True,False
2025-12-23,long,PDL,Flat,-0.211,A,66,619.4,0,619.39,0.11301259283178003,0.20503713270907034,0.21795285760413668,False,False,False,False
2025-12-23,long,PDL,Flat,-0.211,B,69,619.63,3,619.39,0.0871487823378409,0.16784209931732866,0.18075303003405332,False,False,False,False
2025-12-23,long,PDL,Flat,-0.211,C,69,619.63,3,619.39,0.0871487823378409,0.16784209931732866,0.18075303003405332,False,False,False,False
2025-12-30,long,PDL,Flat,-0.171,A,18,620.44,0,620.42,0.2111404809489951,0.2111404809489951,0.2111404809489951,False,False,False,False
2025-12-30,long,PDL,Flat,-0.171,B,19,620.85,1,620.42,0.14496255134089994,0.14496255134089994,0.14496255134089994,False,False,False,False
2025-12-30,long,PDL,Flat,-0.171,C,19,620.85,1,620.42,0.14496255134089994,0.14496255134089994,0.14496255134089994,False,False,False,False
2026-01-06,long,PML,Flat,0.244,A,99,620.15,0,620.15,0.13061356123519458,0.13061356123519458,0.15641377086189265,False,False,False,False
2026-01-06,long,PML,Flat,0.244,B,100,620.285,1,620.15,0.10882094521068028,0.10882094521068028,0.13461553963098194,False,False,False,False
2026-01-06,long,1H/4H_Sup,Flat,0.244,A,15,620.44,0,620.44,0.32396363870801215,0.32396363870801215,0.3465282702598119,False,False,False,False
2026-01-06,long,1H/4H_Sup,Flat,0.244,B,16,620.6,1,620.44,0.29809861424428336,0.29809861424428336,0.32065742829519966,False,False,False,False
2026-01-06,long,1H/4H_Sup,Flat,0.244,C,16,620.6,1,620.44,0.29809861424428336,0.29809861424428336,0.32065742829519966,False,False,False,False
2026-01-06,short,PDH,Flat,0.244,A,8,619.18,0,619.18,0.10336251170903234,0.10336251170903234,0.10336251170903234,False,False,False,False
2026-01-06,short,PDH,Flat,0.244,B,10,618.92,2,619.18,0.061397272668518625,0.061397272668518625,0.061397272668518625,False,False,False,False
2026-01-06,short,PDH,Flat,0.244,C,10,618.92,2,619.18,0.49279389904996906,0.5703483487365227,0.5929683965617646,True,True,False,False
2026-01-07,long,1H/4H_Sup,Flat,-0.099,A,78,625.51,0,625.52,0.12150085530207207,0.1278956371600701,0.26378475164265597,False,False,False,False
2026-01-07,long,1H/4H_Sup,Flat,-0.099,B,79,625.61,1,625.52,0.10549703489393843,0.11189079458447464,0.24775818800849642,False,False,False,False
2026-01-07,long,1H/4H_Sup,Flat,-0.099,C,81,625.73,3,625.52,0.08629920253143746,0.09269173605227929,0.22853307337029546,False,False,False,False
2026-01-07,long,1H/4H_Sup,Flat,-0.099,A,78,625.51,0,625.52,0.12150085530207207,0.1278956371600701,0.26378475164265597,False,False,False,False
2026-01-07,long,1H/4H_Sup,Flat,-0.099,B,79,625.61,1,625.52,0.10549703489393843,0.11189079458447464,0.24775818800849642,False,False,False,False
2026-01-07,long,1H/4H_Sup,Flat,-0.099,C,81,625.73,3,625.52,0.08629920253143746,0.09269173605227929,0.22853307337029546,False,False,False,False
2026-01-09,long,PML,Flat,0.097,A,52,623.57,0,623.58,0.2838494475359593,0.2838494475359593,0.3704475840723488,False,False,False,False
2026-01-09,long,PML,Flat,0.097,B,56,624.018,4,623.58,0.21185286321868962,0.21185286321868962,0.2983888285273768,False,False,False,False
2026-01-09,long,PML,Flat,0.097,C,56,624.018,4,623.58,0.21185286321868962,0.21185286321868962,0.2983888285273768,False,False,False,False
2026-01-09,long,1H/4H_Sup,Flat,0.097,A,45,622.41,0,622.38,0.4257643675390783,0.47075079127907066,0.5575103227775947,True,True,False,False
2026-01-09,long,1H/4H_Sup,Flat,0.097,B,49,622.74,4,622.38,0.41750971512991336,0.41750971512991336,0.5042232713491965,True,True,False,False
2026-01-09,long,1H/4H_Sup,Flat,0.097,C,49,622.74,4,622.38,0.41750971512991336,0.41750971512991336,0.5042232713491965,True,True,False,False
2026-01-09,long,1H/4H_Sup,Flat,0.097,A,45,622.41,0,622.38,0.4257643675390783,0.47075079127907066,0.5575103227775947,True,True,False,False
2026-01-09,long,1H/4H_Sup,Flat,0.097,B,49,622.74,4,622.38,0.41750971512991336,0.41750971512991336,0.5042232713491965,True,True,False,False
2026-01-09,long,1H/4H_Sup,Flat,0.097,C,49,622.74,4,622.38,0.41750971512991336,0.41750971512991336,0.5042232713491965,True,True,False,False
2026-01-09,short,PDH,Flat,0.097,A,31,621.33,0,621.28,0.36534530764651557,0.36534530764651557,0.36534530764651557,False,False,False,False
2026-01-09,short,PDH,Flat,0.097,B,36,620.44,5,621.28,0.2224227967249225,0.2224227967249225,0.2224227967249225,False,False,False,False
2026-01-09,short,PDH,Flat,0.097,C,36,620.44,5,621.28,0.5431629166397863,0.7897621043130644,0.7897621043130644,True,True,True,True
2026-01-13,short,PMH,Flat,0.003,A,18,627.7,0,627.71,0.2915405448462706,0.4046519037757013,0.6085709733949418,True,True,True,False
2026-01-13,short,PMH,Flat,0.003,B,21,627.1,3,627.71,0.19614096635305664,0.3986605007175889,0.5134747249242588,True,True,False,False
2026-01-13,short,PMH,Flat,0.003,C,21,627.1,3,627.71,0.18338383033008726,0.18338383033008726,0.18338383033008726,False,False,False,False
2026-01-13,short,PDH,Flat,0.003,A,29,627.18,0,627.2,0.22959915813641077,0.5165981058069288,0.5261647373959556,True,True,False,False
2026-01-13,short,PDH,Flat,0.003,B,32,626.17,3,627.2,0.15650701886067753,0.3561333184278877,0.36571538080712324,False,False,False,False
2026-01-13,short,PDH,Flat,0.003,C,32,626.17,3,627.2,0.2012233099637464,0.2012233099637464,0.2012233099637464,False,False,False,False
2026-01-15,long,PML,Gap Up,1.058,A,65,626.36,0,626.37,0.046299252825845134,0.5811354492624028,0.5811354492624028,True,True,False,False
2026-01-15,short,PMH,Gap Up,1.058,A,20,625.18,0,625.17,0.083176045298951,0.09117374196230467,0.1887456412553105,False,False,False,False
2026-01-15,short,PMH,Gap Up,1.058,B,21,624.9,1,625.17,0.046407425188024265,0.046407425188024265,0.18242918867018507,False,False,False,False
2026-01-15,short,PMH,Gap Up,1.058,C,21,624.9,1,625.17,0.24803968634982693,0.24803968634982693,0.28004480716914704,False,False,False,False
2026-01-15,short,PMH,Gap Up,1.058,A,88,625.4501,0,625.46,0.0,0.0,0.0,False,False,False,False
2026-01-21,short,PMH,Flat,0.196,A,10,608.01,0,608.0,0.024094998437516873,0.024094998437516873,0.024094998437516873,False,False,False,False
2026-01-22,long,1H/4H_Sup,Gap Up,0.926,A,75,620.53,0,620.54,0.029007461363683252,0.049151531755122824,0.1547064606062618,False,False,False,False
2026-01-22,long,1H/4H_Sup,Gap Up,0.926,B,77,620.61,2,620.54,0.0064452715876256615,0.03625465268043099,0.14340729282479922,False,False,False,False
2026-01-22,long,1H/4H_Sup,Gap Up,0.926,C,77,620.61,2,620.54,0.0064452715876256615,0.03625465268043099,0.14340729282479922,False,False,False,False
2026-01-22,long,1H/4H_Sup,Gap Up,0.926,A,73,620.3101,0,620.34,0.0644677557241132,0.0644677557241132,0.18053873377201435,False,False,False,False
2026-01-22,long,1H/4H_Sup,Gap Up,0.926,B,75,620.53,2,620.34,0.029007461363683252,0.049151531755122824,0.1547064606062618,False,False,False,False
2026-01-22,long,1H/4H_Sup,Gap Up,0.926,C,75,620.53,2,620.34,0.029007461363683252,0.049151531755122824,0.1547064606062618,False,False,False,False
2026-01-22,long,1H/4H_Sup,Gap Up,0.926,A,96,620.28,0,620.3,0.1313116656993723,0.16926226865286317,0.22409234539240122,False,False,False,False
2026-01-22,long,1H/4H_Sup,Gap Up,0.926,B,101,620.42,5,620.3,0.13539215370233582,0.16279294671351519,0.20147641919989684,False,False,False,False
2026-01-22,long,1H/4H_Sup,Gap Up,0.926,C,101,620.42,5,620.3,0.13539215370233582,0.16279294671351519,0.20147641919989684,False,False,False,False
2026-01-22,short,PMH,Gap Up,0.926,A,146,620.82,0,620.85,0.04349086691796261,0.04349086691796261,0.04349086691796261,False,False,False,False
2026-01-22,short,PDH,Gap Up,0.926,A,54,618.09,0,618.1,0.029121972528282882,0.029121972528282882,0.029121972528282882,False,False,False,False
2026-01-22,short,1H/4H_Res,Gap Up,0.926,A,54,618.09,0,618.1,0.029121972528282882,0.029121972528282882,0.029121972528282882,False,False,False,False
2026-01-30,long,PML,Gap Down,-0.634,A,8,626.78,0,626.73,0.23548932639841716,0.23548932639841716,0.23548932639841716,False,False,False,False
2026-01-30,long,PML,Gap Down,-0.634,B,9,627.75,1,626.73,0.08060533651931052,0.08060533651931052,0.08060533651931052,False,False,False,False
2026-01-30,long,PML,Gap Down,-0.634,C,9,627.75,1,626.73,0.08060533651931052,0.08060533651931052,0.08060533651931052,False,False,False,False
2026-01-30,long,1H/4H_Sup,Gap Down,-0.634,A,64,625.01,0,625.02,0.49599206412697766,0.49599206412697766,0.49599206412697766,True,False,False,False
2026-01-30,long,1H/4H_Sup,Gap Down,-0.634,B,65,626.8686,1,625.02,0.1980319320508315,0.1980319320508315,0.1980319320508315,False,False,False,False
2026-01-30,long,1H/4H_Sup,Gap Down,-0.634,C,76,627.81,12,625.02,0.04778515792995783,0.04778515792995783,0.04778515792995783,False,False,False,False
2026-01-30,long,1H/4H_Sup,Gap Down,-0.634,A,120,625.1,0,625.1,0.1919692849144028,0.1919692849144028,0.1919692849144028,False,False,False,False
2026-01-30,long,1H/4H_Sup,Gap Down,-0.634,B,127,625.63,7,625.1,0.10709205121237138,0.10709205121237138,0.10709205121237138,False,False,False,False
2026-01-30,long,1H/4H_Sup,Gap Down,-0.634,C,128,625.69,8,625.1,0.09749236842524252,0.09749236842524252,0.09749236842524252,False,False,False,False
2026-01-30,short,PMH,Gap Down,-0.634,A,141,624.32,0,624.32,0.3275403639159562,0.3507816504356827,0.3507816504356827,False,False,False,False
2026-01-30,short,PMH,Gap Down,-0.634,B,147,624.05,6,624.32,0.3076676548353432,0.3076676548353432,0.3076676548353432,False,False,False,False
2026-01-30,short,PMH,Gap Down,-0.634,C,147,624.05,6,624.32,0.008813396362481159,0.08973639932698649,0.11377293486099455,False,False,False,False
2026-02-03,long,PDL,Flat,0.395,A,80,620.63,0,620.62,0.05156051109357427,0.05156051109357427,0.05156051109357427,False,False,False,False
2026-02-03,long,PDL,Flat,0.395,B,86,620.7,6,620.62,0.040277106492669565,0.040277106492669565,0.040277106492669565,False,False,False,False
2026-02-03,long,PDL,Flat,0.395,C,86,620.7,6,620.62,0.040277106492669565,0.040277106492669565,0.040277106492669565,False,False,False,False
2026-02-03,short,PMH,Flat,0.395,A,14,623.87,0,623.89,0.615512847227793,0.859153349255456,1.0883677689262128,True,True,True,True
2026-02-03,short,PMH,Flat,0.395,B,24,623.07,10,623.89,0.6628468711380736,0.9613687065658768,0.9613687065658768,True,True,True,True
2026-02-03,short,PMH,Flat,0.395,C,24,623.07,10,623.89,0.030494165984550833,0.030494165984550833,0.030494165984550833,False,False,False,False
2026-02-03,short,PDH,Flat,0.395,A,14,623.87,0,623.89,0.615512847227793,0.859153349255456,1.0883677689262128,True,True,True,True
2026-02-03,short,PDH,Flat,0.395,B,24,623.07,10,623.89,0.6628468711380736,0.9613687065658768,0.9613687065658768,True,True,True,True
2026-02-03,short,PDH,Flat,0.395,C,24,623.07,10,623.89,0.030494165984550833,0.030494165984550833,0.030494165984550833,False,False,False,False
2026-02-04,short,PMH,Flat,-0.285,A,21,612.8,0,612.76,0.7359660574412518,0.7359660574412518,0.7359660574412518,True,True,True,False
2026-02-04,short,PMH,Flat,-0.285,B,22,612.4,1,612.76,0.6711299804049663,0.6711299804049663,0.6711299804049663,True,True,True,False
2026-02-04,short,PMH,Flat,-0.285,C,22,612.4,1,612.76,0.14043109079033533,0.14043109079033533,0.14043109079033533,False,False,False,False
2026-02-05,long,PML,Gap Down,-0.988,A,8,602.99,0,602.96,0.30182921773162674,0.30182921773162674,0.30182921773162674,False,False,False,False
2026-02-05,long,PML,Gap Down,-0.988,B,9,603.39,1,602.96,0.23533701254577621,0.23533701254577621,0.23533701254577621,False,False,False,False
2026-02-05,long,PML,Gap Down,-0.988,C,9,603.39,1,602.96,0.23533701254577621,0.23533701254577621,0.23533701254577621,False,False,False,False
2026-02-05,long,PML,Gap Down,-0.988,A,142,601.57,0,601.55,0.12301145336368093,0.12301145336368093,0.24602290672738075,False,False,False,False
2026-02-05,long,PML,Gap Down,-0.988,B,145,602.06,3,601.55,0.006643856094089843,0.0647775969172674,0.16443543832840732,False,False,False,False
2026-02-05,long,PML,Gap Down,-0.988,C,145,602.06,3,601.55,0.006643856094089843,0.0647775969172674,0.16443543832840732,False,False,False,False
2026-02-05,long,PDL,Gap Down,-0.988,A,145,602.06,0,602.04,0.006643856094089843,0.0647775969172674,0.16443543832840732,False,False,False,False
2026-02-05,short,PMH,Gap Down,-0.988,A,27,600.9575,0,600.89,0.8582137671965201,1.004646751226172,1.004646751226172,True,True,True,True
2026-02-05,short,PMH,Gap Down,-0.988,B,28,600.46,1,600.89,0.8959797488592072,0.9226259867435095,0.9226259867435095,True,True,True,True
2026-02-05,short,PMH,Gap Down,-0.988,C,28,600.46,1,600.89,0.09492722246276793,0.09492722246276793,0.09492722246276793,False,False,False,False
2026-02-06,long,PML,Flat,0.43,A,41,602.29,0,602.27,0.239087482774088,0.38851715950788357,0.6110013448671012,True,True,True,False
2026-02-06,long,PML,Flat,0.43,B,51,603.13,10,602.27,0.2055941505148159,0.3216553645151219,0.6167824515444477,True,True,True,False
2026-02-06,long,PML,Flat,0.43,C,56,603.66,15,602.27,0.16068647914389347,0.23357519133288307,0.5284431633701181,True,True,False,False
2026-02-06,long,1H/4H_Sup,Flat,0.43,A,15,604.33,0,604.32,0.2118048086310414,0.2118048086310414,0.2118048086310414,False,False,False,False
2026-02-06,long,1H/4H_Sup,Flat,0.43,B,18,604.605,3,604.32,0.16622422904210113,0.16622422904210113,0.16622422904210113,False,False,False,False
2026-02-06,long,1H/4H_Sup,Flat,0.43,C,18,604.605,3,604.32,0.16622422904210113,0.16622422904210113,0.16622422904210113,False,False,False,False
2026-02-06,long,1H/4H_Sup,Flat,0.43,A,92,604.28,0,604.27,0.32269808697955343,0.42529953001920473,0.4881842854306026,True,False,False,False
2026-02-06,long,1H/4H_Sup,Flat,0.43,B,93,604.79,1,604.27,0.2380991749202293,0.348881429917825,0.4034458241703822,True,False,False,False
2026-02-06,long,1H/4H_Sup,Flat,0.43,C,96,605.37,4,604.27,0.24447858334572548,0.29733881758262787,0.30725011150205883,False,False,False,False
2026-02-06,short,PMH,Flat,0.43,A,44,600.43,0,600.44,0.10992122312342292,0.10992122312342292,0.10992122312342292,False,False,False,False
2026-02-06,short,PDH,Flat,0.43,A,25,603.15,0,603.17,0.4990466716405522,0.5603912791179633,0.5603912791179633,True,True,False,False
2026-02-06,short,PDH,Flat,0.43,B,26,602.58,1,603.17,0.404925487072265,0.4663281224069931,0.4663281224069931,True,False,False,False
2026-02-06,short,PDH,Flat,0.43,C,30,602.21,5,603.17,0.1012935686886657,0.28893575330864796,0.47491738762226027,True,False,False,False
2026-02-06,short,PDH,Flat,0.43,A,80,602.67,0,602.69,0.17090613436872132,0.17090613436872132,0.17090613436872132,False,False,False,False
2026-02-06,short,PDH,Flat,0.43,B,82,602.31,2,602.69,0.11123839883115991,0.11123839883115991,0.11123839883115991,False,False,False,False
2026-02-06,short,PDH,Flat,0.43,C,82,602.31,2,602.69,0.5877372117348338,0.7537646726768736,0.816855107834848,True,True,True,True
2026-02-10,long,PML,Flat,0.117,A,25,615.57,0,615.6,0.235554039345636,0.235554039345636,0.235554039345636,False,False,False,False
2026-02-10,long,PML,Flat,0.117,B,27,615.875,2,615.6,0.18591434950273705,0.18591434950273705,0.18591434950273705,False,False,False,False
2026-02-10,long,PML,Flat,0.117,C,27,615.875,2,615.6,0.18591434950273705,0.18591434950273705,0.18591434950273705,False,False,False,False
2026-02-10,short,PMH,Flat,0.117,A,130,614.15,0,614.16,0.04477733452739189,0.08792640234469813,0.08792640234469813,False,False,False,False
2026-02-10,short,PMH,Flat,0.117,B,132,614.1,2,614.16,0.0366389838788508,0.07979156489171293,0.07979156489171293,False,False,False,False
2026-02-10,short,PMH,Flat,0.117,C,132,614.1,2,614.16,0.15795473049992304,0.15795473049992304,0.23286109754110892,False,False,False,False
2026-02-10,short,PDH,Flat,0.117,A,86,614.73,0,614.75,0.004880191303494659,0.07970979129048673,0.13908545214972723,False,False,False,False
2026-02-10,short,PDH,Flat,0.117,B,112,614.37,26,614.75,0.03255367286814875,0.08057034034865057,0.12370395689893564,False,False,False,False
2026-02-10,short,PDH,Flat,0.117,C,112,614.37,26,614.75,0.13672542604619883,0.13672542604619883,0.18881130263521465,False,False,False,False
2026-02-11,long,PDL,Gap Up,0.747,A,112,612.58,0,612.56,0.057135394560695586,0.057135394560695586,0.057135394560695586,False,False,False,False
2026-02-11,long,PDL,Gap Up,0.747,B,113,612.62,1,612.56,0.05060233097188232,0.05060233097188232,0.05060233097188232,False,False,False,False
2026-02-11,long,PDL,Gap Up,0.747,C,113,612.62,1,612.56,0.05060233097188232,0.05060233097188232,0.05060233097188232,False,False,False,False
2026-02-11,short,PMH,Gap Up,0.747,A,8,614.76,0,614.79,0.04391957837204467,0.4538356431778196,1.1500422929273109,True,True,True,True
2026-02-11,short,PMH,Gap Up,0.747,B,27,614.23,19,614.79,0.73588069615616,1.0647477329339112,1.0647477329339112,True,True,True,True
2026-02-11,short,PMH,Gap Up,0.747,C,27,614.23,19,614.79,0.053709522491567054,0.053709522491567054,0.053709522491567054,False,False,False,False
2026-02-11,short,PMH,Gap Up,0.747,A,22,615.38,0,615.36,0.4745035587766842,1.137508531313985,1.2496343722577823,True,True,True,True
2026-02-11,short,PMH,Gap Up,0.747,B,26,614.78,4,615.36,0.7157031783727476,1.1532580760597153,1.1532580760597153,True,True,True,True
2026-02-11,short,PMH,Gap Up,0.747,C,27,614.23,5,615.36,0.053709522491567054,0.053709522491567054,0.053709522491567054,False,False,False,False
2026-02-11,short,PDH,Gap Up,0.747,A,8,614.76,0,614.79,0.04391957837204467,0.4538356431778196,1.1500422929273109,True,True,True,True
2026-02-11,short,PDH,Gap Up,0.747,B,27,614.23,19,614.79,0.73588069615616,1.0647477329339112,1.0647477329339112,True,True,True,True
2026-02-11,short,PDH,Gap Up,0.747,C,27,614.23,19,614.79,0.053709522491567054,0.053709522491567054,0.053709522491567054,False,False,False,False
2026-02-11,short,PDH,Gap Up,0.747,A,22,615.38,0,615.36,0.4745035587766842,1.137508531313985,1.2496343722577823,True,True,True,True
2026-02-11,short,PDH,Gap Up,0.747,B,26,614.78,4,615.36,0.7157031783727476,1.1532580760597153,1.1532580760597153,True,True,True,True
2026-02-11,short,PDH,Gap Up,0.747,C,27,614.23,5,615.36,0.053709522491567054,0.053709522491567054,0.053709522491567054,False,False,False,False
2026-02-12,short,PMH,Flat,0.276,A,12,614.89,0,614.92,0.588723186260958,0.7188277578103334,1.052220722405638,True,True,True,True
2026-02-12,short,PMH,Flat,0.276,B,13,614.63,1,614.92,0.6133771537347643,0.676829962741807,1.0266339098319226,True,True,True,True
2026-02-12,short,PMH,Flat,0.276,C,14,613.82,2,614.92,0.057019973282054846,0.057019973282054846,0.057019973282054846,False,False,False,False
2026-02-13,long,PDL,Flat,0.017,A,39,601.83,0,601.83,0.12295831048635146,0.5101108286393061,0.5101108286393061,True,True,False,False
2026-02-13,long,PDL,Flat,0.017,B,40,602.04,1,601.83,0.08803401767325866,0.4750514915952451,0.4750514915952451,True,False,False,False
2026-02-13,long,PDL,Flat,0.017,C,40,602.04,1,601.83,0.08803401767325866,0.4750514915952451,0.4750514915952451,True,False,False,False
2026-02-13,long,PDL,Flat,0.017,A,81,601.85,0,601.88,0.30617263437732367,0.3372933455179816,0.432001329234863,True,False,False,False
2026-02-13,long,PDL,Flat,0.017,B,84,602.22,3,601.88,0.2756467736043254,0.2756467736043254,0.37693866029025636,False,False,False,False
2026-02-13,long,1H/4H_Sup,Flat,0.017,A,39,601.83,0,601.83,0.12295831048635146,0.5101108286393061,0.5101108286393061,True,True,False,False
2026-02-13,long,1H/4H_Sup,Flat,0.017,B,40,602.04,1,601.83,0.08803401767325866,0.4750514915952451,0.4750514915952451,True,False,False,False
2026-02-13,long,1H/4H_Sup,Flat,0.017,C,40,602.04,1,601.83,0.08803401767325866,0.4750514915952451,0.4750514915952451,True,False,False,False
2026-02-13,long,1H/4H_Sup,Flat,0.017,A,81,601.85,0,601.88,0.30617263437732367,0.3372933455179816,0.432001329234863,True,False,False,False
2026-02-13,long,1H/4H_Sup,Flat,0.017,B,84,602.22,3,601.88,0.2756467736043254,0.2756467736043254,0.37693866029025636,False,False,False,False
2026-02-13,long,1H/4H_Sup,Flat,0.017,A,137,604.36,0,604.35,0.10589714739558977,0.20352108015090645,0.34251108610760744,False,False,False,False
2026-02-13,long,1H/4H_Sup,Flat,0.017,B,146,604.81,9,604.35,0.028108000859786174,0.17030141697394,0.26785271407549555,False,False,False,False
2026-02-13,long,1H/4H_Sup,Flat,0.017,C,146,604.81,9,604.35,0.028108000859786174,0.17030141697394,0.26785271407549555,False,False,False,False
2026-02-13,long,1H/4H_Sup,Flat,0.017,A,39,601.83,0,601.83,0.12295831048635146,0.5101108286393061,0.5101108286393061,True,True,False,False
2026-02-13,long,1H/4H_Sup,Flat,0.017,B,40,602.04,1,601.83,0.08803401767325866,0.4750514915952451,0.4750514915952451,True,False,False,False
2026-02-13,long,1H/4H_Sup,Flat,0.017,C,40,602.04,1,601.83,0.08803401767325866,0.4750514915952451,0.4750514915952451,True,False,False,False
2026-02-13,long,1H/4H_Sup,Flat,0.017,A,81,601.85,0,601.88,0.30617263437732367,0.3372933455179816,0.432001329234863,True,False,False,False
2026-02-13,long,1H/4H_Sup,Flat,0.017,B,84,602.22,3,601.88,0.2756467736043254,0.2756467736043254,0.37693866029025636,False,False,False,False
2026-02-13,short,PMH,Flat,0.017,A,21,600.26,0,600.26,0.22490254223170336,0.22490254223170336,0.22490254223170336,False,False,False,False
2026-02-13,short,PMH,Flat,0.017,B,26,599.16,5,600.26,0.04172508178116029,0.04172508178116029,0.04172508178116029,False,False,False,False
2026-02-13,short,PMH,Flat,0.017,A,35,599.5,0,599.59,0.0050041701417802694,0.0050041701417802694,0.0050041701417802694,False,False,False,False
2026-02-13,short,PMH,Flat,0.017,A,52,600.21,0,600.19,0.016660835374289456,0.061645090884857714,0.061645090884857714,False,False,False,False
2026-02-18,long,1H/4H_Sup,Flat,0.118,A,24,603.968,0,603.96,0.6460607184486669,0.7454037299989513,0.8381404312811253,True,True,True,True
2026-02-18,long,1H/4H_Sup,Flat,0.118,B,25,604.4,1,603.96,0.5741230972865697,0.6733951025810804,0.7710125744539987,True,True,True,True
2026-02-18,long,1H/4H_Sup,Flat,0.118,C,25,604.4,1,603.96,0.5741230972865697,0.6733951025810804,0.7710125744539987,True,True,True,True
2026-02-19,long,PML,Flat,-0.449,A,23,604.04,0,604.07,0.26157208131912474,0.26157208131912474,0.26157208131912474,False,False,False,False
2026-02-19,long,PML,Flat,-0.449,B,25,604.57,2,604.07,0.1736771589724853,0.1736771589724853,0.1736771589724853,False,False,False,False
2026-02-19,long,PML,Flat,-0.449,C,25,604.57,2,604.07,0.1736771589724853,0.1736771589724853,0.1736771589724853,False,False,False,False
2026-02-19,long,PDL,Flat,-0.449,A,17,602.36,0,602.38,0.5412045952586478,0.5412045952586478,0.5412045952586478,True,True,False,False
2026-02-19,long,PDL,Flat,-0.449,B,22,603.72,5,602.38,0.314715430994497,0.314715430994497,0.314715430994497,False,False,False,False
2026-02-19,long,PDL,Flat,-0.449,C,23,604.04,6,602.38,0.26157208131912474,0.26157208131912474,0.26157208131912474,False,False,False,False
2026-02-19,short,PMH,Flat,-0.449,A,141,602.12,0,602.11,0.013286388095403064,0.013286388095403064,0.12455988839433998,False,False,False,False
2026-02-20,long,1H/4H_Sup,Gap Down,-0.545,A,30,605.27,0,605.22,0.6129495927437403,0.6129495927437403,0.7913823582863786,True,True,True,True
2026-02-20,long,1H/4H_Sup,Gap Down,-0.545,B,31,608.485,1,605.22,0.0813495813372564,0.0813495813372564,0.30156865000781224,False,False,False,False
2026-02-20,long,1H/4H_Sup,Gap Down,-0.545,C,31,608.485,1,605.22,0.0813495813372564,0.0813495813372564,0.30156865000781224,False,False,False,False
2026-02-20,long,1H/4H_Sup,Gap Down,-0.545,A,48,606.89,0,606.91,0.1664222511493007,0.4102885201601623,0.5701197910659322,True,True,False,False
2026-02-20,long,1H/4H_Sup,Gap Down,-0.545,B,51,607.38,3,606.91,0.08561361915110505,0.3622114656393107,0.48898547861306385,True,False,False,False
2026-02-20,long,1H/4H_Sup,Gap Down,-0.545,C,73,608.13,25,606.91,0.31407758209592823,0.36505352473978053,0.36505352473978053,False,False,False,False
2026-02-20,long,1H/4H_Sup,Gap Down,-0.545,A,32,606.98,0,606.98,0.13344756005139305,0.15157006820652394,0.5502652476193667,True,True,False,False
2026-02-20,long,1H/4H_Sup,Gap Down,-0.545,A,48,606.89,0,606.91,0.1664222511493007,0.4102885201601623,0.5701197910659322,True,True,False,False
2026-02-20,long,1H/4H_Sup,Gap Down,-0.545,B,51,607.38,3,606.91,0.08561361915110505,0.3622114656393107,0.48898547861306385,True,False,False,False
2026-02-20,long,1H/4H_Sup,Gap Down,-0.545,C,73,608.13,25,606.91,0.31407758209592823,0.36505352473978053,0.36505352473978053,False,False,False,False
2026-02-24,long,PML,Flat,0.145,A,49,604.51,0,604.53,0.5210831913450527,0.549205141354163,0.6120659707862641,True,True,True,False
2026-02-24,long,PML,Flat,0.145,B,50,605.03,1,604.53,0.4346891889658357,0.462786969241206,0.5255937722096531,True,True,False,False
2026-02-24,long,PML,Flat,0.145,C,52,605.54,3,604.53,0.35010073653268237,0.3781748521980509,0.4409287578029648,True,False,False,False
2026-02-24,long,1H/4H_Sup,Flat,0.145,A,36,604.17,0,604.19,0.26648128837910084,0.5776519853683582,0.612410414287377,True,True,True,False
2026-02-24,long,1H/4H_Sup,Flat,0.145,B,39,604.68,3,604.19,0.22821988489779643,0.4928226499966955,0.5275517629159315,True,True,False,False
2026-02-24,long,1H/4H_Sup,Flat,0.145,C,53,605.81,17,604.19,0.305376273088926,0.33343787656197416,0.39616381373699533,False,False,False,False
2026-02-27,long,PML,Gap Down,-0.99,A,16,605.01,0,605.0,0.22148394241418026,0.38346473612007237,0.4776780549081811,True,False,False,False
2026-02-27,long,PML,Gap Down,-0.99,B,18,605.61,2,605.0,0.1221908488961558,0.2840111622991739,0.37813114050295793,False,False,False,False
2026-02-27,long,PML,Gap Down,-0.99,C,18,605.61,2,605.0,0.1221908488961558,0.2840111622991739,0.37813114050295793,False,False,False,False
2026-02-27,long,PDL,Gap Down,-0.99,A,32,605.71,0,605.71,0.267454722557,0.27901140809957586,0.3615591619751929,False,False,False,False
2026-02-27,long,PDL,Gap Down,-0.99,B,37,606.51,5,605.71,0.13519974938583867,0.14674119140656977,0.24072150500404552,False,False,False,False
2026-02-27,long,PDL,Gap Down,-0.99,C,37,606.51,5,605.71,0.13519974938583867,0.14674119140656977,0.24072150500404552,False,False,False,False
2026-03-03,long,PML,Gap Down,-1.927,A,23,596.75,0,596.74,0.03519061583578322,0.03519061583578322,0.03519061583578322,False,False,False,False
2026-03-03,short,PMH,Gap Down,-1.927,A,32,594.91,0,594.9,0.19666840362407073,0.5110016641172553,0.5110016641172553,True,True,False,False
2026-03-03,short,PMH,Gap Down,-1.927,B,46,594.72,14,594.9,0.47921711057304656,0.47921711057304656,0.47921711057304656,True,False,False,False
2026-03-03,short,PMH,Gap Down,-1.927,C,46,594.72,14,594.9,0.02017756255044467,0.02017756255044467,0.5683346785041693,True,True,False,False
2026-03-03,short,PMH,Gap Down,-1.927,A,46,594.72,0,594.72,0.47921711057304656,0.47921711057304656,0.47921711057304656,True,False,False,False
2026-03-03,short,PMH,Gap Down,-1.927,B,47,594.35,1,594.72,0.4172625557331569,0.4172625557331569,0.4172625557331569,True,False,False,False
2026-03-03,short,PMH,Gap Down,-1.927,C,47,594.35,1,594.72,0.011777572137618632,0.07234794313114326,0.6730041221502481,True,True,True,False
2026-03-04,long,PML,Flat,0.439,A,23,605.98,0,606.0,0.2772368725040348,0.6452358163635711,0.8581141291791695,True,True,True,True
2026-03-04,long,PML,Flat,0.439,B,30,606.87,7,606.0,0.16477993639494457,0.710201525862202,0.710201525862202,True,True,True,False
2026-03-04,long,PML,Flat,0.439,C,30,606.87,7,606.0,0.16477993639494457,0.710201525862202,0.710201525862202,True,True,True,False
2026-03-04,short,PMH,Flat,0.439,A,15,603.92,0,603.88,0.008279242283738662,0.008279242283738662,0.008279242283738662,False,False,False,False
2026-03-05,long,PML,Flat,-0.459,A,136,608.66,0,608.67,0.08050471527618196,0.33351953471561896,0.33351953471561896,False,False,False,False
2026-03-05,short,PMH,Flat,-0.459,A,99,607.7,0,607.7,0.22873128188252426,0.22873128188252426,0.22873128188252426,False,False,False,False
2026-03-05,short,PMH,Flat,-0.459,B,100,607.26,1,607.7,0.15644040443962148,0.15644040443962148,0.15644040443962148,False,False,False,False
2026-03-05,short,PMH,Flat,-0.459,C,100,607.26,1,607.7,0.1350327701478856,0.2338372361097321,0.5648321970819853,True,True,False,False
2026-03-05,short,PDH,Flat,-0.459,A,47,610.88,0,610.89,0.7873886851754756,0.7873886851754756,0.7873886851754756,True,True,True,True
2026-03-05,short,PDH,Flat,-0.459,B,49,610.35,2,610.89,0.7012369951667031,0.7012369951667031,0.7012369951667031,True,True,True,False
2026-03-05,short,PDH,Flat,-0.459,C,49,610.35,2,610.89,0.0016384041943132473,0.0016384041943132473,0.0016384041943132473,False,False,False,False
2026-03-06,long,PML,Gap Down,-1.38,A,9,600.2,0,600.22,0.2532489170276544,0.3932022659113462,0.856381206264576,True,True,True,True
2026-03-06,long,PML,Gap Down,-1.38,B,21,601.27,12,600.22,0.21454587789178967,0.30435578026511234,0.676900560480325,True,True,True,False
2026-03-06,long,PML,Gap Down,-1.38,C,30,601.71,21,600.22,0.2310082930315245,0.49026939887984766,0.6032806501470801,True,True,True,False
2026-03-06,long,PML,Gap Down,-1.38,A,30,601.71,0,601.63,0.2310082930315245,0.49026939887984766,0.6032806501470801,True,True,True,False
2026-03-06,long,PML,Gap Down,-1.38,B,43,602.82,13,601.63,0.1625692578215561,0.4180352343983248,0.4445771540426578,True,False,False,False
2026-03-06,long,PML,Gap Down,-1.38,C,43,602.82,13,601.63,0.1625692578215561,0.4180352343983248,0.4445771540426578,True,False,False,False
2026-03-06,long,PDL,Gap Down,-1.38,A,86,604.91,0,604.9,0.09753517052123983,0.09753517052123983,0.16035443289084778,False,False,False,False
2026-03-06,long,PDL,Gap Down,-1.38,B,93,605.09,7,604.9,0.06775851526218714,0.06775851526218714,0.15039085094778762,False,False,False,False
2026-03-06,long,PDL,Gap Down,-1.38,C,93,605.09,7,604.9,0.06775851526218714,0.06775851526218714,0.15039085094778762,False,False,False,False
2026-03-06,long,PDL,Gap Down,-1.38,A,126,604.08,0,604.09,0.2979737783075014,0.31783869686133603,0.31783869686133603,False,False,False,False
2026-03-06,long,PDL,Gap Down,-1.38,B,127,604.57,1,604.09,0.2166829316704344,0.23653174983872005,0.23653174983872005,False,False,False,False
2026-03-06,long,PDL,Gap Down,-1.38,C,127,604.57,1,604.09,0.2166829316704344,0.23653174983872005,0.23653174983872005,False,False,False,False
2026-03-06,long,1H/4H_Sup,Gap Down,-1.38,A,93,605.09,0,605.12,0.06775851526218714,0.06775851526218714,0.15039085094778762,False,False,False,False
2026-03-06,long,1H/4H_Sup,Gap Down,-1.38,B,94,605.32,1,605.12,0.023128262737062436,0.023128262737062436,0.11233727615144881,False,False,False,False
2026-03-06,long,1H/4H_Sup,Gap Down,-1.38,C,94,605.32,1,605.12,0.023128262737062436,0.023128262737062436,0.11233727615144881,False,False,False,False
2026-03-06,long,1H/4H_Sup,Gap Down,-1.38,A,148,605.25,0,605.26,0.12391573729863693,0.12391573729863693,0.12391573729863693,False,False,False,False
2026-03-10,long,PML,Flat,-0.099,A,55,608.15,0,608.16,0.3617528570254124,0.5434514511222666,0.6988407465263504,True,True,True,False
2026-03-10,long,PML,Flat,-0.099,B,56,608.59,1,608.16,0.32862846908427673,0.4781544225176174,0.6260372336055382,True,True,True,False
2026-03-10,long,PML,Flat,-0.099,C,56,608.59,1,608.16,0.32862846908427673,0.4781544225176174,0.6260372336055382,True,True,True,False
2026-03-10,long,1H/4H_Sup,Flat,-0.099,A,55,608.15,0,608.16,0.3617528570254124,0.5434514511222666,0.6988407465263504,True,True,True,False
2026-03-10,long,1H/4H_Sup,Flat,-0.099,B,56,608.59,1,608.16,0.32862846908427673,0.4781544225176174,0.6260372336055382,True,True,True,False
2026-03-10,long,1H/4H_Sup,Flat,-0.099,C,56,608.59,1,608.16,0.32862846908427673,0.4781544225176174,0.6260372336055382,True,True,True,False
2026-03-10,long,1H/4H_Sup,Flat,-0.099,A,52,607.91,0,607.93,0.32897961869356074,0.5313286506226281,0.738596173775725,True,True,True,False
2026-03-10,long,1H/4H_Sup,Flat,-0.099,B,55,608.15,3,607.93,0.3617528570254124,0.5434514511222666,0.6988407465263504,True,True,True,False
2026-03-10,long,1H/4H_Sup,Flat,-0.099,C,55,608.15,3,607.93,0.3617528570254124,0.5434514511222666,0.6988407465263504,True,True,True,False
2026-03-10,short,PMH,Flat,-0.099,A,33,606.37,0,606.39,0.15667001995482058,0.15667001995482058,0.15667001995482058,False,False,False,False
2026-03-10,short,PMH,Flat,-0.099,B,39,605.62,6,606.39,0.033024008454153674,0.033024008454153674,0.033024008454153674,False,False,False,False
2026-03-10,short,PMH,Flat,-0.099,C,39,605.62,6,606.39,0.4392193124401388,0.7669825963475416,1.1195138865955503,True,True,True,True
2026-03-10,short,PDH,Flat,-0.099,A,25,607.67,0,607.66,0.3603929764510245,0.370266756627775,0.370266756627775,False,False,False,False
2026-03-10,short,PDH,Flat,-0.099,B,26,607.37,1,607.66,0.3111777005778992,0.3210563577391122,0.3210563577391122,False,False,False,False
2026-03-10,short,PDH,Flat,-0.099,C,28,606.92,3,607.66,0.17300467936467215,0.2801028142094585,0.782640216173466,True,True,True,True
2026-03-10,short,1H/4H_Res,Flat,-0.099,A,25,607.67,0,607.66,0.3603929764510245,0.370266756627775,0.370266756627775,False,False,False,False
2026-03-10,short,1H/4H_Res,Flat,-0.099,B,26,607.37,1,607.66,0.3111777005778992,0.3210563577391122,0.3210563577391122,False,False,False,False
2026-03-10,short,1H/4H_Res,Flat,-0.099,C,28,606.92,3,607.66,0.17300467936467215,0.2801028142094585,0.782640216173466,True,True,True,True
2026-03-10,short,1H/4H_Res,Flat,-0.099,A,25,607.67,0,607.66,0.3603929764510245,0.370266756627775,0.370266756627775,False,False,False,False
2026-03-10,short,1H/4H_Res,Flat,-0.099,B,26,607.37,1,607.66,0.3111777005778992,0.3210563577391122,0.3210563577391122,False,False,False,False
2026-03-10,short,1H/4H_Res,Flat,-0.099,C,28,606.92,3,607.66,0.17300467936467215,0.2801028142094585,0.782640216173466,True,True,True,True
2026-03-11,long,1H/4H_Sup,Flat,0.174,A,34,611.04,0,611.03,0.10964912280702946,0.10964912280702946,0.10964912280702946,False,False,False,False
2026-03-13,long,1H/4H_Sup,Flat,0.377,A,58,600.68,0,600.71,0.17328694146635126,0.17328694146635126,0.17328694146635126,False,False,False,False
2026-03-13,long,1H/4H_Sup,Flat,0.377,B,61,601.6609,3,600.71,0.00997239474927806,0.00997239474927806,0.00997239474927806,False,False,False,False
2026-03-13,long,1H/4H_Sup,Flat,0.377,C,61,601.6609,3,600.71,0.00997239474927806,0.00997239474927806,0.00997239474927806,False,False,False,False
2026-03-13,long,1H/4H_Sup,Flat,0.377,A,24,603.2,0,603.2,0.009946949602112967,0.009946949602112967,0.009946949602112967,False,False,False,False
2026-03-13,short,PMH,Flat,0.377,A,71,599.03,0,599.04,0.5308582207902692,0.6276814182929054,0.7912792347628681,True,True,True,True
2026-03-13,short,PMH,Flat,0.377,B,73,598.86,2,599.04,0.5101359249240329,0.5994723307617861,0.8415990381725217,True,True,True,True
2026-03-13,short,PMH,Flat,0.377,C,73,598.86,2,599.04,0.021707911698893804,0.021707911698893804,0.021707911698893804,False,False,False,False
2026-03-13,short,PDH,Flat,0.377,A,26,602.35,0,602.38,0.3785174732298452,0.47978749896239503,1.079106831576326,True,True,True,True
2026-03-13,short,PDH,Flat,0.377,B,29,601.71,3,602.38,0.28917584883083364,0.37393428728124845,1.0303967027305587,True,True,True,True
2026-03-13,short,PDH,Flat,0.377,C,40,600.35,14,602.38,0.08328475056217206,0.22835012909136437,0.22835012909136437,False,False,False,False
2026-03-18,long,PML,Flat,-0.354,A,36,602.09,0,602.1,0.11626168845188123,0.11626168845188123,0.11626168845188123,False,False,False,False
2026-03-18,long,PML,Flat,-0.354,B,37,602.54,1,602.1,0.04149102134298138,0.04149102134298138,0.04149102134298138,False,False,False,False
2026-03-18,long,PML,Flat,-0.354,C,38,602.76,2,602.1,0.0,0.0,0.0,False,False,False,False
2026-03-18,short,PMH,Flat,-0.354,A,21,601.75,0,601.72,0.10137100124636704,0.1927710843373441,0.5051931865392544,True,True,False,False
2026-03-18,short,PMH,Flat,-0.354,B,32,601.41,11,601.72,0.13634625297217146,0.44894497929863686,0.44894497929863686,True,False,False,False
2026-03-18,short,PMH,Flat,-0.354,C,32,601.41,11,601.72,0.2294607671970861,0.2294607671970861,0.2294607671970861,False,False,False,False
2026-03-19,long,PML,Gap Down,-0.923,A,29,591.28,0,591.3,0.18434582600460558,0.18434582600460558,0.18434582600460558,False,False,False,False
2026-03-19,long,PML,Gap Down,-0.923,B,30,591.94,1,591.3,0.07264249755041895,0.07264249755041895,0.07264249755041895,False,False,False,False
2026-03-19,long,PML,Gap Down,-0.923,C,30,591.94,1,591.3,0.07264249755041895,0.07264249755041895,0.07264249755041895,False,False,False,False
2026-03-19,long,PML,Gap Down,-0.923,A,63,591.29,0,591.26,0.15559201068850698,0.15559201068850698,0.3111840213769947,False,False,False,False
2026-03-19,long,PML,Gap Down,-0.923,B,64,591.63,1,591.26,0.0980342443757147,0.19475009718912048,0.2535368389026926,False,False,False,False
2026-03-19,long,PML,Gap Down,-0.923,C,64,591.63,1,591.26,0.0980342443757147,0.19475009718912048,0.2535368389026926,False,False,False,False
2026-03-19,long,PML,Gap Down,-0.923,A,79,591.19,0,591.2,0.26932119961432605,0.3281516940408229,0.3281516940408229,False,False,False,False
2026-03-19,long,PML,Gap Down,-0.923,B,81,591.77,2,591.2,0.2298190175237024,0.2298190175237024,0.2298190175237024,False,False,False,False
2026-03-19,long,PML,Gap Down,-0.923,C,95,592.76,16,591.2,0.06241986638774623,0.06241986638774623,0.06241986638774623,False,False,False,False
2026-03-19,short,PMH,Gap Down,-0.923,A,121,589.65,0,589.62,0.14415331128636016,0.14415331128636016,0.14415331128636016,False,False,False,False
2026-03-19,short,PMH,Gap Down,-0.923,B,124,589.29,3,589.62,0.08315091041762275,0.08315091041762275,0.08315091041762275,False,False,False,False
2026-03-19,short,PMH,Gap Down,-0.923,C,124,589.29,3,589.62,0.09842352661678308,0.41405759473265363,0.4259362962208744,True,False,False,False
2026-03-24,long,PML,Flat,-0.499,A,105,586.5,0,586.52,0.24381926683716112,0.24381926683716112,0.24381926683716112,False,False,False,False
2026-03-24,long,PML,Flat,-0.499,B,106,586.89,1,586.52,0.17720526844893655,0.17720526844893655,0.17720526844893655,False,False,False,False
2026-03-24,long,PML,Flat,-0.499,C,106,586.89,1,586.52,0.17720526844893655,0.17720526844893655,0.17720526844893655,False,False,False,False
2026-03-24,long,PDL,Flat,-0.499,A,141,587.66,0,587.67,0.0,0.0,0.0,False,False,False,False
2026-03-24,short,PMH,Flat,-0.499,A,88,585.38,0,585.35,0.389490587310802,0.389490587310802,0.389490587310802,False,False,False,False
2026-03-24,short,PMH,Flat,-0.499,B,89,584.54,1,585.35,0.011975228384701875,0.011975228384701875,0.011975228384701875,False,False,False,False
2026-03-24,short,PMH,Flat,-0.499,A,147,585.71,0,585.72,0.10585443308121843,0.10585443308121843,0.19292824093834754,False,False,False,False
2026-03-25,long,1H/4H_Sup,Gap Up,0.871,A,35,588.39,0,588.36,0.34500926256394104,0.4316864664593151,0.4775743979333536,True,False,False,False
2026-03-25,long,1H/4H_Sup,Gap Up,0.871,B,39,588.84,4,588.36,0.3532368724950627,0.35493512668974897,0.4007879899463374,True,False,False,False
2026-03-25,long,1H/4H_Sup,Gap Up,0.871,C,42,589.28,7,588.36,0.27830572902524886,0.3020635351615485,0.3258213412978674,False,False,False,False
2026-03-25,short,PMH,Gap Up,0.871,A,127,588.39,0,588.39,0.23623786944033487,0.2855249069494638,0.2855249069494638,False,False,False,False
2026-03-25,short,PMH,Gap Up,0.871,B,128,587.82,1,588.39,0.13949848593107583,0.18883331632132516,0.18883331632132516,False,False,False,False
2026-03-26,long,PML,Gap Down,-0.93,A,30,583.88,0,583.92,0.1284510515859423,0.1284510515859423,0.1284510515859423,False,False,False,False
2026-03-26,short,PMH,Gap Down,-0.93,A,83,580.81,0,580.81,0.1997210791825155,0.1997210791825155,0.1997210791825155,False,False,False,False
2026-03-26,short,PMH,Gap Down,-0.93,B,84,580.55,1,580.81,0.15502540694168931,0.15502540694168931,0.15502540694168931,False,False,False,False
2026-03-26,short,PMH,Gap Down,-0.93,C,84,580.55,1,580.81,0.24804065110671855,0.24804065110671855,0.24804065110671855,False,False,False,False
2026-03-26,short,PMH,Gap Down,-0.93,A,106,580.82,0,580.81,0.1206914362453121,0.12396267346166234,0.2685857925002684,False,False,False,False
2026-03-26,short,PMH,Gap Down,-0.93,B,107,580.68,1,580.81,0.09988289591512146,0.09988289591512146,0.2445408831025624,False,False,False,False
2026-03-26,short,PMH,Gap Down,-0.93,C,107,580.68,1,580.81,0.10504925260040189,0.21182062409589075,0.21182062409589075,False,False,False,False
2026-03-27,short,PMH,Gap Down,-0.535,A,12,569.13,0,569.11,0.47967951083232624,0.5236062059634913,0.5798323757313715,True,True,False,False
2026-03-27,short,PMH,Gap Down,-0.535,B,22,568.16,10,569.11,0.3537735849056588,0.3537735849056588,0.4400168966488313,True,False,False,False
2026-03-27,short,PMH,Gap Down,-0.535,C,24,567.71,12,569.11,0.0052843881559198735,0.13387116661675694,0.13387116661675694,False,False,False,False
2026-03-27,short,PMH,Gap Down,-0.535,A,128,568.89,0,568.89,0.23378860588163633,0.29706973228566874,0.5238271019001949,True,True,False,False
2026-03-27,short,PMH,Gap Down,-0.535,B,129,568.6,1,568.89,0.1829053816391272,0.2708406612733164,0.5029897995075648,True,True,False,False
2026-03-31,short,PDH,Gap Up,1.129,A,77,566.555,0,566.54,0.41390509306244117,0.41390509306244117,0.41390509306244117,True,False,False,False
2026-03-31,short,PDH,Gap Up,1.129,B,78,566.11,1,566.54,0.3356238186924762,0.3356238186924762,0.3356238186924762,False,False,False,False
2026-03-31,short,PDH,Gap Up,1.129,C,78,566.11,1,566.54,0.05122679337937213,0.4292451996961633,0.4292451996961633,True,False,False,False
2026-04-01,long,PML,Gap Up,0.735,A,21,582.02,0,582.02,0.23195079206900499,0.402048039586274,0.5498092849043066,True,True,False,False
2026-04-01,long,PML,Gap Up,0.735,B,23,582.27,2,582.02,0.22666460576708172,0.35894001064798664,0.5667473852336662,True,True,False,False
2026-04-09,long,PML,Flat,0.003,A,105,606.2,0,606.2,0.05113823820520379,0.24579346750247594,0.6862421643022052,True,True,True,False
2026-04-09,long,PML,Flat,0.003,B,109,606.36,4,606.2,0.2193416452272645,0.3149943927699664,0.6596741209842337,True,True,True,False
2026-04-09,long,PML,Flat,0.003,C,109,606.36,4,606.2,0.2193416452272645,0.3149943927699664,0.6596741209842337,True,True,True,False
2026-04-10,long,PML,Flat,0.317,A,22,612.279,0,612.28,0.04262762564124643,0.04262762564124643,0.1520548638774219,False,False,False,False
2026-04-10,long,PML,Flat,0.317,A,76,612.24,0,612.25,0.10126747680648186,0.18783483601201773,0.23356853521494023,False,False,False,False
2026-04-10,long,PML,Flat,0.317,B,101,612.845,25,612.25,0.1346180518728115,0.1346180518728115,0.1346180518728115,False,False,False,False
2026-04-10,long,PML,Flat,0.317,C,105,613.33,29,612.25,0.055435083886312124,0.055435083886312124,0.055435083886312124,False,False,False,False
2026-04-10,long,1H/4H_Sup,Flat,0.317,A,44,611.98,0,611.98,0.12663812542893185,0.2009869603581846,0.23039968626425178,False,False,False,False
2026-04-10,long,1H/4H_Sup,Flat,0.317,B,45,612.16,1,611.98,0.12250065342394557,0.17152378463148005,0.20092786199686655,False,False,False,False
2026-04-10,long,1H/4H_Sup,Flat,0.317,C,45,612.16,1,611.98,0.12250065342394557,0.17152378463148005,0.20092786199686655,False,False,False,False
2026-04-10,long,1H/4H_Sup,Flat,0.317,A,44,611.98,0,611.98,0.12663812542893185,0.2009869603581846,0.23039968626425178,False,False,False,False
2026-04-10,long,1H/4H_Sup,Flat,0.317,B,45,612.16,1,611.98,0.12250065342394557,0.17152378463148005,0.20092786199686655,False,False,False,False
2026-04-10,long,1H/4H_Sup,Flat,0.317,C,45,612.16,1,611.98,0.12250065342394557,0.17152378463148005,0.20092786199686655,False,False,False,False
2026-04-10,short,PMH,Flat,0.317,A,147,610.35,0,610.32,0.02129925452609084,0.02129925452609084,0.1261571229622318,False,False,False,False
2026-04-15,long,PML,Flat,0.132,A,17,629.69,0,629.66,0.14351506296748526,0.22868395559718918,0.4017850053200738,True,False,False,False
2026-04-15,long,PML,Flat,0.132,B,21,629.78,4,629.66,0.1292038489631363,0.21436057035790637,0.4443774016323286,True,False,False,False
2026-04-15,long,PML,Flat,0.132,C,27,630.07,10,629.66,0.08311774882155357,0.26187566460869066,0.4285238148142161,True,False,False,False
2026-04-15,long,1H/4H_Sup,Flat,0.132,A,23,629.88,0,629.86,0.11330729662793185,0.2794183018987729,0.4286530767765361,True,False,False,False
2026-04-15,long,1H/4H_Sup,Flat,0.132,B,29,630.26,6,629.86,0.11582521499064168,0.25386348491099275,0.3982483419541128,False,False,False,False
2026-04-15,long,1H/4H_Sup,Flat,0.132,C,29,630.26,6,629.86,0.11582521499064168,0.25386348491099275,0.3982483419541128,False,False,False,False
2026-04-15,long,1H/4H_Sup,Flat,0.132,A,21,629.78,0,629.79,0.1292038489631363,0.21436057035790637,0.4443774016323286,True,False,False,False
2026-04-15,long,1H/4H_Sup,Flat,0.132,B,27,630.07,6,629.79,0.08311774882155357,0.26187566460869066,0.4285238148142161,True,False,False,False
2026-04-15,long,1H/4H_Sup,Flat,0.132,C,27,630.07,6,629.79,0.08311774882155357,0.26187566460869066,0.4285238148142161,True,False,False,False
2026-04-16,long,1H/4H_Sup,Flat,0.372,A,92,638.95,0,638.91,0.2535409656467649,0.28171218405195314,0.45073949448313566,True,False,False,False
2026-04-16,long,1H/4H_Sup,Flat,0.372,B,93,639.19,1,638.91,0.21589824621786874,0.2440588870288874,0.4130227318950525,True,False,False,False
2026-04-16,long,1H/4H_Sup,Flat,0.372,C,93,639.19,1,638.91,0.21589824621786874,0.2440588870288874,0.4130227318950525,True,False,False,False
2026-04-16,long,1H/4H_Sup,Flat,0.372,A,90,638.6203,0,638.63,0.30529878239072683,0.33348454472868416,0.5025991187564814,True,True,False,False
2026-04-16,long,1H/4H_Sup,Flat,0.372,B,92,638.95,2,638.63,0.2535409656467649,0.28171218405195314,0.45073949448313566,True,False,False,False
2026-04-16,long,1H/4H_Sup,Flat,0.372,C,92,638.95,2,638.63,0.2535409656467649,0.28171218405195314,0.45073949448313566,True,False,False,False
2026-04-16,short,PMH,Flat,0.372,A,21,636.67,0,636.67,0.22225014528719175,0.22225014528719175,0.22225014528719175,False,False,False,False
2026-04-16,short,PMH,Flat,0.372,B,22,636.3,1,636.67,0.16423070878515783,0.16423070878515783,0.16423070878515783,False,False,False,False
2026-04-16,short,PMH,Flat,0.372,C,22,636.3,1,636.67,0.17601760176017675,0.2514537168002551,0.3928964325003929,False,False,False,False
2026-04-21,long,1H/4H_Sup,Flat,0.264,A,83,648.33,0,648.33,0.006169697530572952,0.006169697530572952,0.006169697530572952,False,False,False,False
2026-04-21,short,PDH,Flat,0.264,A,114,647.06,0,647.05,0.22872685686024552,0.22872685686024552,0.22872685686024552,False,False,False,False
2026-04-21,short,PDH,Flat,0.264,B,115,646.755,1,647.05,0.18167621433154046,0.18167621433154046,0.18167621433154046,False,False,False,False
2026-04-21,short,PDH,Flat,0.264,C,116,646.33,2,647.05,0.12532297742638365,0.1392477526959877,0.21815481255704794,False,False,False,False
2026-04-22,long,PML,Gap Up,0.985,A,37,650.67,0,650.66,0.27662255828608867,0.3442605314521968,0.38575622051116404,False,False,False,False
2026-04-22,long,PML,Gap Up,0.985,B,40,650.74,3,650.66,0.28582844146664005,0.37495774041859126,0.37495774041859126,False,False,False,False
2026-04-22,long,PML,Gap Up,0.985,C,40,650.74,3,650.66,0.28582844146664005,0.37495774041859126,0.37495774041859126,False,False,False,False
2026-04-22,long,1H/4H_Sup,Gap Up,0.985,A,22,649.33,0,649.33,0.22022700321869462,0.4835599772072769,0.5929188548195692,True,True,False,False
2026-04-22,long,1H/4H_Sup,Gap Up,0.985,B,30,650.31,8,649.33,0.20607095077732263,0.399809321708112,0.4413279820393358,True,False,False,False
2026-04-22,long,1H/4H_Sup,Gap Up,0.985,C,30,650.31,8,649.33,0.20607095077732263,0.399809321708112,0.4413279820393358,True,False,False,False
2026-04-22,long,1H/4H_Sup,Gap Up,0.985,A,22,649.33,0,649.33,0.22022700321869462,0.4835599772072769,0.5929188548195692,True,True,False,False
2026-04-22,long,1H/4H_Sup,Gap Up,0.985,B,30,650.31,8,649.33,0.20607095077732263,0.399809321708112,0.4413279820393358,True,False,False,False
2026-04-22,long,1H/4H_Sup,Gap Up,0.985,C,30,650.31,8,649.33,0.20607095077732263,0.399809321708112,0.4413279820393358,True,False,False,False
2026-04-29,long,1H/4H_Sup,Flat,0.199,A,64,660.52,0,660.52,0.10749106764368019,0.10749106764368019,0.10749106764368019,False,False,False,False
2026-04-29,long,1H/4H_Sup,Flat,0.199,B,65,660.75,1,660.52,0.07264472190692671,0.07264472190692671,0.07264472190692671,False,False,False,False
2026-04-29,long,1H/4H_Sup,Flat,0.199,C,65,660.75,1,660.52,0.07264472190692671,0.07264472190692671,0.07264472190692671,False,False,False,False
2026-04-30,long,1H/4H_Sup,Gap Up,0.512,A,98,663.06,0,663.06,0.08747323017525427,0.170421982927655,0.170421982927655,False,False,False,False
2026-04-30,long,1H/4H_Sup,Gap Up,0.512,B,99,663.38,1,663.06,0.03919322258735429,0.12210196267600154,0.12210196267600154,False,False,False,False
2026-04-30,long,1H/4H_Sup,Gap Up,0.512,C,99,663.38,1,663.06,0.03919322258735429,0.12210196267600154,0.12210196267600154,False,False,False,False
2026-04-30,long,1H/4H_Sup,Gap Up,0.512,A,99,663.38,0,663.37,0.03919322258735429,0.12210196267600154,0.12210196267600154,False,False,False,False
2026-04-30,long,1H/4H_Sup,Gap Up,0.512,B,100,663.42,1,663.37,0.03316149648790016,0.11606523770765059,0.11606523770765059,False,False,False,False
2026-04-30,long,1H/4H_Sup,Gap Up,0.512,C,100,663.42,1,663.37,0.03316149648790016,0.11606523770765059,0.11606523770765059,False,False,False,False
2026-04-30,short,PDH,Gap Up,0.512,A,21,660.31,0,660.31,0.2589692720085903,0.416471051475822,0.416471051475822,True,False,False,False
2026-04-30,short,PDH,Gap Up,0.512,B,22,660.01,1,660.31,0.21363312677080168,0.3712064968712664,0.3712064968712664,False,False,False,False
2026-04-30,short,PDH,Gap Up,0.512,C,22,660.01,1,660.31,0.14242208451387928,0.14242208451387928,0.26363236920652855,False,False,False,False
2026-05-06,long,PML,Gap Up,0.919,A,24,690.29,0,690.28,0.03331932955714528,0.03331932955714528,0.17963464630807474,False,False,False,False
2026-05-06,short,PMH,Gap Up,0.919,A,34,688.38,0,688.39,0.11040413724977352,0.11040413724977352,0.11040413724977352,False,False,False,False
2026-05-06,short,PMH,Gap Up,0.919,B,36,687.79,2,688.39,0.024716846711926473,0.024716846711926473,0.024716846711926473,False,False,False,False
2026-05-06,short,PMH,Gap Up,0.919,C,36,687.79,2,688.39,0.3751144971575686,0.3751144971575686,0.5844807281292229,True,True,False,False
2026-05-12,long,PML,Gap Down,-0.695,A,8,707.93,0,707.88,0.3178280338451542,0.3178280338451542,0.3178280338451542,False,False,False,False
2026-05-12,long,PML,Gap Down,-0.695,B,9,708.52,1,707.88,0.23429119855472932,0.23429119855472932,0.23429119855472932,False,False,False,False
2026-05-12,long,PML,Gap Down,-0.695,C,9,708.52,1,707.88,0.23429119855472932,0.23429119855472932,0.23429119855472932,False,False,False,False
2026-05-12,short,PMH,Gap Down,-0.695,A,27,706.63,0,706.64,0.20760511158597633,0.20760511158597633,0.49672388661675715,True,False,False,False
2026-05-12,short,PMH,Gap Down,-0.695,B,28,706.21,1,706.64,0.14825618442106814,0.1798331940924062,0.46161906515059126,True,False,False,False
2026-05-12,short,PMH,Gap Down,-0.695,C,28,706.21,1,706.64,0.21504934792766556,0.32143413432264933,0.32143413432264933,False,False,False,False
2026-05-12,short,PMH,Gap Down,-0.695,A,55,706.67,0,706.71,0.5023561209616871,0.5023561209616871,1.0047122419233743,True,True,True,True
2026-05-12,short,PMH,Gap Down,-0.695,B,56,706.48,1,706.71,0.4755973275959707,0.4755973275959707,0.9780885516928954,True,True,True,True
2026-05-12,short,PMH,Gap Down,-0.695,C,58,705.3,3,706.71,0.10350205586275601,0.10350205586275601,0.10350205586275601,False,False,False,False
2026-05-13,short,PDH,Flat,0.466,A,14,708.16,0,708.2,0.4702327157704371,0.4702327157704371,0.4702327157704371,True,False,False,False
2026-05-13,short,PDH,Flat,0.466,B,15,707.1199,1,708.2,0.3238347556050945,0.3238347556050945,0.3238347556050945,False,False,False,False
2026-05-13,short,PDH,Flat,0.466,C,15,707.1199,1,708.2,0.19232947623168484,0.19232947623168484,0.3818447196861551,False,False,False,False
2026-05-14,long,1H/4H_Sup,Flat,0.028,A,45,717.76,0,717.82,0.20759028087383094,0.3120820329915305,0.48275189478377617,True,False,False,False
2026-05-14,long,1H/4H_Sup,Flat,0.028,B,46,718.0,1,717.82,0.17409470752089137,0.3091922005571069,0.4491643454039029,True,False,False,False
2026-05-14,long,1H/4H_Sup,Flat,0.028,C,48,718.22,3,717.82,0.14341009718470285,0.2798585391662709,0.4497229261229175,True,False,False,False
2026-05-14,long,1H/4H_Sup,Flat,0.028,A,49,718.5,0,718.5,0.10438413361169101,0.3061795407098061,0.44537230340988804,True,False,False,False
2026-05-14,long,1H/4H_Sup,Flat,0.028,B,50,718.7199,1,718.5,0.07375613225680096,0.2810691619920301,0.41463997309661144,True,False,False,False
2026-05-14,long,1H/4H_Sup,Flat,0.028,C,50,718.7199,1,718.5,0.07375613225680096,0.2810691619920301,0.41463997309661144,True,False,False,False
2026-05-15,long,PML,Gap Down,-1.342,A,68,711.91,0,711.89,0.028093438777379933,0.028093438777379933,0.0941130199042116,False,False,False,False
2026-05-15,long,PML,Gap Down,-1.342,B,70,711.99,2,711.89,0.014045141083445376,0.014045141083445376,0.08286633239231335,False,False,False,False
2026-05-15,long,PML,Gap Down,-1.342,A,120,711.84,0,711.84,0.10395594515621616,0.10395594515621616,0.10395594515621616,False,False,False,False
2026-05-15,long,PML,Gap Down,-1.342,B,121,712.13,1,711.84,0.06319070956146286,0.06319070956146286,0.06319070956146286,False,False,False,False
2026-05-15,long,PML,Gap Down,-1.342,C,121,712.13,1,711.84,0.06319070956146286,0.06319070956146286,0.06319070956146286,False,False,False,False
2026-05-15,short,PMH,Gap Down,-1.342,A,12,707.62,0,707.63,0.29252988892344056,0.29252988892344056,0.29252988892344056,False,False,False,False
2026-05-15,short,PMH,Gap Down,-1.342,B,15,706.61,3,707.63,0.15001202926650614,0.15001202926650614,0.15001202926650614,False,False,False,False
2026-05-15,short,PMH,Gap Down,-1.342,C,15,706.61,3,707.63,0.52928772590255,0.6722237160527023,0.8576159409009135,True,True,True,True
2026-05-19,short,1H/4H_Res,Gap Down,-0.814,A,26,701.96,0,701.99,0.6097213516439806,0.9558949227876284,0.9558949227876284,True,True,True,True
2026-05-19,short,1H/4H_Res,Gap Down,-0.814,B,30,701.395,4,701.99,0.7135779411030868,0.8761111784372546,0.8761111784372546,True,True,True,True
2026-05-19,short,1H/4H_Res,Gap Down,-0.814,C,35,699.4101,9,701.99,0.1286655711720332,0.1286655711720332,0.1286655711720332,False,False,False,False
2026-05-20,long,PML,Gap Up,0.568,A,50,708.27,0,708.29,0.228726333178026,0.228726333178026,0.6861789995340779,True,True,True,False
2026-05-20,long,PML,Gap Up,0.568,B,60,709.325,10,708.29,0.07965319141436449,0.13886441335070665,0.5364254749233356,True,True,False,False
2026-05-20,long,PML,Gap Up,0.568,C,60,709.325,10,708.29,0.07965319141436449,0.13886441335070665,0.5364254749233356,True,True,False,False
2026-05-20,long,1H/4H_Sup,Gap Up,0.568,A,50,708.27,0,708.29,0.228726333178026,0.228726333178026,0.6861789995340779,True,True,True,False
2026-05-20,long,1H/4H_Sup,Gap Up,0.568,B,60,709.325,10,708.29,0.07965319141436449,0.13886441335070665,0.5364254749233356,True,True,False,False
2026-05-20,long,1H/4H_Sup,Gap Up,0.568,C,60,709.325,10,708.29,0.07965319141436449,0.13886441335070665,0.5364254749233356,True,True,False,False
2026-05-20,short,PDH,Gap Up,0.568,A,41,704.67,0,704.72,0.12488115004186294,0.12488115004186294,0.12488115004186294,False,False,False,False
2026-05-20,short,PDH,Gap Up,0.568,B,42,704.11,1,704.72,0.04544744429138203,0.04544744429138203,0.04544744429138203,False,False,False,False
2026-05-20,short,PDH,Gap Up,0.568,C,42,704.11,1,704.72,0.7214781781255828,0.8208944625129557,0.8848049310477082,True,True,True,True
2026-05-21,long,PML,Gap Down,-0.507,A,30,711.09,0,711.08,0.11250333994289816,0.11250333994289816,0.11250333994289816,False,False,False,False
2026-05-21,long,PML,Gap Down,-0.507,B,31,711.35,1,711.08,0.07591199831306158,0.07591199831306158,0.07591199831306158,False,False,False,False
2026-05-21,long,PML,Gap Down,-0.507,C,31,711.35,1,711.08,0.07591199831306158,0.07591199831306158,0.07591199831306158,False,False,False,False
2026-05-21,short,PMH,Gap Down,-0.507,A,80,707.85,0,707.99,0.01695274422547214,0.14127286854559581,0.14127286854559581,False,False,False,False
2026-05-21,short,PMH,Gap Down,-0.507,B,97,707.66,17,707.99,0.11446174716671079,0.11446174716671079,0.11446174716671079,False,False,False,False
2026-05-21,short,PMH,Gap Down,-0.507,C,97,707.66,17,707.99,0.3320803775824581,0.3320803775824581,0.4776305005228494,True,False,False,False
2026-05-22,long,PML,Flat,0.457,A,70,719.12,0,719.13,0.0959506062965765,0.23640004449883822,0.3003671153632173,False,False,False,False
2026-05-22,long,PML,Flat,0.457,B,71,719.21,1,719.13,0.08342486895342237,0.2238567316917192,0.287815797889342,False,False,False,False
2026-05-22,long,PML,Flat,0.457,C,71,719.21,1,719.13,0.08342486895342237,0.2238567316917192,0.287815797889342,False,False,False,False
2026-05-22,long,1H/4H_Sup,Flat,0.457,A,57,717.29,0,717.28,0.28998034267869915,0.3594083285700468,0.5172245535278669,True,True,False,False
2026-05-22,long,1H/4H_Sup,Flat,0.457,B,58,717.43,1,717.28,0.2843343601466488,0.33982409433674393,0.5199113502362626,True,True,False,False
2026-05-22,long,1H/4H_Sup,Flat,0.457,C,66,718.74,9,717.28,0.10991457272448502,0.27826474107465843,0.3533962211648111,False,False,False,False
2026-05-28,long,PML,Flat,0.051,A,36,728.57,0,728.56,0.5874521322590791,0.5874521322590791,0.7754917166504217,True,True,True,True
2026-05-28,long,PML,Flat,0.051,B,37,728.665,1,728.56,0.5743380016880266,0.5743380016880266,0.7623530703409748,True,True,True,True
2026-05-28,long,PML,Flat,0.051,C,38,729.12,2,728.56,0.5115755979811305,0.5115755979811305,0.6994733377221888,True,True,True,False
2026-05-28,long,1H/4H_Sup,Flat,0.051,A,48,732.26,0,732.23,0.01911889219675885,0.05653729549613351,0.267664490754655,False,False,False,False
2026-05-28,long,1H/4H_Sup,Flat,0.051,A,70,732.18,0,732.16,0.08194706219782333,0.2786200114725993,0.441148351498268,True,False,False,False
2026-05-28,long,1H/4H_Sup,Flat,0.051,B,74,732.39,4,732.16,0.1406354537882785,0.24986687420637108,0.41234861207826184,True,False,False,False
2026-05-28,long,1H/4H_Sup,Flat,0.051,C,74,732.39,4,732.16,0.1406354537882785,0.24986687420637108,0.41234861207826184,True,False,False,False
2026-05-28,long,1H/4H_Sup,Flat,0.051,A,48,732.26,0,732.23,0.01911889219675885,0.05653729549613351,0.267664490754655,False,False,False,False
2026-05-28,long,1H/4H_Sup,Flat,0.051,A,70,732.18,0,732.16,0.08194706219782333,0.2786200114725993,0.441148351498268,True,False,False,False
2026-05-28,long,1H/4H_Sup,Flat,0.051,B,74,732.39,4,732.16,0.1406354537882785,0.24986687420637108,0.41234861207826184,True,False,False,False
2026-05-28,long,1H/4H_Sup,Flat,0.051,C,74,732.39,4,732.16,0.1406354537882785,0.24986687420637108,0.41234861207826184,True,False,False,False
2026-05-28,short,PDH,Flat,0.051,A,50,731.39,0,731.34,0.2054307551374699,0.2054307551374699,0.2054307551374699,False,False,False,False
2026-05-28,short,PDH,Flat,0.051,B,52,730.63,2,731.34,0.10162462532334424,0.10162462532334424,0.10162462532334424,False,False,False,False
2026-05-29,long,PML,Flat,0.324,A,97,737.76,0,737.76,0.2155172413793147,0.2155172413793147,0.2155172413793147,False,False,False,False
2026-05-29,long,PML,Flat,0.324,B,98,738.18,1,737.76,0.15849792733480625,0.15849792733480625,0.15849792733480625,False,False,False,False
2026-05-29,long,PML,Flat,0.324,C,100,738.51,3,737.76,0.11374253564610252,0.11374253564610252,0.13919919838594197,False,False,False,False
2026-05-29,long,1H/4H_Sup,Flat,0.324,A,86,738.04,0,737.99,0.1341390710530607,0.17749715462577356,0.17749715462577356,False,False,False,False
2026-05-29,long,1H/4H_Sup,Flat,0.324,B,100,738.51,14,737.99,0.11374253564610252,0.11374253564610252,0.13919919838594197,False,False,False,False
2026-05-29,long,1H/4H_Sup,Flat,0.324,C,100,738.51,14,737.99,0.11374253564610252,0.11374253564610252,0.13919919838594197,False,False,False,False
2026-05-29,long,1H/4H_Sup,Flat,0.324,A,98,738.18,0,738.2,0.15849792733480625,0.15849792733480625,0.15849792733480625,False,False,False,False
2026-05-29,long,1H/4H_Sup,Flat,0.324,B,100,738.51,2,738.2,0.11374253564610252,0.11374253564610252,0.13919919838594197,False,False,False,False
2026-05-29,long,1H/4H_Sup,Flat,0.324,C,100,738.51,2,738.2,0.11374253564610252,0.11374253564610252,0.13919919838594197,False,False,False,False
2026-05-29,long,1H/4H_Sup,Flat,0.324,A,59,738.49,0,738.5,0.10562092919335032,0.10562092919335032,0.11645384500805883,False,False,False,False
2026-05-29,long,1H/4H_Sup,Flat,0.324,B,64,739.26,5,738.5,0.0013527040554055278,0.0013527040554055278,0.01217433649866513,False,False,False,False
2026-06-02,long,PML,Flat,0.004,A,36,743.94,0,743.89,0.09678199854825839,0.09678199854825839,0.10350297066967522,False,False,False,False
2026-06-02,long,PML,Flat,0.004,B,41,744.07,5,743.89,0.07929361484805436,0.07929361484805436,0.11410216780678331,False,False,False,False
2026-06-02,long,PML,Flat,0.004,C,41,744.07,5,743.89,0.07929361484805436,0.07929361484805436,0.11410216780678331,False,False,False,False
2026-06-03,short,PDH,Flat,0.166,A,112,744.33,0,744.34,0.05239611462657509,0.20924858597665075,0.2243628498112494,False,False,False,False
2026-06-03,short,PDH,Flat,0.166,B,115,743.96,3,744.34,0.02150653260929107,0.1596187967095005,0.2634550244636857,False,False,False,False
2026-06-03,short,PDH,Flat,0.166,C,115,743.96,3,744.34,0.24732512500670978,0.24732512500670978,0.24732512500670978,False,False,False,False
2026-06-04,short,PMH,Gap Down,-1.181,A,24,734.95,0,734.92,0.3170283692768271,0.3170283692768271,0.3170283692768271,False,False,False,False
2026-06-04,short,PMH,Gap Down,-1.181,B,33,734.08,9,734.92,0.19888840453357076,0.19888840453357076,0.19888840453357076,False,False,False,False
2026-06-04,short,PMH,Gap Down,-1.181,C,35,733.215,11,734.92,0.4234774247662716,0.5639546381347887,0.7207981287889593,True,True,True,False
2026-06-09,long,PDL,Gap Up,1.006,A,49,715.1,0,715.11,0.39435044049782353,0.39435044049782353,0.39435044049782353,False,False,False,False
2026-06-09,long,1H/4H_Sup,Gap Up,1.006,A,12,722.66,0,722.67,0.4151329809315585,0.4151329809315585,0.4151329809315585,True,False,False,False
2026-06-09,long,1H/4H_Sup,Gap Up,1.006,B,13,723.37,1,722.67,0.31657381423061,0.31657381423061,0.31657381423061,False,False,False,False
2026-06-09,long,1H/4H_Sup,Gap Up,1.006,C,13,723.37,1,722.67,0.31657381423061,0.31657381423061,0.31657381423061,False,False,False,False
2026-06-09,short,PMH,Gap Up,1.006,A,37,721.09,0,721.09,0.9818469261812035,0.9818469261812035,1.9317976951559532,True,True,True,True
2026-06-09,short,PMH,Gap Up,1.006,B,39,720.48,2,721.09,0.8980124361536791,0.8980124361536791,1.8487674883411127,True,True,True,True
2026-06-09,short,PMH,Gap Up,1.006,C,40,718.87,3,721.09,0.04312323507726647,0.04312323507726647,0.04312323507726647,False,False,False,False
2026-06-09,short,PDH,Gap Up,1.006,A,30,721.045,0,721.06,0.9604116247945627,0.975667260711879,1.925677315562828,True,True,True,True
2026-06-09,short,PDH,Gap Up,1.006,B,40,718.87,10,721.06,0.6760610402437177,0.6760610402437177,1.628945428241551,True,True,True,True
2026-06-09,short,PDH,Gap Up,1.006,C,40,718.87,10,721.06,0.04312323507726647,0.04312323507726647,0.04312323507726647,False,False,False,False
2026-06-09,short,1H/4H_Res,Gap Up,1.006,A,59,715.95,0,715.95,0.6299322578392332,1.2277393672742618,2.0182973671345827,True,True,True,True
2026-06-09,short,1H/4H_Res,Gap Up,1.006,B,60,714.655,1,715.95,0.6317733731660713,1.0487577922214222,1.9030161406552843,True,True,True,True
2026-06-09,short,1H/4H_Res,Gap Up,1.006,C,73,713.48,14,715.95,0.014015809833495365,0.014015809833495365,0.014015809833495365,False,False,False,False
2026-06-10,long,PML,Gap Down,-0.887,A,144,699.89,0,699.92,0.3929188872537113,0.3929188872537113,0.3929188872537113,False,False,False,False
2026-06-10,long,PML,Gap Down,-0.887,B,147,701.54,3,699.92,0.15679790175899064,0.15679790175899064,0.15679790175899064,False,False,False,False
2026-06-10,long,1H/4H_Sup,Gap Down,-0.887,A,13,706.21,0,706.09,0.4191387830815087,0.4191387830815087,0.7179167669673236,True,True,True,False
2026-06-10,long,1H/4H_Sup,Gap Down,-0.887,B,14,707.14,1,706.09,0.28707186695703435,0.28707186695703435,0.5854569109370119,True,True,False,False
2026-06-10,long,1H/4H_Sup,Gap Down,-0.887,C,14,707.14,1,706.09,0.28707186695703435,0.28707186695703435,0.5854569109370119,True,True,False,False
2026-06-10,short,PMH,Gap Down,-0.887,A,88,702.205,0,702.21,0.4478749083245057,0.7277077206798603,0.858011549333897,True,True,True,True
2026-06-10,short,PMH,Gap Down,-0.887,B,96,701.63,8,702.21,0.6463520659036769,0.6463520659036769,0.7767626811852466,True,True,True,True
2026-06-10,short,PMH,Gap Down,-0.887,C,96,701.63,8,702.21,0.07553838917947818,0.07838889443153152,0.14395051522882302,False,False,False,False
2026-06-10,short,1H/4H_Res,Gap Down,-0.887,A,35,706.19,0,706.14,0.0007080247525608036,0.0007080247525608036,0.7179370990809909,True,True,True,False
2026-06-10,short,1H/4H_Res,Gap Down,-0.887,A,82,705.86,0,705.86,0.7154393222452141,1.2417476553424174,1.371376760264084,True,True,True,True
2026-06-10,short,1H/4H_Res,Gap Down,-0.887,B,85,703.64,3,705.86,0.5968961400716178,0.9301631516116137,1.0602012392700864,True,True,True,True
2026-06-10,short,1H/4H_Res,Gap Down,-0.887,C,85,703.64,3,705.86,0.17594224319254964,0.17594224319254964,0.17594224319254964,False,False,False,False
2026-06-10,short,1H/4H_Res,Gap Down,-0.887,A,94,702.77,0,702.74,0.8075188183900786,0.8075188183900786,0.937717887786905,True,True,True,True
2026-06-10,short,1H/4H_Res,Gap Down,-0.887,B,99,701.06,5,702.74,0.5655721336262115,0.5655721336262115,0.6960887798476587,True,True,True,False
2026-06-10,short,1H/4H_Res,Gap Down,-0.887,C,99,701.06,5,702.74,0.1597580806207749,0.1597580806207749,0.22537300659002668,False,False,False,False
2026-06-10,short,1H/4H_Res,Gap Down,-0.887,A,35,706.19,0,706.14,0.0007080247525608036,0.0007080247525608036,0.7179370990809909,True,True,True,False
2026-06-10,short,1H/4H_Res,Gap Down,-0.887,A,82,705.86,0,705.86,0.7154393222452141,1.2417476553424174,1.371376760264084,True,True,True,True
2026-06-10,short,1H/4H_Res,Gap Down,-0.887,B,85,703.64,3,705.86,0.5968961400716178,0.9301631516116137,1.0602012392700864,True,True,True,True
2026-06-10,short,1H/4H_Res,Gap Down,-0.887,C,85,703.64,3,705.86,0.17594224319254964,0.17594224319254964,0.17594224319254964,False,False,False,False
2026-06-11,long,PML,Gap Up,0.895,A,102,699.89,0,699.86,0.2729000271471186,0.4443555415851082,0.6501021589106957,True,True,True,False
2026-06-11,long,PML,Gap Up,0.895,B,105,701.22,3,699.86,0.08271298593878201,0.25384330167422103,0.4805909700236736,True,False,False,False
2026-06-11,long,PML,Gap Up,0.895,C,105,701.22,3,699.86,0.08271298593878201,0.25384330167422103,0.4805909700236736,True,False,False,False
2026-06-11,long,1H/4H_Sup,Gap Up,0.895,A,30,704.37,0,704.39,0.291040220338736,0.291040220338736,0.291040220338736,False,False,False,False
2026-06-11,long,1H/4H_Sup,Gap Up,0.895,B,31,706.26,1,704.39,0.022654546484293058,0.022654546484293058,0.022654546484293058,False,False,False,False
2026-06-11,long,1H/4H_Sup,Gap Up,0.895,C,31,706.26,1,704.39,0.022654546484293058,0.022654546484293058,0.022654546484293058,False,False,False,False
2026-06-11,short,PMH,Gap Up,0.895,A,63,700.52,0,700.52,0.1356135442242808,0.787986067492717,0.787986067492717,True,True,True,True
2026-06-11,short,PMH,Gap Up,0.895,B,79,700.07,16,700.52,0.7242132929564258,0.7242132929564258,0.7242132929564258,True,True,True,False
2026-06-11,short,PMH,Gap Up,0.895,C,85,697.8,22,700.52,0.23502436228147036,0.5732301519059904,0.7451991974777938,True,True,True,False
2026-06-11,short,PMH,Gap Up,0.895,A,112,700.67,0,700.68,0.24262491615167367,0.24262491615167367,0.24262491615167367,False,False,False,False
2026-06-11,short,PMH,Gap Up,0.895,A,139,701.04,0,701.02,0.17688006390505664,0.17688006390505664,0.17688006390505664,False,False,False,False
2026-06-11,short,PMH,Gap Up,0.895,B,143,700.01,4,701.02,0.029999571434698988,0.029999571434698988,0.029999571434698988,False,False,False,False
2026-06-12,long,PML,Flat,0.27,A,31,716.36,0,716.4,0.6218940197666034,0.6218940197666034,0.7719582332905205,True,True,True,True
2026-06-12,long,PML,Flat,0.27,B,32,716.73,1,716.4,0.5699496323580757,0.5699496323580757,0.7199363777154533,True,True,True,False
2026-06-12,long,PML,Flat,0.27,C,32,716.73,1,716.4,0.5699496323580757,0.5699496323580757,0.7199363777154533,True,True,True,False
2026-06-12,long,1H/4H_Sup,Flat,0.27,A,27,714.81,0,714.81,0.7470516640785708,0.8400833787999761,0.8967417915250322,True,True,True,True
2026-06-12,long,1H/4H_Sup,Flat,0.27,B,30,716.31,3,714.81,0.5360807471625458,0.6289176473873196,0.7789923357205737,True,True,True,True
2026-06-12,long,1H/4H_Sup,Flat,0.27,C,30,716.31,3,714.81,0.5360807471625458,0.6289176473873196,0.7789923357205737,True,True,True,True
2026-06-12,long,1H/4H_Sup,Flat,0.27,A,37,719.25,0,719.25,0.2175877650330281,0.2175877650330281,0.39902676399026826,False,False,False,False
2026-06-12,long,1H/4H_Sup,Flat,0.27,B,39,719.63,2,719.25,0.164667954365446,0.164667954365446,0.3460111446159845,False,False,False,False
2026-06-12,long,1H/4H_Sup,Flat,0.27,C,39,719.63,2,719.25,0.164667954365446,0.164667954365446,0.3460111446159845,False,False,False,False
2026-06-12,short,PMH,Flat,0.27,A,52,718.33,0,718.23,0.1266827224256375,0.5777288989740218,0.5777288989740218,True,True,False,False
2026-06-12,short,PMH,Flat,0.27,B,53,717.78,1,718.23,0.0334364289893852,0.5015464348407622,0.5015464348407622,True,True,False,False
2026-06-12,short,PMH,Flat,0.27,C,53,717.78,1,718.23,0.3622279807183292,0.3622279807183292,0.8595948619354221,True,True,True,True
2026-06-12,short,PMH,Flat,0.27,A,70,718.18,0,718.14,0.5569634353504693,0.5569634353504693,0.5569634353504693,True,True,False,False
2026-06-12,short,PMH,Flat,0.27,B,71,717.37,1,718.14,0.44467987231136713,0.44467987231136713,0.44467987231136713,True,False,False,False
2026-06-12,short,PMH,Flat,0.27,C,71,717.37,1,718.14,0.536682604513713,0.6621408756987328,0.9256032451872793,True,True,True,True
2026-06-12,short,PMH,Flat,0.27,A,147,717.95,0,717.96,0.3314994080367707,0.3314994080367707,0.3314994080367707,False,False,False,False
2026-06-12,short,PMH,Flat,0.27,B,148,716.965,1,717.96,0.19457016730244597,0.19457016730244597,0.19457016730244597,False,False,False,False
2026-06-12,short,PMH,Flat,0.27,C,149,716.26,2,717.96,0.7525200346242966,0.770669868483509,0.8446653449864511,True,True,True,True
2026-06-12,short,1H/4H_Res,Flat,0.27,A,74,715.61,0,715.62,0.19982951607720179,0.19982951607720179,0.19982951607720179,False,False,False,False
2026-06-12,short,1H/4H_Res,Flat,0.27,B,76,715.18,2,715.62,0.1398249391761515,0.1398249391761515,0.1398249391761515,False,False,False,False
2026-06-12,short,1H/4H_Res,Flat,0.27,C,76,715.18,2,715.62,0.9382253418719814,1.0976257725327923,1.2346542129254232,True,True,True,True
