date,side,ep,mfe_15m,mae_15m,mfe_30m,mae_30m,mfe_60m,mae_60m,hit_+0.25%,hit_+0.50%,hit_+0.75%,hit_+1.00%
2025-12-15,long,680.93,0.07783472603646284,0.24672139573817425,0.17182382917481576,0.24672139573817425,0.2100069023247711,0.24672139573817425,False,False,False,False
2025-12-15,long,680.72,0.10870842637207795,0.2159478199553454,0.20713362322246567,0.2159478199553454,0.2849923610294895,0.2159478199553454,True,False,False,False
2025-12-15,long,680.68,0.11459129106189199,0.21008403361343803,0.21742962919433775,0.21008403361343803,0.317329729094447,0.21008403361343803,True,False,False,False
2025-12-16,long,677.305,0.2044869002886594,0.12771203519830734,0.30636124050465385,0.12771203519830734,0.3115287795011131,0.12771203519830734,True,False,False,False
2025-12-16,long,676.74,0.28814611224399994,0.04433017111445378,0.39527735910393275,0.04433017111445378,0.39527735910393275,0.04433017111445378,True,False,False,False
2025-12-16,long,676.58,0.3118626030920236,0.020692305418425958,0.4190191847231551,0.020692305418425958,0.4190191847231551,0.020692305418425958,True,False,False,False
2025-12-17,long,676.395,0.015523473709891142,0.3511261910570007,0.015523473709891142,0.3673888778006954,0.015523473709891142,0.4383533290459024,False,False,False,False
2025-12-17,long,676.04,0.05620969173421624,0.2987988876397819,0.05620969173421624,0.3505709721318272,0.05620969173421624,0.3860718300692287,False,False,False,False
2025-12-17,long,676.03,0.05768974749641087,0.29732408325074194,0.05768974749641087,0.3845983166427559,0.05768974749641087,0.3845983166427559,False,False,False,False
2025-12-18,short,680.14,0.04704913694238485,0.06763313435469703,0.06983856264886976,0.06763313435469703,0.09115770282588946,0.08821713176699249,False,False,False,False
2025-12-18,short,680.4,0.1014109347442594,0.02939447383892497,0.1080246913580267,0.02939447383892497,0.12933568489123978,0.04997060552616576,False,False,False,False
2025-12-18,short,680.44,0.08083005114338783,0.04408911880547212,0.13520663100347902,0.04408911880547212,0.40635471165717774,0.04408911880547212,True,False,False,False
2026-01-02,long,682.875,0.15742266154128434,0.1896393922753006,0.2511440600402756,0.1896393922753006,0.2511440600402756,0.3595094270547378,True,False,False,False
2026-01-02,long,682.2,0.2565230137789505,0.09088243916740026,0.3503371445323932,0.09088243916740026,0.3503371445323932,0.2609205511580308,True,False,False,False
2026-01-02,long,682.16,0.2624017825730148,0.08502404128062732,0.3562214143309581,0.08502404128062732,0.3562214143309581,0.25507212384191524,True,False,False,False
2026-01-13,long,692.315,0.20872001906645618,0.03249965694806883,0.24916403660182274,0.03249965694806883,0.28384478163840055,0.03249965694806883,True,False,False,False
2026-01-13,long,692.13,0.2355048906997234,0.0014448152803650913,0.27595971854997875,0.0014448152803650913,0.31064973343157387,0.0014448152803650913,True,False,False,False
2026-01-14,long,687.93,0.42446179117062394,0.011629090169047323,0.42446179117062394,0.011629090169047323,0.42446179117062394,0.20641635050077176,True,False,False,False
2026-01-14,long,687.3,0.04196129783210013,0.1149425287356269,0.059653717445086844,0.1149425287356269,0.315728211843456,0.1149425287356269,True,False,False,False
2026-01-14,long,687.11,0.05748715635050892,0.08732226281090695,0.08732226281090695,0.08732226281090695,0.343467567056223,0.08732226281090695,True,False,False,False
2026-01-16,long,690.41,0.17018872843673588,0.04490085601308577,0.32589330977245407,0.04490085601308577,0.3881751423067545,0.04490085601308577,True,False,False,False
2026-01-16,long,690.28,0.20426493596802484,0.026076374804419947,0.34478762241409217,0.026076374804419947,0.41432462189256736,0.026076374804419947,True,False,False,False
2026-01-16,long,690.145,0.22459048460831682,0.0007244854342196861,0.36441617341283156,0.0007244854342196861,0.4412116294402007,0.0007244854342196861,True,False,False,False
2026-01-20,short,684.52,0.15047040261788885,0.036521942382983695,0.23227955355578098,0.036521942382983695,0.28341027289194487,0.036521942382983695,True,False,False,False
2026-01-21,short,682.29,0.09380175585161535,0.07621392662943643,0.09380175585161535,0.1656187251755112,0.09380175585161535,0.4162452915915567,False,False,False,False
2026-01-21,short,682.52,0.12746879212330842,0.04248959737443058,0.12746879212330842,0.1318642677137633,0.12746879212330842,0.38240637636992525,False,False,False,False
2026-01-21,short,682.71,0.1552635819015481,0.10399730485856698,0.1552635819015481,0.12010956335778535,0.1552635819015481,0.35446968698275383,False,False,False,False
2026-01-21,long,680.1,0.09410380826348864,0.2852521687987141,0.09410380826348864,0.2896632848110612,0.1279223643581833,0.2896632848110612,False,False,False,False
2026-01-21,long,680.05,0.10146312771120575,0.2823321814572398,0.10146312771120575,0.2823321814572398,0.13528417028160764,0.2823321814572398,False,False,False,False
2026-01-29,long,692.24,0.15457066913208373,0.3770368658268828,0.15457066913208373,0.47382410724603785,0.15457066913208373,1.0112099849763088,False,False,False,False
2026-01-29,long,691.99,0.00867064552955179,0.4378675992427597,0.00867064552955179,0.45231867512536245,0.00867064552955179,0.9821673723608777,False,False,False,False
2026-01-29,long,691.57,0.01012189655420801,0.377402142950101,0.01012189655420801,0.4366875370533851,0.01012189655420801,0.9220324768280981,False,False,False,False
2026-01-30,long,690.4401,0.20275473571132416,0.026808987484943876,0.28820747809982655,0.026808987484943876,0.28820747809982655,0.24768260128576122,True,False,False,False
2026-02-02,short,693.72,0.23352361183186365,0.09802225681830566,0.23352361183186365,0.2810932364642697,0.23352361183186365,0.2926252666781948,False,False,False,False
2026-02-02,short,694.36,0.017282101503543486,0.18866294141366804,0.017282101503543486,0.18866294141366804,0.06336770551299824,0.20018434241603583,False,False,False,False
2026-02-02,short,694.51,0.03887633007443835,0.1670242329124085,0.03887633007443835,0.1670242329124085,0.08495198053304226,0.17854314552706355,False,False,False,False
2026-02-03,long,692.95,0.06564687206868494,0.1919330399018747,0.06564687206868494,0.3102676960819815,0.06926906703223963,0.3102676960819815,False,False,False,False
2026-02-03,long,692.57,0.12055099123553542,0.1371702499386409,0.12055099123553542,0.2555698340962062,0.12417517362864401,0.2555698340962062,False,False,False,False
2026-02-03,long,692.31,0.15815169504991297,0.09966633444554332,0.15815169504991297,0.21811038407649622,0.1617772385203167,0.21811038407649622,False,False,False,False
2026-02-04,long,687.28,0.3404725875916703,0.11203585147246856,0.5194389477360101,0.11203585147246856,0.5194389477360101,0.11203585147246856,True,True,False,False
2026-02-04,long,686.89,0.3974435499133804,0.05532181280845484,0.5765115229512784,0.05532181280845484,0.5765115229512784,0.05532181280845484,True,True,False,False
2026-02-04,long,687.07,0.18775379510093054,0.07859461190272858,0.20521926441264618,0.09897099276639405,0.20521926441264618,0.3980671547295055,False,False,False,False
2026-02-05,long,678.6,0.08989095195991949,0.2799882110226904,0.08989095195991949,0.39198349543176664,0.08989095195991949,0.39198349543176664,False,False,False,False
2026-02-05,long,678.55,0.09726622945988975,0.27264018863752254,0.09726622945988975,0.38464372559131976,0.09726622945988975,0.38464372559131976,False,False,False,False
2026-02-05,long,678.45,0.1120200456923857,0.25794089468641757,0.1120200456923857,0.3699609403788032,0.1120200456923857,0.3699609403788032,False,False,False,False
2026-02-05,short,681.05,0.23052639306951564,0.07121356728581069,0.3039424418177721,0.08002349313561014,0.3039424418177721,0.22979223258205048,True,False,False,False
2026-02-05,short,681.29,0.26567247427673174,0.007339018626439287,0.33906266054102446,0.08513261606658558,0.33906266054102446,0.19448399360038243,True,False,False,False
2026-02-06,short,686.34,0.4341871375703031,0.024769064894944057,0.4706122330040531,0.024769064894944057,0.4706122330040531,0.10199026721449016,True,False,False,False
2026-02-06,short,686.41,0.4443408458501412,0.011654841858370499,0.48076222665753043,0.011654841858370499,0.48076222665753043,0.09178187963462005,True,False,False,False
2026-02-06,short,686.91,0.3755950561208786,0.018925332285160423,0.3755950561208786,0.08880348226114246,0.3755950561208786,0.16013742702828943,True,False,False,False
2026-02-09,short,693.05,0.014428973378530994,0.10316715965659504,0.014428973378530994,0.22222061900296547,0.014428973378530994,0.24817834211096276,False,False,False,False
2026-02-09,short,693.0401,0.010114854825864321,0.10964733498103534,0.010114854825864321,0.22796660683847186,0.010114854825864321,0.24961037608068123,False,False,False,False
2026-02-09,short,693.25,0.00721240533717339,0.10818608005769925,0.00721240533717339,0.1976199062387313,0.00721240533717339,0.21925712225026786,False,False,False,False
2026-02-11,long,693.11,0.0,0.539596889382639,0.0,0.5670095655812301,0.0,0.5670095655812301,False,False,False,False
2026-02-11,long,692.66,0.012993387809319412,0.4749805099182808,0.012993387809319412,0.5024109952935089,0.012993387809319412,0.5024109952935089,False,False,False,False
2026-02-11,long,692.6,0.001487149870059094,0.49379151025123774,0.001487149870059094,0.49379151025123774,0.009384926364415375,0.49379151025123774,False,False,False,False
2026-02-12,long,691.22,0.013743815283126543,0.24738867509621196,0.013743815283126543,0.6322155030236399,0.013743815283126543,1.1132490379329374,False,False,False,False
2026-02-12,long,691.145,0.024596864623208266,0.26550145049158086,0.024596864623208266,0.6604981588523307,0.024596864623208266,1.1025182848750992,False,False,False,False
2026-02-12,long,690.72,0.03764188093583375,0.22874681491777288,0.03764188093583375,0.6254343293954208,0.03764188093583375,1.0416666666666738,False,False,False,False
2026-02-13,short,683.24,0.24735085767812987,0.1946607341490605,0.35858556290615967,0.1946607341490605,0.35858556290615967,0.1946607341490605,True,False,False,False
2026-02-13,short,683.77,0.20182225017184074,0.06581160331691147,0.28372113429953655,0.06727408339061913,0.28372113429953655,0.2720212937098752,True,False,False,False
2026-02-13,short,684.05,0.24267231927490215,0.02485198450406736,0.32453767999413985,0.02631386594548113,0.32453767999413985,0.2368247935092471,True,False,False,False
2026-02-17,long,678.48,0.05600754627991915,0.32572809810164427,0.18718311519867672,0.32572809810164427,0.18718311519867672,0.39794835514680543,False,False,False,False
2026-02-17,long,678.53,0.0486345482145286,0.33307296656006236,0.17980045097490566,0.33307296656006236,0.17980045097490566,0.4052879017876881,False,False,False,False
2026-02-17,long,678.38,0.026533801114412274,0.31103511306347675,0.20195170848197244,0.31103511306347675,0.20195170848197244,0.38326601609717603,False,False,False,False
2026-02-17,short,680.93,0.04112023262302626,0.3392419191400084,0.04112023262302626,0.3392419191400084,0.04112023262302626,0.3392419191400084,False,False,False,False
2026-02-17,short,681.05,0.0014683209749637922,0.3215622935173709,0.03523970339916439,0.3215622935173709,0.03523970339916439,0.3215622935173709,False,False,False,False
2026-02-17,short,681.36,0.007338264647186246,0.27591875073382577,0.08072091111894861,0.27591875073382577,0.08072091111894861,0.27591875073382577,False,False,False,False
2026-02-18,short,686.8,0.01456027955735426,0.24242865463018018,0.01456027955735426,0.24242865463018018,0.01456027955735426,0.28028538147933435,False,False,False,False
2026-02-18,short,686.88,0.026205450733745337,0.23075355229443809,0.026205450733745337,0.23075355229443809,0.026205450733745337,0.26860587002096836,False,False,False,False
2026-02-18,short,686.96,0.0,0.21908116920926918,0.0,0.21908116920926918,0.0,0.2569290788401052,False,False,False,False
2026-02-20,short,689.0,0.6981132075471619,0.058055152394771735,0.6981132075471619,0.058055152394771735,0.6981132075471619,0.058055152394771735,True,True,False,False
2026-02-20,short,687.88,0.5364307728092023,0.02907483863465219,0.5364307728092023,0.02907483863465219,0.5364307728092023,0.1977089027155919,True,True,False,False
2026-02-20,short,688.07,0.10464051622655068,0.1598674553460998,0.10464051622655068,0.17004083886813245,0.3168282296859423,0.17004083886813245,True,False,False,False
2026-02-23,long,685.28,0.06274807378007,0.11236282979219907,0.06274807378007,0.21888862946532806,0.06274807378007,0.6457214569227111,False,False,False,False
2026-02-23,long,685.01,0.10218828922206179,0.07299163515861083,0.10218828922206179,0.20001167866162237,0.10218828922206179,0.6102100699259791,False,False,False,False
2026-02-23,long,684.03,0.06871043667675793,0.09648699618437323,0.06871043667675793,0.4641609286142354,0.06871043667675793,0.5349180591494513,False,False,False,False
2026-02-24,short,685.29,0.01751083482905114,0.1783186680091611,0.01751083482905114,0.18313414758715224,0.01751083482905114,0.23055932524917058,False,False,False,False
2026-02-24,short,685.74,0.014582786478843692,0.11257911161663815,0.08166360428151473,0.11739143115465775,0.08166360428151473,0.1647854872108956,False,False,False,False
2026-02-24,short,685.94,0.043735603697126306,0.08338921771581902,0.1107968626993767,0.08820013412250408,0.1107968626993767,0.13558037146105342,False,False,False,False
2026-02-26,long,688.57,0.002904570341429602,0.5562252203842806,0.002904570341429602,0.6128643420422073,0.04792541063362145,0.6128643420422073,False,False,False,False
2026-02-26,long,688.01,0.002892399819771066,0.47528378947980143,0.002892399819771066,0.5319690120783082,0.1424397901193323,0.5319690120783082,False,False,False,False
2026-02-26,long,687.2,0.06402793946448498,0.3579743888242195,0.06402793946448498,0.4147264260768368,0.26047729918509366,0.4147264260768368,True,False,False,False
2026-03-02,short,684.32,0.06575870937573729,0.15197568389057217,0.2586509235445545,0.15197568389057217,0.27764788403087604,0.15197568389057217,True,False,False,False
2026-03-02,short,684.79,0.18983922078300713,0.0832371968048672,0.3460915025044181,0.0832371968048672,0.3460915025044181,0.0832371968048672,True,False,False,False
2026-03-02,short,685.1899,0.11528190943853503,0.07006816650391273,0.3312804231352516,0.07006816650391273,0.3312804231352516,0.25979659069698213,True,False,False,False
2026-03-03,long,672.14,0.26631356562620345,0.07587704942422574,0.26631356562620345,0.36897075014134234,0.26631356562620345,0.36897075014134234,True,False,False,False
2026-03-03,long,671.785,0.01330782914177434,0.3163214421280618,0.10643286170427026,0.3163214421280618,0.6125471691091657,0.3163214421280618,True,True,False,False
2026-03-03,long,671.48,0.058735926609879474,0.2710430690415277,0.1519032584738163,0.2710430690415277,0.6984571394531395,0.2710430690415277,True,True,False,False
2026-03-03,short,675.12,0.05480507169095932,0.2162578504562206,0.06813603507525128,0.2562507406090796,0.06813603507525128,0.4932456452186339,False,False,False,False
2026-03-03,short,675.65,0.09916376822318641,0.13764523051876915,0.14652556797158428,0.4144157477984265,0.14652556797158428,0.4144157477984265,False,False,False,False
2026-03-03,short,676.33,0.24692088181805816,0.03696420386497715,0.24692088181805816,0.31345644877500695,0.24692088181805816,0.3193707213933979,False,False,False,False
2026-03-04,short,683.98,0.007310155267707858,0.3406532354747108,0.014620310535399096,0.3406532354747108,0.014620310535399096,0.38890026024152285,False,False,False,False
2026-03-04,short,684.46,0.027759109370898892,0.2702860649270825,0.08473833386904142,0.2702860649270825,0.08473833386904142,0.31849925488705694,False,False,False,False
2026-03-04,short,684.81,0.0,0.21903885749331933,0.13580409164585067,0.21903885749331933,0.13580409164585067,0.2672274061418556,False,False,False,False
2026-03-05,long,681.0444,0.11241557819137041,0.253199350879318,0.225477222924092,0.253199350879318,0.225477222924092,0.29871767538210503,False,False,False,False
2026-03-05,long,680.99,0.12041292823682231,0.24523120750671218,0.23348360475191002,0.24523120750671218,0.23348360475191002,0.2907531681816206,False,False,False,False
2026-03-05,long,680.815,0.1461483662962612,0.2195897563949097,0.2592481070481682,0.2195897563949097,0.2592481070481682,0.26512341825607005,True,False,False,False
2026-03-06,short,673.78,0.03710409926088634,0.316869007687968,0.19590964409747047,0.316869007687968,0.19590964409747047,0.3309685654071089,False,False,False,False
2026-03-06,short,673.91,0.0563873514267477,0.2975174726595533,0.2151622620231087,0.2975174726595533,0.2151622620231087,0.31161431051624444,False,False,False,False
2026-03-06,short,674.02,0.07269813952108381,0.28114892733153046,0.2314471380671116,0.28114892733153046,0.2314471380671116,0.29524346458562195,False,False,False,False
2026-03-09,long,662.78,0.479797217779665,0.012070370258596705,0.479797217779665,0.058843055010710396,0.8132411961736906,0.058843055010710396,True,True,True,False
2026-03-09,short,667.19,0.046463526131995246,0.16786822344457963,0.046463526131995246,0.3117552721113816,0.046463526131995246,0.4091787946461884,False,False,False,False
2026-03-09,short,667.5,0.06591760299626286,0.1213483146067334,0.06591760299626286,0.27415730337079264,0.06591760299626286,0.36254681647939463,False,False,False,False
2026-03-09,short,667.68,0.09285885454109821,0.14977234603402828,0.09285885454109821,0.24712437095616033,0.09285885454109821,0.33549005511622476,False,False,False,False
2026-03-10,short,678.94,0.048605178660859706,0.23418858809319204,0.048605178660859706,0.4043067134061759,0.048605178660859706,0.4043067134061759,False,False,False,False
2026-03-10,short,679.09,0.01767070638648847,0.22824662415879404,0.01767070638648847,0.38212902560778594,0.01767070638648847,0.38212902560778594,False,False,False,False
2026-03-10,short,679.17,0.027857531987560455,0.2164406555059893,0.027857531987560455,0.37030493101874146,0.027857531987560455,0.37030493101874146,False,False,False,False
2026-03-11,short,679.74,0.41192220554917386,0.050019124959548036,0.6686380086503603,0.050019124959548036,0.6686380086503603,0.050019124959548036,True,True,False,False
2026-03-11,long,675.35,0.29910416820907404,0.022951062412078584,0.4486562523136111,0.022951062412078584,0.48715480861774835,0.06959354408825458,True,False,False,False
2026-03-11,long,674.68,0.09041323294006251,0.09337760123317655,0.09041323294006251,0.15414715124206493,0.09041323294006251,0.17341554514732305,False,False,False,False
2026-03-11,long,674.32,0.1438486178668753,0.04745521414166123,0.1438486178668753,0.10084233005102378,0.17647407758926634,0.12012101079606997,False,False,False,False
2026-03-12,long,667.95,0.3894004042218727,0.09731267310428789,0.3894004042218727,0.09731267310428789,0.3894004042218727,0.1542031589190937,True,False,False,False
2026-03-12,long,667.71,0.42548411735633856,0.061403902891986314,0.42548411735633856,0.061403902891986314,0.42548411735633856,0.1183148372796689,True,False,False,False
2026-03-12,long,667.298,0.21759393854020215,0.0566463559009682,0.4513725501949569,0.0566463559009682,0.4513725501949569,0.0566463559009682,True,False,False,False
2026-03-13,long,667.94,0.34284516573344365,0.031439949696085934,0.34284516573344365,0.24702817618350312,0.34284516573344365,0.5105248974458906,True,False,False,False
2026-03-13,long,667.8,0.36388140161726024,0.010482180293491515,0.36388140161726024,0.2261156034740927,0.36388140161726024,0.4896675651392605,True,False,False,False
2026-03-13,long,667.71,0.0419343727067099,0.4073624777223685,0.0419343727067099,0.47625466145483275,0.0419343727067099,0.5945694987344846,False,False,False,False
2026-03-17,long,670.42,0.18346708033770148,0.01789922735002007,0.18346708033770148,0.10739536410010347,0.18346708033770148,0.10739536410010347,False,False,False,False
2026-03-18,long,665.99,0.14264478445622988,0.04054114926650277,0.14264478445622988,0.049550293547957314,0.3018063334284285,0.049550293547957314,True,False,False,False
2026-03-18,long,665.94,0.15016367840946632,0.033036009250086686,0.15016367840946632,0.04204582995466354,0.30933717752349243,0.04204582995466354,True,False,False,False
2026-03-18,long,665.84,0.16520485401898696,0.016520485401900403,0.19749489366813963,0.02703352156675232,0.32440225880090834,0.02703352156675232,True,False,False,False
2026-03-19,short,658.6,0.1153962951715747,0.08654722137867238,0.23200728818706648,0.1320983905253575,0.3887033100516336,0.1320983905253575,True,False,False,False
2026-03-19,short,658.59,0.11387965198378354,0.08806693086744821,0.25357202508390236,0.133618791660972,0.3871908167448744,0.133618791660972,True,False,False,False
2026-03-19,short,659.16,0.24273317555677268,0.04702955276413301,0.47332969233570066,0.04702955276413301,0.47332969233570066,0.04702955276413301,True,False,False,False
2026-03-20,long,652.66,0.17637054515368525,0.18079857812642877,0.17637054515368525,0.18079857812642877,0.17637054515368525,0.2236999356479519,False,False,False,False
2026-03-20,long,652.35,0.031624128152056716,0.13336399172223568,0.17628573618456003,0.13336399172223568,0.17628573618456003,0.17628573618456003,False,False,False,False
2026-03-20,long,652.04,0.07821606036439342,0.08588430157658203,0.22391264339611627,0.08588430157658203,0.22391264339611627,0.12882645236487303,False,False,False,False
2026-03-23,short,660.69,0.3193630901027734,0.06962418078068726,0.3193630901027734,0.23914392529021583,0.3193630901027734,0.2913620608757442,True,False,False,False
2026-03-23,short,660.96,0.09229000242072344,0.19819656257563928,0.15280803679496352,0.19819656257563928,0.15280803679496352,0.2503933672234285,False,False,False,False
2026-03-23,short,661.17,0.12402256605713151,0.16637173495470498,0.18452137876792862,0.16637173495470498,0.18452137876792862,0.21855196091777454,False,False,False,False
2026-03-23,long,657.31,0.018256226133788404,0.2251601223167006,0.04868326969010817,0.3712099313870078,0.04868326969010817,0.512695683923855,False,False,False,False
2026-03-23,long,657.21,0.033474840614098014,0.209978545670333,0.06390651389966054,0.35605057744100543,0.06390651389966054,0.49755785821883136,False,False,False,False
2026-03-23,long,656.635,0.15153014993108874,0.1225947444166013,0.15153014993108874,0.2687946880687119,0.15153014993108874,0.4104258834816811,False,False,False,False
2026-03-24,short,655.27,0.6180658354571329,0.05341309689136123,0.6180658354571329,0.17855235246540704,0.6180658354571329,0.2685915729393976,True,True,False,False
2026-03-24,short,655.52,0.06254576519403957,0.19984134732732167,0.06254576519403957,0.19984134732732167,0.18611178911399,0.2303514766902598,False,False,False,False
2026-03-24,short,655.845,0.11206916268325802,0.15018792550069204,0.11206916268325802,0.15018792550069204,0.23557395421175317,0.18068293575462882,False,False,False,False
2026-03-25,long,657.09,0.08826796938013472,0.21610433882726454,0.19479827725273138,0.21610433882726454,0.5189547854936108,0.21610433882726454,True,True,False,False
2026-03-25,long,657.13,0.08217552082540192,0.2221782600094405,0.2160911843927319,0.2221782600094405,0.5128361207067101,0.2221782600094405,True,True,False,False
2026-03-25,long,656.78,0.12332896860441231,0.16900636438381403,0.5663997076646712,0.16900636438381403,0.5663997076646712,0.16900636438381403,True,True,False,False
2026-03-27,long,638.72,0.1972851953907762,0.009393787575159556,0.32565130260519903,0.009393787575159556,0.32565130260519903,0.06575651302606349,True,False,False,False
2026-03-30,long,635.97,0.10377848011698164,0.20283975659230424,0.13208170196706104,0.20283975659230424,0.1540953189615891,0.20283975659230424,False,False,False,False
2026-03-30,long,635.52,0.1463368580060523,0.13217522658610772,0.20298338368579488,0.13217522658610772,0.22501258811682776,0.13217522658610772,False,False,False,False
2026-03-30,long,635.19,0.2314268171728008,0.08029093657017657,0.25504179851696196,0.08029093657017657,0.3195894141910251,0.08029093657017657,True,False,False,False
2026-03-31,short,642.31,0.1868256760754047,0.09964036057357041,0.22107705002256842,0.09964036057357041,0.6492192243620618,0.09964036057357041,True,True,False,False
2026-03-31,short,642.75,0.27382341501361196,0.0077635161415759825,0.2893815635939344,0.0077635161415759825,0.7421236872812107,0.0077635161415759825,True,True,False,False
2026-03-31,long,638.89,0.37408630593685716,0.14243453489645605,0.5321729875252356,0.14243453489645605,0.5321729875252356,0.14243453489645605,True,True,False,False
2026-03-31,long,638.81,0.3866564393168591,0.12992908689593577,0.5447629185516849,0.12992908689593577,0.5447629185516849,0.12992908689593577,True,True,False,False
2026-03-31,long,638.67,0.40866175019963574,0.10803701442058354,0.5668028872500672,0.10803701442058354,0.5668028872500672,0.10803701442058354,True,True,False,False
2026-04-01,short,656.68,0.07751111652553769,0.059389657062815994,0.07751111652553769,0.059389657062815994,0.11421087896692453,0.14162148991899612,False,False,False,False
2026-04-01,short,656.79,0.06394738044123069,0.042631586960837776,0.13093987423682055,0.042631586960837776,0.13093987423682055,0.19869364637099587,False,False,False,False
2026-04-01,short,657.09,0.06391818472356492,0.059352600100440786,0.06391818472356492,0.15294708487421743,0.06391818472356492,0.15294708487421743,False,False,False,False
2026-04-02,short,648.75,0.0631984585741762,0.27283236994219373,0.0631984585741762,0.3622350674373831,0.0631984585741762,1.4566473988439377,False,False,False,False
2026-04-02,short,649.06,0.07857517024620081,0.2249406834499178,0.07857517024620081,0.3143006809848207,0.07857517024620081,1.4081903059809726,False,False,False,False
2026-04-02,short,649.44,0.1370411431387195,0.1662971175166185,0.1370411431387195,0.25560482877555557,0.1370411431387195,1.348854397634884,False,False,False,False
2026-04-07,long,652.23,0.36183554880947116,0.04752924581820203,0.47682565965993795,0.04752924581820203,0.47682565965993795,0.17938457292673946,True,False,False,False
2026-04-07,long,651.98,0.42946102641184614,0.003067578760081875,0.5153532316942259,0.003067578760081875,0.5153532316942259,0.14110862296390575,True,True,False,False
2026-04-07,long,652.1,0.2698972550222345,0.15948474160406031,0.2698972550222345,0.15948474160406031,0.751418494095994,0.15948474160406031,True,True,True,False
2026-04-08,long,672.845,0.1686866960444071,0.20584235596608297,0.1686866960444071,0.20584235596608297,0.33217159969978427,0.20584235596608297,True,False,False,False
2026-04-08,long,672.86,0.16645364563207865,0.2080670570400941,0.16645364563207865,0.2080670570400941,0.32993490473501574,0.2080670570400941,True,False,False,False
2026-04-08,long,671.69,0.3409310842799451,0.002977564054860947,0.3409310842799451,0.002977564054860947,0.5106522354062066,0.002977564054860947,True,True,False,False
2026-04-09,short,677.39,0.09448028462185541,0.15485909151300997,0.09448028462185541,0.4960214942647535,0.09448028462185541,0.4960214942647535,False,False,False,False
2026-04-09,short,677.71,0.14165350961326179,0.10756813386255598,0.14165350961326179,0.44856944710863994,0.14165350961326179,0.44856944710863994,False,False,False,False
2026-04-09,short,678.01,0.023598471998933373,0.4041238329818158,0.023598471998933373,0.4041238329818158,0.023598471998933373,0.4041238329818158,False,False,False,False
2026-04-14,short,692.41,0.028884620383866758,0.05343654771017238,0.028884620383866758,0.12853656070824893,0.028884620383866758,0.18630580147601528,False,False,False,False
2026-04-14,short,692.68,0.028873361436728622,0.08950742045388992,0.028873361436728622,0.08950742045388992,0.028873361436728622,0.1501414794710512,False,False,False,False
2026-04-14,short,692.685,0.029594981845994538,0.08878494553801644,0.029594981845994538,0.08878494553801644,0.029594981845994538,0.14941856688106164,False,False,False,False
2026-04-17,short,710.19,0.0774440642645022,0.15770427632040593,0.0774440642645022,0.16122446105971386,0.0774440642645022,0.16122446105971386,False,False,False,False
2026-04-17,short,710.325,0.01830148171611522,0.14218843487136043,0.01830148171611522,0.14218843487136043,0.06546299229226506,0.1443001443001411,False,False,False,False
2026-04-17,short,710.56,0.05136793514972633,0.10906890340014791,0.05136793514972633,0.10906890340014791,0.0985138482323705,0.111179914433697,False,False,False,False
2026-04-20,long,706.4,0.20243488108721172,0.036806342015853755,0.30011325028312635,0.036806342015853755,0.30011325028312635,0.036806342015853755,True,False,False,False
2026-04-20,long,706.25,0.2237168141592978,0.0,0.32141592920353723,0.0,0.32141592920353723,0.0,True,False,False,False
2026-04-21,long,707.59,0.08620811486878187,0.20350768100171773,0.08620811486878187,0.20350768100171773,0.08620811486878187,0.21905340663379474,False,False,False,False
2026-04-21,long,707.25,0.13432308236126483,0.15553199010251295,0.13432308236126483,0.15553199010251295,0.13432308236126483,0.17108518911276585,False,False,False,False
2026-04-21,long,706.89,0.18531879075953248,0.10468389707026682,0.18531879075953248,0.10468389707026682,0.18531879075953248,0.12024501690503794,False,False,False,False
2026-04-24,short,713.45,0.1219426729273256,0.09671315439062875,0.1219426729273256,0.09671315439062875,0.1219426729273256,0.09671315439062875,False,False,False,False
2026-04-24,short,713.9,0.061633281972256745,0.02241210253536464,0.1274688331699073,0.02241210253536464,0.14707942288835335,0.02241210253536464,False,False,False,False
2026-04-30,short,714.77,0.18187668760579692,0.025182925976197052,0.18187668760579692,0.04197154329365645,0.18187668760579692,0.08674118947353758,False,False,False,False
2026-04-30,short,714.98,0.1272762874485955,0.012587764692723128,0.1272762874485955,0.05734426137793619,0.1370667710984948,0.05734426137793619,False,False,False,False
2026-05-04,long,717.59,0.16304575035883428,0.03344528212489152,0.16304575035883428,0.08500675873409796,0.16304575035883428,0.3623238896863143,False,False,False,False
2026-05-04,long,717.6,0.1588628762541787,0.04459308807135591,0.1588628762541787,0.09197324414715276,0.1588628762541787,0.3637123745819417,False,False,False,False
2026-05-04,long,717.6,0.1031215161649957,0.1170568561872954,0.1031215161649957,0.3637123745819417,0.1031215161649957,0.3637123745819417,False,False,False,False
2026-05-06,short,732.1,0.04234394208442277,0.053271411009423085,0.09834722032509592,0.053271411009423085,0.15844829941264418,0.053271411009423085,False,False,False,False
2026-05-06,short,732.37,0.13517757417698828,0.01638516050630208,0.13517757417698828,0.01638516050630208,0.19525649603341888,0.01638516050630208,False,False,False,False
2026-05-12,long,732.28,0.13792538373299706,0.06145190364340577,0.19801168951767706,0.06145190364340577,0.19801168951767706,0.06145190364340577,False,False,False,False
2026-05-12,long,732.13,0.15844180678294403,0.040976329340411476,0.21854042314889743,0.040976329340411476,0.21854042314889743,0.040976329340411476,False,False,False,False
2026-05-12,long,731.9,0.1899166552807742,0.009564148107656283,0.2500341576718187,0.009564148107656283,0.2500341576718187,0.009564148107656283,True,False,False,False
2026-05-14,short,748.2,0.001336541031808461,0.08152900294037689,0.001336541031808461,0.08286554397220056,0.001336541031808461,0.17775995723067725,False,False,False,False
2026-05-14,short,748.22,0.004009515917774547,0.07885381304962687,0.004009515917774547,0.0801903183555669,0.004009515917774547,0.17508219507630715,False,False,False,False
2026-05-14,short,748.34,0.0013362909907249252,0.06414196755485717,0.016035491888714292,0.06414196755485717,0.016035491888714292,0.15901862789640284,False,False,False,False
2026-05-15,short,742.29,0.19803580810733185,0.05254011235500766,0.24788155572618764,0.05254011235500766,0.2896442091365878,0.05254011235500766,True,False,False,False
2026-05-15,short,742.33,0.20341357617232103,0.0471488421591353,0.26403351609123116,0.0471488421591353,0.2950170409386734,0.0471488421591353,True,False,False,False
2026-05-18,long,736.7,0.2769105470340659,0.04479435319669349,0.3149178770191307,0.04479435319669349,0.3149178770191307,0.20225329170625886,True,False,False,False
2026-05-18,long,736.36,0.07469172687271912,0.15617361073387706,0.13648215546743378,0.15617361073387706,0.13648215546743378,0.15617361073387706,False,False,False,False
2026-05-18,long,736.315,0.082165920835499,0.15007164053428465,0.1426020113674113,0.15007164053428465,0.18945695795956644,0.15007164053428465,False,False,False,False
2026-05-19,long,731.825,0.19881802343455435,0.010248351723437361,0.22478051446725403,0.04031018344550579,0.2917364123936721,0.04031018344550579,True,False,False,False
2026-05-20,short,737.99,0.20596485047222618,0.13414815918915013,0.20596485047222618,0.13414815918915013,0.20596485047222618,0.5257523814685829,False,False,False,False
2026-05-20,short,738.5,0.14353419092754846,0.0649966147596504,0.14353419092754846,0.13270142180095032,0.14353419092754846,0.4563303994583622,False,False,False,False
2026-05-20,short,738.71,0.17192132230509696,0.036550202379821824,0.17192132230509696,0.10694318474096243,0.17192132230509696,0.42777273896386514,False,False,False,False
2026-05-28,short,752.76,0.13550135501354774,0.17402625006643008,0.1368297996705421,0.17402625006643008,0.1368297996705421,0.17402625006643008,False,False,False,False
2026-05-28,short,753.62,0.22292402006315518,0.05971179108835295,0.25078952257105525,0.05971179108835295,0.25078952257105525,0.05971179108835295,True,False,False,False
2026-06-04,short,755.85,0.0674737051002171,0.015876165905934318,0.10981014751604695,0.015876165905934318,0.13891645167692904,0.09922603691208574,False,False,False,False
2026-06-05,long,747.16,0.006692007066768592,0.129824937095122,0.006692007066768592,0.2757106911504826,0.006692007066768592,0.4577332833663418,False,False,False,False
2026-06-05,long,746.84,0.029470837127095785,0.08703336725402727,0.029470837127095785,0.23699855390712626,0.029470837127095785,0.415082213057686,False,False,False,False
2026-06-05,long,746.8,0.03482860203536147,0.08168184252810659,0.03482860203536147,0.2383502945902481,0.03482860203536147,0.40974825923941427,False,False,False,False
2026-06-08,short,744.98,0.05503503449756613,0.0483234449246978,0.34766033987490025,0.0483234449246978,0.417460871432792,0.0483234449246978,True,False,False,False
2026-06-08,short,745.16,0.10333351226581967,0.0241558859842267,0.42541199205539204,0.0241558859842267,0.44151591604487145,0.0241558859842267,True,False,False,False
2026-06-09,long,741.845,0.0477323430096606,0.3268876921729024,0.0477323430096606,0.46303473097480724,0.0477323430096606,0.9698791526531889,False,False,False,False
2026-06-09,long,741.55,0.08753287033916655,0.28723619445755455,0.08753287033916655,0.4827725709662096,0.08753287033916655,0.9304834468343305,False,False,False,False
2026-06-09,long,741.18,0.13749696430018268,0.23745918670228433,0.13749696430018268,0.5410291697023654,0.13749696430018268,0.8810275506624535,False,False,False,False
2026-06-10,short,737.72,0.2629724014531332,0.08946483760776014,0.47917909233856765,0.08946483760776014,1.112888358726893,0.08946483760776014,True,True,True,True
2026-06-10,short,738.22,0.33052477581209594,0.021673755790952313,0.6583403321503093,0.021673755790952313,1.179865080870206,0.021673755790952313,True,True,True,True
2026-06-10,long,733.36,0.14454019853822753,0.3354423475510031,0.14454019853822753,0.5249809097851018,0.14454019853822753,0.6640667612086839,False,False,False,False
2026-06-10,long,732.32,0.2867598863884516,0.2225802927681881,0.2867598863884516,0.3837120384531433,0.2867598863884516,0.5229954118418234,True,False,False,False
2026-06-10,long,732.24,0.05052988091336236,0.37282858079318504,0.05052988091336236,0.37282858079318504,0.07238064022724418,0.5121271714192068,False,False,False,False
2026-06-11,short,730.8,0.18883415435139514,0.10604816639300645,0.5268199233716351,0.10604816639300645,0.5268199233716351,0.10604816639300645,True,True,False,False
2026-06-11,short,731.3,0.25707643921783063,0.037604266374961164,0.5948311226582674,0.037604266374961164,0.5948311226582674,0.037604266374961164,True,True,False,False
2026-06-11,long,726.32,0.14181077211146226,0.26365789183831884,0.33869368873222855,0.26365789183831884,0.43231633439805955,0.26365789183831884,True,False,False,False
2026-06-11,long,725.97,0.24932159731117615,0.2155736462939315,0.38706833615713393,0.2155736462939315,0.480736118572394,0.2155736462939315,True,False,False,False
2026-06-11,long,725.29,0.3570985398943915,0.12202015745425843,0.4811868356105847,0.12202015745425843,0.5749424368183862,0.12202015745425843,True,True,False,False
2026-06-12,short,740.15,0.18374653786394834,0.13510774842937243,0.18374653786394834,0.14186313585085028,0.4026210903195323,0.3823549280551295,True,False,False,False
2026-06-12,short,740.45,0.22418799378757268,0.09453710581402279,0.22418799378757268,0.10128975622932,0.44297386724290444,0.3416841110135691,True,False,False,False
2026-06-12,short,740.82,0.2574174563321777,0.008099133392719612,0.4926972813909034,0.05129451148727025,0.4926972813909034,0.37256013606543975,True,False,False,False
