date,side,ep,mfe_5m,mae_5m,mfe_10m,mae_10m,mfe_15m,mae_15m,hit_+0.25%,hit_+0.50%,hit_+0.75%
2025-12-15,short,683.41,0.0556035176541162,0.048287265331212734,0.12583953995405595,0.048287265331212734,0.25021582944351456,0.048287265331212734,True,False,False
2025-12-16,short,677.87,0.02802897310694596,0.4646908699308093,0.02802897310694596,0.4646908699308093,0.02802897310694596,0.47354212459616685,False,False,False
2025-12-16,long,680.69,0.04848021860170228,0.16371622912045805,0.05729480380202241,0.16371622912045805,0.05729480380202241,0.23946289794181036,False,False,False
2025-12-17,short,677.87,0.027291368551500897,0.17407467508518595,0.027291368551500897,0.21685573930104993,0.027291368551500897,0.24340950329708902,False,False,False
2025-12-18,long,678.86,0.08249123530624067,0.026515039919875034,0.19518015496566768,0.026515039919875034,0.2504198214653878,0.026515039919875034,True,False,False
2025-12-18,short,675.6,0.06068679692125047,0.14061574896387385,0.10361160449971069,0.14061574896387385,0.10361160449971069,0.14061574896387385,False,False,False
2025-12-19,long,679.45,0.027963794245336796,0.09566561189198483,0.05004047391271147,0.09566561189198483,0.15748031496062054,0.09566561189198483,False,False,False
2025-12-22,short,682.89,0.030751658393011524,0.11202389843166342,0.030751658393011524,0.14936519790888458,0.030751658393011524,0.15375829196504096,False,False,False
2025-12-22,long,684.64,0.04893082495910791,0.010224351483982288,0.04893082495910791,0.016066838046274488,0.04893082495910791,0.016066838046274488,False,False,False
2025-12-23,long,685.845,0.05905124335673115,0.02843208013473161,0.05905124335673115,0.08967040657874725,0.05905124335673115,0.1129992928431318,False,False,False
2025-12-24,long,688.69,0.005808128475796602,0.033396738735863477,0.005808128475796602,0.033396738735863477,0.031944706616897814,0.033396738735863477,False,False,False
2025-12-26,short,690.11,0.03332802017070006,0.05651272985465887,0.05216559678891968,0.05651272985465887,0.06665604034140012,0.05651272985465887,False,False,False
2025-12-29,short,687.11,0.04220576035859813,0.04511650245229227,0.04220576035859813,0.09603993538152454,0.04220576035859813,0.128072652122658,False,False,False
2025-12-30,short,686.98,0.01455646452589926,0.17904451366852284,0.01455646452589926,0.22562520015138063,0.01455646452589926,0.22562520015138063,False,False,False
2025-12-30,long,688.01,0.029069344922318784,0.027615877676187974,0.07558029679800901,0.027615877676187974,0.07558029679800901,0.05523175535239247,False,False,False
2025-12-31,short,685.56,0.04084252290098208,0.0612637843514897,0.04084252290098208,0.13273819942821663,0.04084252290098208,0.13273819942821663,False,False,False
2026-01-02,long,686.73,0.006115940762749553,0.1179502861386657,0.020386469209148626,0.1179502861386657,0.020386469209148626,0.1179502861386657,False,False,False
2026-01-02,short,683.97,0.16667397692881067,0.06560229249819685,0.34943053057882456,0.06560229249819685,0.34943053057882456,0.06560229249819685,True,False,False
2026-01-05,long,687.76,0.01744794695824191,0.17811445853204938,0.01744794695824191,0.18174944748167965,0.01744794695824191,0.18174944748167965,False,False,False
2026-01-06,long,688.8,0.15679442508711397,0.0,0.16260162601626083,0.0,0.2264808362369424,0.0,False,False,False
2026-01-07,long,692.815,0.039693135974246695,0.0627873241774585,0.039693135974246695,0.0627873241774585,0.039693135974246695,0.14289528950730124,False,False,False
2026-01-07,short,691.665,0.07879537059124853,0.015180759471712203,0.08168694382395247,0.015180759471712203,0.08168694382395247,0.0396868426188963,False,False,False
2026-01-08,long,689.35,0.07253209545223761,0.010154493363320524,0.09719300790599246,0.010154493363320524,0.09719300790599246,0.010154493363320524,False,False,False
2026-01-09,short,690.37,0.17237133710909433,0.01738198357402618,0.17237133710909433,0.1810623288960992,0.17237133710909433,0.18975332068310405,False,False,False
2026-01-09,long,692.42,0.13286733485457855,0.018774732099014393,0.14875364663067017,0.018774732099014393,0.14875364663067017,0.018774732099014393,False,False,False
2026-01-12,long,693.36,0.06057459328486775,0.007211261105351941,0.07788161993768945,0.007211261105351941,0.07788161993768945,0.02740279220030786,False,False,False
2026-01-13,short,694.57,0.042472321004372884,0.0763062038383421,0.04895114963215109,0.0763062038383421,0.20156355730885164,0.0763062038383421,False,False,False
2026-01-14,short,689.29,0.026839211362408487,0.17409218181027514,0.026839211362408487,0.17409218181027514,0.23502444544386322,0.17409218181027514,False,False,False
2026-01-15,short,693.305,0.015866032986910517,0.13774601365921796,0.015866032986910517,0.13774601365921796,0.015866032986910517,0.13774601365921796,False,False,False
2026-01-15,long,694.73,0.024469937961504335,0.05181869215378832,0.024469937961504335,0.20943388078822578,0.024469937961504335,0.2504570120766354,False,False,False
2026-01-16,short,692.92,0.14287363620620117,0.018761184552328617,0.19194134965074286,0.018761184552328617,0.19194134965074286,0.018761184552328617,False,False,False
2026-01-20,short,681.12,0.030831571529251287,0.08221752407798119,0.030831571529251287,0.13653981677236757,0.030831571529251287,0.33254052149400787,False,False,False
2026-01-20,long,683.28,0.1068376068376095,0.042442336962879586,0.19611286734574873,0.042442336962879586,0.19611286734574873,0.042442336962879586,False,False,False
2026-01-21,long,681.11,0.09102788095902344,0.07047319816182675,0.22977198984010525,0.07047319816182675,0.24812438519474694,0.07047319816182675,False,False,False
2026-01-21,short,678.61,0.07073282150278042,0.1009563666907405,0.07073282150278042,0.23651287189991574,0.07073282150278042,0.25345927705162424,False,False,False
2026-01-22,short,688.73,0.1611662044632895,0.029038955759140995,0.16987789119104332,0.029038955759140995,0.23376359386116674,0.029038955759140995,False,False,False
2026-01-22,long,690.79,0.013028561502052987,0.03474283067213033,0.018819033280735892,0.03474283067213033,0.018819033280735892,0.03474283067213033,False,False,False
2026-01-23,long,688.83,0.08855595720279512,0.008710422019955448,0.08855595720279512,0.008710422019955448,0.08855595720279512,0.049359058113036855,False,False,False
2026-01-26,long,692.36,0.02666242994972733,0.04188572418972263,0.03899705355595092,0.04188572418972263,0.03899705355595092,0.054884742041711745,False,False,False
2026-01-27,long,694.48,0.14399262757746803,0.0,0.14399262757746803,0.0,0.14399262757746803,0.0,False,False,False
2026-01-28,long,697.82,0.0001433034306807419,0.13183915622941056,0.0001433034306807419,0.13183915622941056,0.0001433034306807419,0.13183915622941056,False,False,False
2026-01-28,short,696.9,0.08322571387572496,0.021523891519583477,0.12483857081360375,0.021523891519583477,0.12483857081360375,0.021523891519583477,False,False,False
2026-01-29,short,692.58,0.05053567818880457,0.20791821883391678,0.06208669034625078,0.20791821883391678,0.3537497473216156,0.20791821883391678,True,False,False
2026-01-30,long,693.82,0.033149808307616456,0.11962756911014974,0.033149808307616456,0.13259923323053138,0.033149808307616456,0.29042114669512265,False,False,False
2026-01-30,short,691.08,0.008682062858143647,0.3168952943219223,0.008682062858143647,0.35451756670717305,0.008682062858143647,0.425421080048611,False,False,False
2026-02-02,long,692.85,0.14288807101104267,0.07793894782421554,0.14288807101104267,0.07793894782421554,0.14288807101104267,0.1082485386447283,False,False,False
2026-02-03,short,694.765,0.32169150720027834,0.009355681417465556,0.3742272566983113,0.009355681417465556,0.3900599483278571,0.009355681417465556,True,False,False
2026-02-04,long,691.3,0.021698249674539413,0.3399392449008982,0.021698249674539413,0.5019528424706949,0.021698249674539413,0.6928974396065332,False,False,False
2026-02-04,short,688.75,0.3252268602540848,0.0029038112522659617,0.3252268602540848,0.013067150635213333,0.3252268602540848,0.12631578947368485,True,False,False
2026-02-05,short,678.6,0.17978190391983898,0.08989095195991949,0.2799882110226904,0.08989095195991949,0.2799882110226904,0.08989095195991949,True,False,False
2026-02-06,long,685.59,0.12398080485421646,0.09335025306669968,0.13419098878337768,0.1465890692688043,0.13419098878337768,0.1910762992459136,False,False,False
2026-02-09,long,691.71,0.0332509288574718,0.07951309074613179,0.10408986424945621,0.07951309074613179,0.17637449220047613,0.07951309074613179,False,False,False
2026-02-10,long,695.71,0.064682123298491,0.028747610354895786,0.09989794598323098,0.030184990872638942,0.10421008753646047,0.030184990872638942,False,False,False
2026-02-10,short,693.43,0.06201058506265232,0.03461055910474152,0.06201058506265232,0.06201058506266872,0.06201058506265232,0.06201058506266872,False,False,False
2026-02-11,short,695.03,0.0805720616376193,0.08776599571241726,0.17625138483231267,0.08776599571241726,0.25034890580262853,0.08776599571241726,True,False,False
2026-02-12,short,693.61,0.07929528120991165,0.0908291402949778,0.09947953460879377,0.0908291402949778,0.1859834777468554,0.0908291402949778,False,False,False
2026-02-13,long,682.59,0.04541525659619177,0.303256713400438,0.04541525659619177,0.3061867299550289,0.04541525659619177,0.31204676306421064,False,False,False
2026-02-17,short,679.85,0.32654261969552506,0.11326027800249788,0.43772891078914816,0.11326027800249788,0.526586747076567,0.11326027800249788,True,True,False
2026-02-17,long,682.91,0.048322619378840685,0.10982413495189704,0.048322619378840685,0.307507577865315,0.048322619378840685,0.307507577865315,False,False,False
2026-02-18,long,685.6,0.18305134189031438,0.02042007001166662,0.36901983663943594,0.02042007001166662,0.36901983663943594,0.02042007001166662,True,False,False
2026-02-19,long,684.96,0.12555477692128206,0.029198785330536887,0.17811259051622189,0.08759635599159407,0.17811259051622189,0.08759635599159407,False,False,False
2026-02-19,short,682.4,0.03956623681125173,0.10404454865182244,0.04835873388041138,0.10404454865182244,0.04982415005862132,0.10404454865182244,False,False,False
2026-02-20,long,685.52,0.5659936982144935,0.14149842455362752,0.5659936982144935,0.14149842455362752,0.5659936982144935,0.19401330376939072,True,True,False
2026-02-23,short,687.26,0.07275267002298984,0.12804469924046147,0.11640427203677714,0.12804469924046147,0.1775019643220817,0.12804469924046147,False,False,False
2026-02-24,long,684.44,0.1490269417333852,0.03798725965754552,0.1490269417333852,0.20381625854714736,0.1490269417333852,0.35211267605634994,False,False,False
2026-02-25,long,691.65,0.04915781103159572,0.030362177401853926,0.04915781103159572,0.11711125569290037,0.04915781103159572,0.11711125569290037,False,False,False
2026-02-26,short,690.85,0.03908228993268898,0.10566693204024291,0.06224216544836993,0.10566693204024291,0.18455525801548486,0.10566693204024291,False,False,False
2026-02-27,long,684.34,0.16804512376888348,0.011690095566537237,0.16804512376888348,0.03945407253704033,0.16804512376888348,0.10813338399041546,False,False,False
2026-03-02,long,682.53,0.12307151334007764,0.04541924897073322,0.12307151334007764,0.095233909132196,0.14065315810294587,0.095233909132196,False,False,False
2026-03-03,short,673.12,0.12924887092940404,0.1202014499643368,0.17381744711195019,0.1202014499643368,0.19907297361540763,0.1203351556928847,False,False,False
2026-03-03,long,677.36,0.16091886146215184,0.05462383370733502,0.16091886146215184,0.05462383370733502,0.16091886146215184,0.06791071217669133,False,False,False
2026-03-04,short,679.93,0.007353698174805425,0.26473313429324613,0.007353698174805425,0.26730692865441963,0.007353698174805425,0.40298265997970517,False,False,False
2026-03-04,long,683.73,0.11554268497798306,0.13089962412062975,0.2691120764044333,0.13089962412062975,0.3714916706887168,0.13089962412062975,True,False,False
2026-03-05,long,684.55,0.14315973997516884,0.020451391425021746,0.14315973997516884,0.2388430355708116,0.14315973997516884,0.24176466291724094,False,False,False
2026-03-05,short,681.795,0.21487397238171566,0.0,0.36301234241962893,0.0,0.36301234241962893,0.0,True,False,False
2026-03-06,short,670.0702,0.0462936569929552,0.4566387223308835,0.0462936569929552,0.4566387223308835,0.0462936569929552,0.48200919843920154,False,False,False
2026-03-06,long,674.0712,0.13778959848752237,0.08028825441585451,0.23273505825497517,0.08028825441585451,0.27353193549880006,0.08028825441585451,True,False,False
2026-03-09,short,663.49,0.043708269906097094,0.21401980436780646,0.11906735595110154,0.21401980436780646,0.11906735595110154,0.21401980436780646,False,False,False
2026-03-09,long,667.68,0.06290438533430277,0.09285885454109821,0.09435657800143714,0.09285885454109821,0.14977234603402828,0.09285885454109821,False,False,False
2026-03-10,short,675.64,0.10296903676513944,0.0902847670357015,0.1302468770351068,0.2057308625895427,0.1302468770351068,0.2057308625895427,False,False,False
2026-03-10,long,678.94,0.09721035732170266,0.048605178660859706,0.20767667246000648,0.048605178660859706,0.23418858809319204,0.048605178660859706,False,False,False
2026-03-11,short,676.92,0.11670507593215795,0.10776753530698312,0.11670507593215795,0.18465993027241034,0.11670507593215795,0.4668203037286654,False,False,False
2026-03-11,long,679.74,0.050019124959548036,0.28098979021390064,0.050019124959548036,0.37514343719656845,0.050019124959548036,0.41192220554917386,False,False,False
2026-03-12,short,669.64,0.13365390358998594,0.1896541425243387,0.21757959500627108,0.1896541425243387,0.21757959500627108,0.1896541425243387,False,False,False
2026-03-13,long,672.09,0.03645345117469454,0.21574491511554186,0.03645345117469454,0.21574491511554186,0.03645345117469454,0.2559181062060181,False,False,False
2026-03-13,short,668.94,0.1614494573504411,0.052321583400590344,0.18088318832780761,0.052321583400590344,0.18088318832780761,0.052321583400590344,False,False,False
2026-03-16,long,670.46,0.022372699340747735,0.14765981564895878,0.022372699340747735,0.14765981564895878,0.06562658473286115,0.14765981564895878,False,False,False
2026-03-16,short,667.66,0.07638618458496704,0.07039511128419065,0.08087948956054933,0.07039511128419065,0.08087948956054933,0.07039511128419065,False,False,False
2026-03-17,long,674.34,0.005931725835626482,0.09935640774684472,0.005931725835626482,0.09935640774684472,0.005931725835626482,0.17424444642169648,False,False,False
2026-03-17,short,671.62,0.0,0.19356183556176923,0.0,0.19356183556176923,0.0,0.22334057949435693,False,False,False
2026-03-18,long,669.6,0.002986857825564786,0.15830346475508647,0.002986857825564786,0.18667861409796893,0.002986857825564786,0.2090800477897218,False,False,False
2026-03-18,short,667.28,0.02247931902649222,0.08392279103225919,0.02247931902649222,0.08392279103225919,0.2337849178755463,0.08392279103225919,False,False,False
2026-03-19,long,657.93,0.15655160883377967,0.03647804477678407,0.18846989801346786,0.03647804477678407,0.18846989801346786,0.03647804477678407,False,False,False
2026-03-20,short,654.35,0.0832887598380183,0.05195996026591759,0.28577978146252075,0.05195996026591759,0.28577978146252075,0.05195996026591759,True,False,False
2026-03-23,long,659.79,0.048500280392253604,0.16065717879930666,0.15004774246351252,0.16065717879930666,0.15004774246351252,0.18339168523316854,False,False,False
2026-03-23,short,655.92,0.013721185510415622,0.19362117331383333,0.013721185510415622,0.23021100134162564,0.013721185510415622,0.2607025246981395,False,False,False
2026-03-24,long,653.22,0.055984201341040846,0.2564220323933848,0.055984201341040846,0.2564220323933848,0.055984201341040846,0.2564220323933848,False,False,False
2026-03-25,short,658.49,0.24146152561163145,0.02885389299760678,0.2862609910552918,0.02885389299760678,0.42825251712251516,0.02885389299760678,True,False,False
2026-03-26,long,653.42,0.10865905543142793,0.06274677848856297,0.18517951700285215,0.06274677848856297,0.1943619723914321,0.09794619081142089,False,False,False
2026-03-26,short,650.49,0.09992467217020665,0.07840243508739425,0.16602868606743237,0.07840243508739425,0.2459684238035977,0.07840243508739425,False,False,False
2026-03-27,short,639.64,0.16352948533549114,0.018760552810956874,0.16352948533549114,0.02188731161278006,0.16352948533549114,0.02188731161278006,False,False,False
2026-03-30,short,636.43,0.0879908238140794,0.04556667661802199,0.2278333830900385,0.04556667661802199,0.2749713244190249,0.04556667661802199,True,False,False
2026-03-31,long,640.62,0.18887952296213611,0.03121975586151626,0.30400237270144403,0.03121975586151626,0.3637101557865881,0.03121975586151626,True,False,False
2026-03-31,short,638.16,0.028206092515975615,0.22564874012787617,0.028206092515975615,0.4889056036103806,0.028206092515975615,0.4889056036103806,False,False,False
2026-04-01,short,653.18,0.02755748798186564,0.2570501240087093,0.02755748798186564,0.2570501240087093,0.02755748798186564,0.30619431090970334,False,False,False
2026-04-01,long,656.19,0.10058062451423644,0.06857769853244418,0.10058062451423644,0.06857769853244418,0.11277221536443642,0.06857769853244418,False,False,False
2026-04-02,long,647.68,0.23313982213440354,0.030879446640305678,0.37336338932807406,0.030879446640305678,0.40143280632411427,0.030879446640305678,True,False,False
2026-04-06,long,657.95,0.269017402538184,0.11399042480431643,0.269017402538184,0.2918154874990611,0.269017402538184,0.2918154874990611,True,False,False
2026-04-07,short,654.485,0.049657364187115895,0.12145427320717575,0.049657364187115895,0.22668204771691086,0.1749467138284272,0.22668204771691086,False,False,False
2026-04-07,long,657.58,0.1246996563155717,0.09732656102679314,0.1246996563155717,0.18552875695733254,0.1246996563155717,0.18552875695733254,False,False,False
2026-04-08,short,674.4,0.06376037959667111,0.06820877817319639,0.06376037959667111,0.1119513641755628,0.06376037959667111,0.12307236061685069,False,False,False
2026-04-09,short,674.41,0.03706943847214603,0.04893165878323882,0.07117332186652306,0.05634554647766128,0.07858720956094553,0.05634554647766128,False,False,False
2026-04-09,long,676.05,0.07395902669920865,0.045854596553501284,0.07395902669920865,0.045854596553501284,0.07395902669920865,0.04733377708748412,False,False,False
2026-04-10,short,680.48,0.045556078062552775,0.049964730778278836,0.045556078062552775,0.061721138020215005,0.06642370091699949,0.061721138020215005,False,False,False
2026-04-10,long,681.95,0.0,0.11731065327371042,0.0,0.18476427890607683,0.0,0.2756800351931953,False,False,False
2026-04-13,long,678.77,0.0935515712244193,0.11344048794142078,0.177526997362883,0.11344048794142078,0.18415663626854456,0.11344048794142078,False,False,False
2026-04-14,long,689.965,0.07696042552882379,0.015942837680174158,0.15725435348168715,0.015942837680174158,0.15725435348168715,0.015942837680174158,False,False,False
2026-04-15,long,696.38,0.07754386972629364,0.005729630374219352,0.09908383353916748,0.005729630374219352,0.09908383353916748,0.008615985525136483,False,False,False
2026-04-16,short,699.97,0.20572310241868288,0.01000042858978761,0.20572310241868288,0.01000042858978761,0.20572310241868288,0.01000042858978761,False,False,False
2026-04-16,long,701.315,0.10195133427916388,0.017823659839016702,0.10195133427916388,0.017823659839016702,0.10195133427916388,0.017823659839016702,False,False,False
2026-04-17,long,707.68,0.0847840832014502,0.048044313814141724,0.14554600949582955,0.048044313814141724,0.20489486773683663,0.048044313814141724,False,False,False
2026-04-20,long,709.58,0.046506384058165,0.03100425603878735,0.046506384058165,0.07328278700077447,0.046506384058165,0.10287775867414783,False,False,False
2026-04-20,short,708.17,0.036700227346527295,0.032478077297826535,0.238643263623133,0.08613750935510028,0.238643263623133,0.08613750935510028,False,False,False
2026-04-21,long,710.56,0.042923891015546,0.0042220220670981645,0.057700968250405583,0.014073406890327213,0.07723485701418999,0.014073406890327213,False,False,False
2026-04-21,short,708.37,0.2992786255770296,0.004940920705276645,0.313395541877836,0.004940920705276645,0.313395541877836,0.004940920705276645,True,False,False
2026-04-22,long,709.35,0.019736378374566342,0.1564812856840789,0.019736378374566342,0.1564812856840789,0.08035525481073326,0.1564812856840789,False,False,False
2026-04-23,long,710.78,0.07104870705422149,0.0886350206815042,0.07104870705422149,0.0886350206815042,0.07104870705422149,0.23213933988012853,False,False,False
2026-04-23,short,709.01,0.22566677479866612,0.021156260137371444,0.35119391828042046,0.021156260137371444,0.3991481079251408,0.021156260137371444,True,False,False
2026-04-24,short,709.51,0.07047117024425308,0.07892771067357178,0.07047117024425308,0.09795492663951884,0.07047117024425308,0.10993502558103097,False,False,False
2026-04-24,long,711.33,0.004217451815609171,0.08873518620050261,0.03936288361238422,0.08873518620050261,0.04076870088425395,0.08873518620050261,False,False,False
2026-04-27,short,712.85,0.07785649154802042,0.015318790769444776,0.07785649154802042,0.021042295012972893,0.07785649154802042,0.05456968506698604,False,False,False
2026-04-27,long,714.43,0.037792365942093065,0.016796607085369394,0.10917794605490902,0.016796607085369394,0.10917794605490902,0.016796607085369394,False,False,False
2026-04-28,short,710.58,0.1322863013313145,0.028146021559842912,0.1322863013313145,0.028146021559842912,0.18717104337302498,0.028146021559842912,False,False,False
2026-04-29,short,709.78,0.01690664713009729,0.09721322099806343,0.01690664713009729,0.17470202034433333,0.01690664713009729,0.17470202034433333,False,False,False
2026-04-29,long,711.18,0.022497820523648283,0.03374673078544046,0.04991703928682165,0.03374673078544046,0.06608734778818685,0.03374673078544046,False,False,False
2026-04-30,short,711.25,0.06608084358524109,0.10052724077329095,0.06608084358524109,0.1420035149384873,0.0773286467486755,0.1420035149384873,False,False,False
2026-04-30,long,714.77,0.025182925976197052,0.1161212697790796,0.025182925976197052,0.14410229864151725,0.025182925976197052,0.18187668760579692,False,False,False
2026-05-01,long,722.63,0.18266609468193265,0.056045279050132533,0.2615446355673009,0.056045279050132533,0.2795344782253687,0.056045279050132533,True,False,False
2026-05-04,long,720.39,0.03747969849664512,0.038867835478001184,0.0444203834034412,0.038867835478001184,0.05830175321700177,0.038867835478001184,False,False,False
2026-05-04,short,718.77,0.18364706373386985,0.013912656343478824,0.18364706373386985,0.013912656343478824,0.18782086063692457,0.013912656343478824,False,False,False
2026-05-05,long,722.46,0.045677269329779814,0.050521828198102185,0.045677269329779814,0.050521828198102185,0.045677269329779814,0.050521828198102185,False,False,False
2026-05-06,long,729.65,0.04659768382101444,0.06852600561913247,0.04659768382101444,0.06852600561913247,0.05070924415815864,0.12882889056396093,False,False,False
2026-05-07,short,733.93,0.051776054937118725,0.05041352717561683,0.051776054937118725,0.05109479105636777,0.051776054937118725,0.05109479105636777,False,False,False
2026-05-07,long,735.19,0.03672520028835836,0.02040288904910172,0.050327126321072224,0.031284429875272815,0.11017560086507507,0.031284429875272815,False,False,False
2026-05-08,long,735.69,0.08291535837103942,0.005437072680079558,0.09243023556116706,0.005437072680079558,0.16311218040206224,0.005437072680079558,False,False,False
2026-05-11,long,738.74,0.05414624901859616,0.013536562254652888,0.05414624901859616,0.05685356146952365,0.05414624901859616,0.05685356146952365,False,False,False
2026-05-12,short,735.46,0.07750251543252522,0.1332499388138061,0.1101351535093763,0.1332499388138061,0.1101351535093763,0.1332499388138061,False,False,False
2026-05-12,long,737.31,0.0,0.09290529085458565,0.0,0.105789966228584,0.025769350747996717,0.105789966228584,False,False,False
2026-05-13,short,736.34,0.11815194067957797,0.04345818507753705,0.11815194067957797,0.11271966754487428,0.11815194067957797,0.13852296493467442,False,False,False
2026-05-13,long,738.5202,0.027054100889858122,0.05554350442953783,0.027054100889858122,0.10158151395182737,0.027054100889858122,0.10158151395182737,False,False,False
2026-05-14,long,745.61,0.03688255254086953,0.09120049355562071,0.03688255254086953,0.11668298440203385,0.03688255254086953,0.18240098711122618,False,False,False
2026-05-15,short,738.35,0.05282047809304346,0.21399065483848137,0.05282047809304346,0.35890837678607396,0.05282047809304346,0.35890837678607396,False,False,False
2026-05-15,long,742.07,0.08220248763592382,0.03773228940667139,0.08220248763592382,0.1684477205654453,0.08220248763592382,0.1684477205654453,False,False,False
2026-05-18,long,740.0899,0.17904581592047406,0.002688862528713502,0.17904581592047406,0.14321233136676648,0.17904581592047406,0.20131338098248885,False,False,False
2026-05-18,short,737.72,0.18299625874315767,0.051510058016591045,0.18299625874315767,0.13826383993926988,0.18299625874315767,0.13826383993926988,False,False,False
2026-05-19,short,733.1105,0.0027963042406253884,0.30275108595498756,0.0027963042406253884,0.43506401831646835,0.0027963042406253884,0.43506401831646835,False,False,False
2026-05-19,long,735.805,0.06727325853996706,0.16784338241788246,0.06727325853996706,0.2616182276554188,0.06727325853996706,0.4043190791038263,False,False,False
2026-05-20,long,736.45,0.10591350397175268,0.15208092877995852,0.10591350397175268,0.15208092877995852,0.10591350397175268,0.15208092877995852,False,False,False
2026-05-20,short,734.23,0.04630701551285453,0.5870095201775936,0.04630701551285453,0.5870095201775936,0.04630701551285453,0.5870095201775936,False,False,False
2026-05-21,long,739.13,0.1420589070934686,0.020294129584779032,0.20091188288934472,0.020294129584779032,0.20091188288934472,0.020294129584779032,False,False,False
2026-05-21,short,737.41,0.05153171234455669,0.26037075710935204,0.05153171234455669,0.26037075710935204,0.05153171234455669,0.2657951478824584,False,False,False
2026-05-22,short,745.545,0.027496663514600356,0.06907698395133578,0.14284852021003977,0.06907698395133578,0.14284852021003977,0.06907698395133578,False,False,False
2026-05-22,long,748.78,0.021368092096487868,0.12687304682282272,0.021368092096487868,0.13087956409092366,0.021368092096487868,0.13087956409092366,False,False,False
2026-05-26,long,750.9,0.029298175522709722,0.09721667332534535,0.029298175522709722,0.17712078838725892,0.029298175522709722,0.17712078838725892,False,False,False
2026-05-26,short,749.08,0.09478293373204949,0.017354621669247002,0.09478293373204949,0.017354621669247002,0.09478293373204949,0.04538901051955974,False,False,False
2026-05-27,short,749.15,0.03203630781552548,0.05339384635920407,0.03203630781552548,0.10678769271842332,0.03203630781552548,0.14015884669292775,False,False,False
2026-05-28,long,750.61,0.0,0.0825994857515893,0.005328999080742812,0.0825994857515893,0.46095842048467733,0.0825994857515893,True,False,False
2026-05-29,long,757.51,0.025082177132982345,0.03016461828885955,0.052804583437839406,0.03016461828885955,0.06881757336536766,0.03016461828885955,False,False,False
2026-05-29,short,755.34,0.0860539624539912,0.041041120554974636,0.0860539624539912,0.18534699605475377,0.0860539624539912,0.18534699605475377,False,False,False
2026-06-01,long,757.03,0.04491235486044567,0.05812187099585762,0.05151711292815164,0.05812187099585762,0.05151711292815164,0.05812187099585762,False,False,False
2026-06-02,long,757.78,0.036950038269678895,0.021774129694629527,0.08445723033070104,0.021774129694629527,0.09105545145029621,0.021774129694629527,False,False,False
2026-06-03,short,756.32,0.20890628305479703,0.0013221916649025418,0.20890628305479703,0.0013221916649025418,0.20890628305479703,0.050243283266341685,False,False,False
2026-06-04,long,753.56,0.01857848081109667,0.12805881416209966,0.01857848081109667,0.17649556770528257,0.01857848081109667,0.17649556770528257,False,False,False
2026-06-05,short,750.01,0.08666551112651528,0.045332728896952286,0.09066545779388942,0.045332728896952286,0.23799682670897299,0.045332728896952286,False,False,False
2026-06-08,short,741.335,0.09914546055427217,0.13423081333000322,0.09914546055427217,0.14231083113571463,0.09914546055427217,0.15984676293442848,False,False,False
2026-06-08,long,744.79,0.0644476966661768,0.022825225902597925,0.07384631909666728,0.029538527638651647,0.07384631909666728,0.029538527638651647,False,False,False
2026-06-09,long,745.675,0.1642806852851474,0.012740134777203689,0.1642806852851474,0.12807188118147012,0.1642806852851474,0.2514500284976699,False,False,False
2026-06-09,short,743.135,0.3209376492831035,0.020857583077095374,0.4999091685898298,0.020857583077095374,0.4999091685898298,0.020857583077095374,True,False,False
2026-06-10,long,736.76,0.029860470166679417,0.27349476084477803,0.029860470166679417,0.27349476084477803,0.0703078343015404,0.27349476084477803,False,False,False
2026-06-10,short,731.38,0.21602997074025007,0.058792966720439446,0.2556810413191507,0.058792966720439446,0.2556810413191507,0.1499904290519265,True,False,False
2026-06-11,long,729.54,0.172711571675301,0.13227513227512105,0.27688680538421223,0.13227513227512105,0.27894289552321766,0.13227513227512105,True,False,False
2026-06-11,short,726.32,0.26365789183831884,0.04130410838197413,0.26365789183831884,0.04130410838197413,0.26365789183831884,0.14181077211146226,True,False,False
2026-06-12,short,735.28,0.034000652812534005,0.14552279403765234,0.034000652812534005,0.2176041780002207,0.034000652812534005,0.4270481993254252,False,False,False
2026-06-12,long,741.63,0.1820314712188049,0.11056726399957525,0.1820314712188049,0.11056726399957525,0.1820314712188049,0.11056726399957525,False,False,False
