date,side,gap_pct,config,exit_bars,ep,K,delta,opt_entry,opt_exit,und_move,pnl_pct,pnl_dollar
2026-01-14,short,-0.685,0DTE ATM,15,622.04,622,0.489,3.041,3.869,0.3087,27.23,82.8
2026-01-14,short,-0.685,0DTE ATM,30,622.04,622,0.489,3.041,5.396,0.6945,77.42,235.45
2026-01-14,short,-0.685,0DTE ATM,60,622.04,622,0.489,3.041,4.776,0.5755,57.05,173.49
2026-01-14,short,-0.685,1DTE ATM,15,622.04,622,0.486,4.276,5.02,0.3087,17.41,74.44
2026-01-14,short,-0.685,1DTE ATM,30,622.04,622,0.486,4.276,6.436,0.6945,50.51,215.97
2026-01-14,short,-0.685,1DTE ATM,60,622.04,622,0.486,4.276,5.892,0.5755,37.79,161.6
2026-01-14,short,-0.685,0DTE ~45d,15,622.04,621,0.438,2.573,3.298,0.3087,28.21,72.57
2026-01-14,short,-0.685,0DTE ~45d,30,622.04,621,0.438,2.573,4.697,0.6945,82.59,212.46
2026-01-14,short,-0.685,0DTE ~45d,60,622.04,621,0.438,2.573,4.108,0.5755,59.67,153.51
2026-01-14,short,-0.685,1DTE ~45d,15,622.04,621,0.45,3.801,4.474,0.3087,17.7,67.27
2026-01-14,short,-0.685,1DTE ~45d,30,622.04,621,0.45,3.801,5.798,0.6945,52.54,199.7
2026-01-14,short,-0.685,1DTE ~45d,60,622.04,621,0.45,3.801,5.279,0.5755,38.89,147.82
2026-01-14,long,-0.685,0DTE ATM,15,621.06,621,0.512,3.201,2.579,-0.1336,-19.42,-62.17
2026-01-14,long,-0.685,0DTE ATM,30,621.06,621,0.512,3.201,1.526,-0.5362,-52.31,-167.46
2026-01-14,long,-0.685,0DTE ATM,60,621.06,621,0.512,3.201,1.778,-0.3687,-44.44,-142.26
2026-01-14,long,-0.685,1DTE ATM,15,621.06,621,0.515,4.559,3.882,-0.1336,-14.85,-67.73
2026-01-14,long,-0.685,1DTE ATM,30,621.06,621,0.515,4.559,2.753,-0.5362,-39.62,-180.65
2026-01-14,long,-0.685,1DTE ATM,60,621.06,621,0.515,4.559,3.09,-0.3687,-32.22,-146.92
2026-01-14,long,-0.685,0DTE ~45d,15,621.06,622,0.461,2.72,2.145,-0.1336,-21.14,-57.51
2026-01-14,long,-0.685,0DTE ~45d,30,621.06,622,0.461,2.72,1.225,-0.5362,-54.95,-149.46
2026-01-14,long,-0.685,0DTE ~45d,60,621.06,622,0.461,2.72,1.431,-0.3687,-47.39,-128.9
2026-01-14,long,-0.685,1DTE ~45d,15,621.06,623,0.443,3.617,3.006,-0.1336,-16.89,-61.1
2026-01-14,long,-0.685,1DTE ~45d,30,621.06,623,0.443,3.617,2.064,-0.5362,-42.92,-155.24
2026-01-14,long,-0.685,1DTE ~45d,60,621.06,623,0.443,3.617,2.331,-0.3687,-35.56,-128.6
2026-01-30,long,-0.634,0DTE ATM,15,627.18,627,0.518,3.302,2.621,-0.1499,-20.64,-68.14
2026-01-30,long,-0.634,0DTE ATM,30,627.18,627,0.518,3.302,2.522,-0.1626,-23.62,-77.99
2026-01-30,long,-0.634,0DTE ATM,60,627.18,627,0.518,3.302,1.797,-0.3906,-45.58,-150.51
2026-01-30,long,-0.634,1DTE ATM,15,627.18,627,0.519,4.671,3.934,-0.1499,-15.78,-73.73
2026-01-30,long,-0.634,1DTE ATM,30,627.18,627,0.519,4.671,3.852,-0.1626,-17.54,-81.95
2026-01-30,long,-0.634,1DTE ATM,60,627.18,627,0.519,4.671,3.118,-0.3906,-33.25,-155.32
2026-01-30,long,-0.634,0DTE ~45d,15,627.18,628,0.467,2.814,2.185,-0.1499,-22.38,-62.98
2026-01-30,long,-0.634,0DTE ~45d,30,627.18,628,0.467,2.814,2.092,-0.1626,-25.67,-72.25
2026-01-30,long,-0.634,0DTE ~45d,60,627.18,628,0.467,2.814,1.449,-0.3906,-48.5,-136.49
2026-01-30,long,-0.634,1DTE ~45d,15,627.18,628,0.483,4.177,3.476,-0.1499,-16.79,-70.16
2026-01-30,long,-0.634,1DTE ~45d,30,627.18,628,0.483,4.177,3.397,-0.1626,-18.68,-78.01
2026-01-30,long,-0.634,1DTE ~45d,60,627.18,628,0.483,4.177,2.72,-0.3906,-34.89,-145.76
2026-01-30,short,-0.634,0DTE ATM,15,625.67,626,0.508,3.241,2.527,-0.167,-22.05,-71.49
2026-01-30,short,-0.634,0DTE ATM,30,625.67,626,0.508,3.241,3.101,0.04,-4.33,-14.02
2026-01-30,short,-0.634,0DTE ATM,60,625.67,626,0.508,3.241,3.386,0.1574,4.45,14.44
2026-01-30,short,-0.634,1DTE ATM,15,625.67,626,0.499,4.483,3.721,-0.167,-17.0,-76.22
2026-01-30,short,-0.634,1DTE ATM,30,625.67,626,0.499,4.483,4.31,0.04,-3.86,-17.31
2026-01-30,short,-0.634,1DTE ATM,60,625.67,626,0.499,4.483,4.617,0.1574,2.99,13.39
2026-01-30,short,-0.634,0DTE ~45d,15,625.67,625,0.457,2.754,2.097,-0.167,-23.87,-65.74
2026-01-30,short,-0.634,0DTE ~45d,30,625.67,625,0.457,2.754,2.601,0.04,-5.56,-15.3
2026-01-30,short,-0.634,0DTE ~45d,60,625.67,625,0.457,2.754,2.843,0.1574,3.22,8.86
2026-01-30,short,-0.634,1DTE ~45d,15,625.67,625,0.464,3.995,3.273,-0.167,-18.07,-72.17
2026-01-30,short,-0.634,1DTE ~45d,30,625.67,625,0.464,3.995,3.813,0.04,-4.55,-18.18
2026-01-30,short,-0.634,1DTE ~45d,60,625.67,625,0.464,3.995,4.091,0.1574,2.41,9.62
2026-02-05,short,-0.988,0DTE ATM,15,598.81,599,0.501,3.042,1.024,-0.825,-66.34,-201.8
2026-02-05,short,-0.988,0DTE ATM,30,598.81,599,0.501,3.042,2.932,0.0484,-3.61,-10.99
2026-02-05,short,-0.988,0DTE ATM,60,598.81,599,0.501,3.042,4.733,0.5695,55.58,169.07
2026-02-05,short,-0.988,1DTE ATM,15,598.81,599,0.495,4.23,2.009,-0.825,-52.51,-222.11
2026-02-05,short,-0.988,1DTE ATM,30,598.81,599,0.495,4.23,4.088,0.0484,-3.34,-14.14
2026-02-05,short,-0.988,1DTE ATM,60,598.81,599,0.495,4.23,5.794,0.5695,36.99,156.46
2026-02-05,short,-0.988,0DTE ~45d,15,598.81,598,0.448,2.562,0.799,-0.825,-68.82,-176.34
2026-02-05,short,-0.988,0DTE ~45d,30,598.81,598,0.448,2.562,2.437,0.0484,-4.87,-12.48
2026-02-05,short,-0.988,0DTE ~45d,60,598.81,598,0.448,2.562,4.055,0.5695,58.25,149.25
2026-02-05,short,-0.988,1DTE ~45d,15,598.81,598,0.457,3.747,1.713,-0.825,-54.29,-203.41
2026-02-05,short,-0.988,1DTE ~45d,30,598.81,598,0.457,3.747,3.595,0.0484,-4.05,-15.16
2026-02-05,short,-0.988,1DTE ~45d,60,598.81,598,0.457,3.747,5.175,0.5695,38.11,142.79
2026-02-05,long,-0.988,0DTE ATM,15,598.97,599,0.507,3.043,5.204,0.6444,71.03,216.12
2026-02-05,long,-0.988,0DTE ATM,30,598.97,599,0.507,3.043,2.473,-0.1035,-18.74,-57.02
2026-02-05,long,-0.988,0DTE ATM,60,598.97,599,0.507,3.043,1.225,-0.596,-59.73,-181.74
2026-02-05,long,-0.988,1DTE ATM,15,598.97,599,0.511,4.353,6.364,0.6444,46.21,201.13
2026-02-05,long,-0.988,1DTE ATM,30,598.97,599,0.511,4.353,3.748,-0.1035,-13.9,-60.49
2026-02-05,long,-0.988,1DTE ATM,60,598.97,599,0.511,4.353,2.408,-0.596,-44.68,-194.48
2026-02-05,long,-0.988,0DTE ~45d,15,598.97,600,0.454,2.567,4.518,0.6444,76.0,195.12
2026-02-05,long,-0.988,0DTE ~45d,30,598.97,600,0.454,2.567,2.035,-0.1035,-20.72,-53.2
2026-02-05,long,-0.988,0DTE ~45d,60,598.97,600,0.454,2.567,0.957,-0.596,-62.74,-161.08
2026-02-05,long,-0.988,1DTE ~45d,15,598.97,601,0.437,3.419,5.132,0.6444,50.09,171.27
2026-02-05,long,-0.988,1DTE ~45d,30,598.97,601,0.437,3.419,2.868,-0.1035,-16.11,-55.09
2026-02-05,long,-0.988,1DTE ~45d,60,598.97,601,0.437,3.419,1.762,-0.596,-48.47,-165.74
2026-02-20,long,-0.545,0DTE ATM,15,600.38,600,0.529,3.268,6.694,0.8996,104.82,342.58
2026-02-20,long,-0.545,0DTE ATM,30,600.38,600,0.529,3.268,8.967,1.3525,174.36,569.88
2026-02-20,long,-0.545,0DTE ATM,60,600.38,600,0.529,3.268,7.293,1.046,123.13,402.44
2026-02-20,long,-0.545,1DTE ATM,15,600.38,600,0.527,4.579,7.73,0.8996,68.82,315.09
2026-02-20,long,-0.545,1DTE ATM,30,600.38,600,0.527,4.579,9.789,1.3525,113.81,521.08
2026-02-20,long,-0.545,1DTE ATM,60,600.38,600,0.527,4.579,8.276,1.046,80.75,369.73
2026-02-20,long,-0.545,0DTE ~45d,15,600.38,601,0.476,2.771,5.919,0.8996,113.6,314.79
2026-02-20,long,-0.545,0DTE ~45d,30,600.38,601,0.476,2.771,8.09,1.3525,191.95,531.9
2026-02-20,long,-0.545,0DTE ~45d,60,600.38,601,0.476,2.771,6.467,1.046,133.39,369.62
2026-02-20,long,-0.545,1DTE ~45d,15,600.38,602,0.452,3.614,6.356,0.8996,75.86,274.18
2026-02-20,long,-0.545,1DTE ~45d,30,600.38,602,0.452,3.614,8.237,1.3525,127.88,462.21
2026-02-20,long,-0.545,1DTE ~45d,60,600.38,602,0.452,3.614,6.831,1.046,89.0,321.7
2026-02-20,short,-0.545,0DTE ATM,15,602.28,602,0.476,2.812,1.795,-0.3204,-36.17,-101.72
2026-02-20,short,-0.545,0DTE ATM,30,602.28,602,0.476,2.812,1.663,-0.357,-40.86,-114.9
2026-02-20,short,-0.545,0DTE ATM,60,602.28,602,0.476,2.812,1.246,-0.5164,-55.68,-156.56
2026-02-20,short,-0.545,1DTE ATM,15,602.28,602,0.477,4.012,2.915,-0.3204,-27.33,-109.64
2026-02-20,short,-0.545,1DTE ATM,30,602.28,602,0.477,4.012,2.791,-0.357,-30.42,-122.03
2026-02-20,short,-0.545,1DTE ATM,60,602.28,602,0.477,4.012,2.36,-0.5164,-41.16,-165.14
2026-02-20,short,-0.545,0DTE ~45d,15,602.28,601,0.424,2.357,1.449,-0.3204,-38.54,-90.83
2026-02-20,short,-0.545,0DTE ~45d,30,602.28,601,0.424,2.357,1.331,-0.357,-43.51,-102.56
2026-02-20,short,-0.545,0DTE ~45d,60,602.28,601,0.424,2.357,0.972,-0.5164,-58.77,-138.51
2026-02-20,short,-0.545,1DTE ~45d,15,602.28,601,0.44,3.546,2.527,-0.3204,-28.74,-101.91
2026-02-20,short,-0.545,1DTE ~45d,30,602.28,601,0.44,3.546,2.413,-0.357,-31.97,-113.37
2026-02-20,short,-0.545,1DTE ~45d,60,602.28,601,0.44,3.546,2.02,-0.5164,-43.03,-152.6
2026-02-27,long,-0.99,0DTE ATM,15,603.29,603,0.524,3.236,4.006,0.2834,23.79,77.0
2026-02-27,long,-0.99,0DTE ATM,30,603.29,603,0.524,3.236,4.202,0.3497,29.83,96.56
2026-02-27,long,-0.99,0DTE ATM,60,603.29,603,0.524,3.236,4.766,0.5165,47.26,152.95
2026-02-27,long,-0.99,1DTE ATM,15,603.29,603,0.523,4.553,5.251,0.2834,15.32,69.77
2026-02-27,long,-0.99,1DTE ATM,30,603.29,603,0.523,4.553,5.449,0.3497,19.67,89.58
2026-02-27,long,-0.99,1DTE ATM,60,603.29,603,0.523,4.553,5.997,0.5165,31.71,144.37
2026-02-27,long,-0.99,0DTE ~45d,15,603.29,604,0.472,2.744,3.419,0.2834,24.6,67.49
2026-02-27,long,-0.99,0DTE ~45d,30,603.29,604,0.472,2.744,3.59,0.3497,30.86,84.67
2026-02-27,long,-0.99,0DTE ~45d,60,603.29,604,0.472,2.744,4.094,0.5165,49.2,134.99
2026-02-27,long,-0.99,1DTE ~45d,15,603.29,605,0.449,3.596,4.161,0.2834,15.73,56.55
2026-02-27,long,-0.99,1DTE ~45d,30,603.29,605,0.449,3.596,4.327,0.3497,20.34,73.15
2026-02-27,long,-0.99,1DTE ~45d,60,603.29,605,0.449,3.596,4.793,0.5165,33.31,119.77
2026-02-27,short,-0.99,0DTE ATM,15,603.23,603,0.479,2.852,2.172,-0.1757,-23.85,-68.02
2026-02-27,short,-0.99,0DTE ATM,30,603.23,603,0.479,2.852,1.58,-0.4111,-44.59,-127.16
2026-02-27,short,-0.99,0DTE ATM,60,603.23,603,0.479,2.852,1.439,-0.4294,-49.56,-141.35
2026-02-27,short,-0.99,1DTE ATM,15,603.23,603,0.479,4.05,3.315,-0.1757,-18.17,-73.59
2026-02-27,short,-0.99,1DTE ATM,30,603.23,603,0.479,4.05,2.697,-0.4111,-33.42,-135.37
2026-02-27,short,-0.99,1DTE ATM,60,603.23,603,0.479,4.05,2.581,-0.4294,-36.27,-146.91
2026-02-27,short,-0.99,0DTE ~45d,15,603.23,603,0.479,2.852,2.172,-0.1757,-23.85,-68.02
2026-02-27,short,-0.99,0DTE ~45d,30,603.23,603,0.479,2.852,1.58,-0.4111,-44.59,-127.16
2026-02-27,short,-0.99,0DTE ~45d,60,603.23,603,0.479,2.852,1.439,-0.4294,-49.56,-141.35
2026-02-27,short,-0.99,1DTE ~45d,15,603.23,602,0.442,3.583,2.891,-0.1757,-19.32,-69.23
2026-02-27,short,-0.99,1DTE ~45d,30,603.23,602,0.442,3.583,2.328,-0.4111,-35.02,-125.49
2026-02-27,short,-0.99,1DTE ~45d,60,603.23,602,0.442,3.583,2.219,-0.4294,-38.06,-136.37
2026-03-03,long,-1.927,0DTE ATM,15,598.06,598,0.512,3.092,2.708,-0.0585,-12.41,-38.36
2026-03-03,long,-1.927,0DTE ATM,30,598.06,598,0.512,3.092,1.589,-0.4813,-48.6,-150.25
2026-03-03,long,-1.927,0DTE ATM,60,598.06,598,0.512,3.092,1.038,-0.7257,-66.43,-205.39
2026-03-03,long,-1.927,1DTE ATM,15,598.06,598,0.515,4.397,3.966,-0.0585,-9.81,-43.14
2026-03-03,long,-1.927,1DTE ATM,30,598.06,598,0.515,4.397,2.786,-0.4813,-36.64,-161.13
2026-03-03,long,-1.927,1DTE ATM,60,598.06,598,0.515,4.397,2.167,-0.7257,-50.73,-223.07
2026-03-03,long,-1.927,0DTE ~45d,15,598.06,599,0.459,2.611,2.249,-0.0585,-13.88,-36.25
2026-03-03,long,-1.927,0DTE ~45d,30,598.06,599,0.459,2.611,1.271,-0.4813,-51.32,-134.0
2026-03-03,long,-1.927,0DTE ~45d,60,598.06,599,0.459,2.611,0.802,-0.7257,-69.3,-180.96
2026-03-03,long,-1.927,1DTE ~45d,15,598.06,599,0.477,3.909,3.492,-0.0585,-10.67,-41.71
2026-03-03,long,-1.927,1DTE ~45d,30,598.06,599,0.477,3.909,2.412,-0.4813,-38.29,-149.68
2026-03-03,long,-1.927,1DTE ~45d,60,598.06,599,0.477,3.909,1.851,-0.7257,-52.65,-205.8
2026-03-03,short,-1.927,0DTE ATM,15,597.93,598,0.495,2.974,3.319,0.1748,11.62,34.54
2026-03-03,short,-1.927,0DTE ATM,30,597.93,598,0.495,2.974,4.481,0.5067,50.69,150.73
2026-03-03,short,-1.927,0DTE ATM,60,597.93,598,0.495,2.974,5.491,0.766,84.65,251.72
2026-03-03,short,-1.927,1DTE ATM,15,597.93,598,0.49,4.161,4.446,0.1748,6.85,28.51
2026-03-03,short,-1.927,1DTE ATM,30,597.93,598,0.49,4.161,5.545,0.5067,33.25,138.37
2026-03-03,short,-1.927,1DTE ATM,60,597.93,598,0.49,4.161,6.472,0.766,55.54,231.11
2026-03-03,short,-1.927,0DTE ~45d,15,597.93,597,0.442,2.5,2.788,0.1748,11.52,28.79
2026-03-03,short,-1.927,0DTE ~45d,30,597.93,597,0.442,2.5,3.837,0.5067,53.46,133.65
2026-03-03,short,-1.927,0DTE ~45d,60,597.93,597,0.442,2.5,4.757,0.766,90.26,225.67
2026-03-03,short,-1.927,1DTE ~45d,15,597.93,597,0.453,3.683,3.928,0.1748,6.65,24.5
2026-03-03,short,-1.927,1DTE ~45d,30,597.93,597,0.453,3.683,4.947,0.5067,34.33,126.42
2026-03-03,short,-1.927,1DTE ~45d,60,597.93,597,0.453,3.683,5.812,0.766,57.81,212.89
2026-03-06,short,-1.38,0DTE ATM,15,600.24,600,0.479,2.836,2.838,0.07,0.06,0.17
2026-03-06,short,-1.38,0DTE ATM,30,600.24,600,0.479,2.836,1.954,-0.2382,-31.12,-88.26
2026-03-06,short,-1.38,0DTE ATM,60,600.24,600,0.479,2.836,0.983,-0.6897,-65.33,-185.28
2026-03-06,short,-1.38,1DTE ATM,15,600.24,600,0.479,4.027,3.982,0.07,-1.13,-4.56
2026-03-06,short,-1.38,1DTE ATM,30,600.24,600,0.479,4.027,3.098,-0.2382,-23.09,-92.98
2026-03-06,short,-1.38,1DTE ATM,60,600.24,600,0.479,4.027,2.027,-0.6897,-49.67,-200.03
2026-03-06,short,-1.38,0DTE ~45d,15,600.24,599,0.426,2.379,2.36,0.07,-0.79,-1.88
2026-03-06,short,-1.38,0DTE ~45d,30,600.24,599,0.426,2.379,1.581,-0.2382,-33.55,-79.82
2026-03-06,short,-1.38,0DTE ~45d,60,600.24,599,0.426,2.379,0.756,-0.6897,-68.23,-162.33
2026-03-06,short,-1.38,1DTE ~45d,15,600.24,599,0.441,3.561,3.501,0.07,-1.68,-5.99
2026-03-06,short,-1.38,1DTE ~45d,30,600.24,599,0.441,3.561,2.69,-0.2382,-24.46,-87.09
2026-03-06,short,-1.38,1DTE ~45d,60,600.24,599,0.441,3.561,1.723,-0.6897,-51.6,-183.72
2026-03-06,long,-1.38,0DTE ATM,15,600.8,601,0.498,2.968,2.471,-0.0999,-16.74,-49.68
2026-03-06,long,-1.38,0DTE ATM,30,600.8,601,0.498,2.968,3.321,0.1948,11.9,35.32
2026-03-06,long,-1.38,0DTE ATM,60,600.8,601,0.498,2.968,4.545,0.5509,53.14,157.69
2026-03-06,long,-1.38,1DTE ATM,15,600.8,601,0.505,4.281,3.731,-0.0999,-12.85,-55.03
2026-03-06,long,-1.38,1DTE ATM,30,600.8,601,0.505,4.281,4.602,0.1948,7.5,32.1
2026-03-06,long,-1.38,1DTE ATM,60,600.8,601,0.505,4.281,5.789,0.5509,35.23,150.8
2026-03-06,long,-1.38,0DTE ~45d,15,600.8,602,0.446,2.501,2.04,-0.0999,-18.42,-46.07
2026-03-06,long,-1.38,0DTE ~45d,30,600.8,602,0.446,2.501,2.79,0.1948,11.55,28.88
2026-03-06,long,-1.38,0DTE ~45d,60,600.8,602,0.446,2.501,3.888,0.5509,55.45,138.67
2026-03-06,long,-1.38,1DTE ~45d,15,600.8,603,0.431,3.36,2.861,-0.0999,-14.84,-49.88
2026-03-06,long,-1.38,1DTE ~45d,30,600.8,603,0.431,3.36,3.593,0.1948,6.94,23.31
2026-03-06,long,-1.38,1DTE ~45d,60,600.8,603,0.431,3.36,4.608,0.5509,37.14,124.78
2026-03-12,long,-0.782,0DTE ATM,15,602.89,603,0.503,3.031,2.004,-0.3002,-33.89,-102.72
2026-03-12,long,-0.782,0DTE ATM,30,602.89,603,0.503,3.031,2.057,-0.2554,-32.15,-97.44
2026-03-12,long,-0.782,0DTE ATM,60,602.89,603,0.503,3.031,1.096,-0.6668,-63.83,-193.47
2026-03-12,long,-0.782,1DTE ATM,15,602.89,603,0.508,4.347,3.236,-0.3002,-25.56,-111.1
2026-03-12,long,-0.782,1DTE ATM,30,602.89,603,0.508,4.347,3.314,-0.2554,-23.76,-103.3
2026-03-12,long,-0.782,1DTE ATM,60,602.89,603,0.508,4.347,2.249,-0.6668,-48.27,-209.83
2026-03-12,long,-0.782,0DTE ~45d,15,602.89,604,0.451,2.559,1.634,-0.3002,-36.16,-92.53
2026-03-12,long,-0.782,0DTE ~45d,30,602.89,604,0.451,2.559,1.675,-0.2554,-34.56,-88.46
2026-03-12,long,-0.782,0DTE ~45d,60,602.89,604,0.451,2.559,0.851,-0.6668,-66.74,-170.81
2026-03-12,long,-0.782,1DTE ~45d,15,602.89,605,0.434,3.419,2.452,-0.3002,-28.28,-96.67
2026-03-12,long,-0.782,1DTE ~45d,30,602.89,605,0.434,3.419,2.512,-0.2554,-26.53,-90.72
2026-03-12,long,-0.782,1DTE ~45d,60,602.89,605,0.434,3.419,1.639,-0.6668,-52.07,-178.03
2026-03-12,short,-0.782,0DTE ATM,15,602.01,602,0.491,2.954,3.345,0.1892,13.24,39.1
2026-03-12,short,-0.782,0DTE ATM,30,602.01,602,0.491,2.954,2.957,0.0864,0.12,0.37
2026-03-12,short,-0.782,0DTE ATM,60,602.01,602,0.491,2.954,4.512,0.5448,52.75,155.81
2026-03-12,short,-0.782,1DTE ATM,15,602.01,602,0.487,4.15,4.48,0.1892,7.95,32.98
2026-03-12,short,-0.782,1DTE ATM,30,602.01,602,0.487,4.15,4.12,0.0864,-0.71,-2.93
2026-03-12,short,-0.782,1DTE ATM,60,602.01,602,0.487,4.15,5.603,0.5448,35.01,145.3
2026-03-12,short,-0.782,0DTE ~45d,15,602.01,601,0.438,2.484,2.813,0.1892,13.24,32.89
2026-03-12,short,-0.782,0DTE ~45d,30,602.01,601,0.438,2.484,2.461,0.0864,-0.94,-2.35
2026-03-12,short,-0.782,0DTE ~45d,60,602.01,601,0.438,2.484,3.853,0.5448,55.07,136.83
2026-03-12,short,-0.782,1DTE ~45d,15,602.01,601,0.45,3.674,3.961,0.1892,7.8,28.65
2026-03-12,short,-0.782,1DTE ~45d,30,602.01,601,0.45,3.674,3.626,0.0864,-1.31,-4.82
2026-03-12,short,-0.782,1DTE ~45d,60,602.01,601,0.45,3.674,4.997,0.5448,35.99,132.24
2026-03-19,short,-0.923,0DTE ATM,15,588.15,588,0.483,2.82,2.337,-0.1037,-17.14,-48.34
2026-03-19,short,-0.923,0DTE ATM,30,588.15,588,0.483,2.82,1.211,-0.6053,-57.05,-160.9
2026-03-19,short,-0.923,0DTE ATM,60,588.15,588,0.483,2.82,1.476,-0.4064,-47.66,-134.41
2026-03-19,short,-0.923,1DTE ATM,15,588.15,588,0.482,3.988,3.457,-0.1037,-13.31,-53.09
2026-03-19,short,-0.923,1DTE ATM,30,588.15,588,0.482,3.988,2.247,-0.6053,-43.66,-174.11
2026-03-19,short,-0.923,1DTE ATM,60,588.15,588,0.482,3.988,2.599,-0.4064,-34.82,-138.87
2026-03-19,short,-0.923,0DTE ~45d,15,588.15,587,0.43,2.359,1.914,-0.1037,-18.89,-44.57
2026-03-19,short,-0.923,0DTE ~45d,30,588.15,587,0.43,2.359,0.948,-0.6053,-59.83,-141.16
2026-03-19,short,-0.923,0DTE ~45d,60,588.15,587,0.43,2.359,1.16,-0.4064,-50.82,-119.89
2026-03-19,short,-0.923,1DTE ~45d,15,588.15,587,0.444,3.518,3.014,-0.1037,-14.33,-50.43
2026-03-19,short,-0.923,1DTE ~45d,30,588.15,587,0.444,3.518,1.919,-0.6053,-45.46,-159.94
2026-03-19,short,-0.923,1DTE ~45d,60,588.15,587,0.444,3.518,2.229,-0.4064,-36.63,-128.88
2026-03-19,long,-0.923,0DTE ATM,15,587.84,588,0.5,2.917,4.071,0.4066,39.56,115.4
2026-03-19,long,-0.923,0DTE ATM,30,587.84,588,0.5,2.917,4.577,0.5512,56.91,166.02
2026-03-19,long,-0.923,0DTE ATM,60,587.84,588,0.5,2.917,4.863,0.6464,66.71,194.62
2026-03-19,long,-0.923,1DTE ATM,15,587.84,588,0.506,4.204,5.279,0.4066,25.59,107.55
2026-03-19,long,-0.923,1DTE ATM,30,587.84,588,0.506,4.204,5.765,0.5512,37.15,156.14
2026-03-19,long,-0.923,1DTE ATM,60,587.84,588,0.506,4.204,6.048,0.6464,43.88,184.45
2026-03-19,long,-0.923,0DTE ~45d,15,587.84,589,0.446,2.449,3.468,0.4066,41.6,101.89
2026-03-19,long,-0.923,0DTE ~45d,30,587.84,589,0.446,2.449,3.925,0.5512,60.25,147.57
2026-03-19,long,-0.923,0DTE ~45d,60,587.84,589,0.446,2.449,4.174,0.6464,70.41,172.45
2026-03-19,long,-0.923,1DTE ~45d,15,587.84,589,0.468,3.724,4.704,0.4066,26.33,98.03
2026-03-19,long,-0.923,1DTE ~45d,30,587.84,589,0.468,3.724,5.155,0.5512,38.45,143.18
2026-03-19,long,-0.923,1DTE ~45d,60,587.84,589,0.468,3.724,5.414,0.6464,45.41,169.07
2026-03-26,short,-0.93,0DTE ATM,15,581.44,581,0.467,2.648,1.966,-0.1926,-25.76,-68.21
2026-03-26,short,-0.93,0DTE ATM,30,581.44,581,0.467,2.648,1.363,-0.4592,-48.53,-128.51
2026-03-26,short,-0.93,0DTE ATM,60,581.44,581,0.467,2.648,1.442,-0.3646,-45.56,-120.64
2026-03-26,short,-0.93,1DTE ATM,15,581.44,581,0.471,3.801,3.059,-0.1926,-19.52,-74.19
2026-03-26,short,-0.93,1DTE ATM,30,581.44,581,0.471,3.801,2.415,-0.4592,-36.46,-138.61
2026-03-26,short,-0.93,1DTE ATM,60,581.44,581,0.471,3.801,2.549,-0.3646,-32.95,-125.24
2026-03-26,short,-0.93,0DTE ~45d,15,581.44,580,0.413,2.203,1.589,-0.1926,-27.89,-61.44
2026-03-26,short,-0.93,0DTE ~45d,30,581.44,580,0.413,2.203,1.072,-0.4592,-51.35,-113.13
2026-03-26,short,-0.93,0DTE ~45d,60,581.44,580,0.413,2.203,1.129,-0.3646,-48.76,-107.43
2026-03-26,short,-0.93,1DTE ~45d,15,581.44,580,0.432,3.343,2.649,-0.1926,-20.76,-69.39
2026-03-26,short,-0.93,1DTE ~45d,30,581.44,580,0.432,3.343,2.067,-0.4592,-38.18,-127.66
2026-03-26,short,-0.93,1DTE ~45d,60,581.44,580,0.432,3.343,2.181,-0.3646,-34.75,-116.17
2026-03-26,long,-0.93,0DTE ATM,15,581.48,581,0.535,3.221,4.098,0.3147,27.24,87.74
2026-03-26,long,-0.93,0DTE ATM,30,581.48,581,0.535,3.221,4.392,0.4059,36.38,117.16
2026-03-26,long,-0.93,0DTE ATM,60,581.48,581,0.535,3.221,4.009,0.3354,24.49,78.89
2026-03-26,long,-0.93,1DTE ATM,15,581.48,581,0.531,4.49,5.286,0.3147,17.72,79.58
2026-03-26,long,-0.93,1DTE ATM,30,581.48,581,0.531,4.49,5.573,0.4059,24.12,108.31
2026-03-26,long,-0.93,1DTE ATM,60,581.48,581,0.531,4.49,5.239,0.3354,16.68,74.87
2026-03-26,long,-0.93,0DTE ~45d,15,581.48,582,0.48,2.718,3.49,0.3147,28.38,77.15
2026-03-26,long,-0.93,0DTE ~45d,30,581.48,582,0.48,2.718,3.752,0.4059,38.03,103.37
2026-03-26,long,-0.93,0DTE ~45d,60,581.48,582,0.48,2.718,3.387,0.3354,24.63,66.93
2026-03-26,long,-0.93,1DTE ~45d,15,581.48,583,0.454,3.52,4.168,0.3147,18.41,64.82
2026-03-26,long,-0.93,1DTE ~45d,30,581.48,583,0.454,3.52,4.411,0.4059,25.33,89.16
2026-03-26,long,-0.93,1DTE ~45d,60,581.48,583,0.454,3.52,4.108,0.3354,16.71,58.82
2026-03-27,short,-0.535,0DTE ATM,15,570.56,571,0.516,3.031,2.956,0.0394,-2.5,-7.58
2026-03-27,short,-0.535,0DTE ATM,30,570.56,571,0.516,3.031,5.13,0.6542,69.23,209.85
2026-03-27,short,-0.535,0DTE ATM,60,570.56,571,0.516,3.031,4.773,0.5889,57.46,174.17
2026-03-27,short,-0.535,1DTE ATM,15,570.56,571,0.505,4.161,4.039,0.0394,-2.95,-12.28
2026-03-27,short,-0.535,1DTE ATM,30,570.56,571,0.505,4.161,6.067,0.6542,45.8,190.58
2026-03-27,short,-0.535,1DTE ATM,60,570.56,571,0.505,4.161,5.759,0.5889,38.39,159.78
2026-03-27,short,-0.535,0DTE ~45d,15,570.56,570,0.46,2.539,2.45,0.0394,-3.49,-8.86
2026-03-27,short,-0.535,0DTE ~45d,30,570.56,570,0.46,2.539,4.421,0.6542,74.14,188.2
2026-03-27,short,-0.535,0DTE ~45d,60,570.56,570,0.46,2.539,4.076,0.5889,60.55,153.71
2026-03-27,short,-0.535,1DTE ~45d,15,570.56,570,0.466,3.669,3.538,0.0394,-3.58,-13.15
2026-03-27,short,-0.535,1DTE ~45d,30,570.56,570,0.466,3.669,5.422,0.6542,47.75,175.21
2026-03-27,short,-0.535,1DTE ~45d,60,570.56,570,0.466,3.669,5.126,0.5889,39.68,145.61
2026-03-27,long,-0.535,0DTE ATM,15,569.19,569,0.519,2.983,2.177,-0.2222,-27.04,-80.67
2026-03-27,long,-0.535,0DTE ATM,30,569.19,569,0.519,2.983,1.636,-0.4322,-45.18,-134.78
2026-03-27,long,-0.535,0DTE ATM,60,569.19,569,0.519,2.983,1.318,-0.538,-55.82,-166.53
2026-03-27,long,-0.535,1DTE ATM,15,569.19,569,0.52,4.234,3.368,-0.2222,-20.44,-86.53
2026-03-27,long,-0.535,1DTE ATM,30,569.19,569,0.52,4.234,2.801,-0.4322,-33.83,-143.24
2026-03-27,long,-0.535,1DTE ATM,60,569.19,569,0.52,4.234,2.481,-0.538,-41.39,-175.24
2026-03-27,long,-0.535,0DTE ~45d,15,569.19,570,0.463,2.497,1.767,-0.2222,-29.24,-73.02
2026-03-27,long,-0.535,0DTE ~45d,30,569.19,570,0.463,2.497,1.298,-0.4322,-48.03,-119.94
2026-03-27,long,-0.535,0DTE ~45d,60,569.19,570,0.463,2.497,1.022,-0.538,-59.07,-147.5
2026-03-27,long,-0.535,1DTE ~45d,15,569.19,571,0.441,3.287,2.53,-0.2222,-23.04,-75.73
2026-03-27,long,-0.535,1DTE ~45d,30,569.19,571,0.441,3.287,2.063,-0.4322,-37.26,-122.47
2026-03-27,long,-0.535,1DTE ~45d,60,569.19,571,0.441,3.287,1.797,-0.538,-45.33,-149.02
2026-04-02,long,-1.773,0DTE ATM,15,574.72,575,0.493,2.803,2.355,-0.0905,-15.97,-44.77
2026-04-02,long,-1.773,0DTE ATM,30,574.72,575,0.493,2.803,3.755,0.3776,33.96,95.19
2026-04-02,long,-1.773,0DTE ATM,60,574.72,575,0.493,2.803,4.875,0.6943,73.93,207.23
2026-04-02,long,-1.773,1DTE ATM,15,574.72,575,0.502,4.057,3.558,-0.0905,-12.29,-49.87
2026-04-02,long,-1.773,1DTE ATM,30,574.72,575,0.502,4.057,4.957,0.3776,22.2,90.07
2026-04-02,long,-1.773,1DTE ATM,60,574.72,575,0.502,4.057,6.022,0.6943,48.44,196.51
2026-04-02,long,-1.773,0DTE ~45d,15,574.72,576,0.438,2.342,1.928,-0.0905,-17.7,-41.45
2026-04-02,long,-1.773,0DTE ~45d,30,574.72,576,0.438,2.342,3.168,0.3776,35.25,82.57
2026-04-02,long,-1.773,0DTE ~45d,60,574.72,576,0.438,2.342,4.179,0.6943,78.4,183.64
2026-04-02,long,-1.773,1DTE ~45d,15,574.72,576,0.463,3.582,3.106,-0.0905,-13.29,-47.6
2026-04-02,long,-1.773,1DTE ~45d,30,574.72,576,0.463,3.582,4.394,0.3776,22.67,81.22
2026-04-02,long,-1.773,1DTE ~45d,60,574.72,576,0.463,3.582,5.383,0.6943,50.28,180.08
2026-04-02,short,-1.773,0DTE ATM,15,574.25,574,0.477,2.696,2.459,-0.0157,-8.8,-23.74
2026-04-02,short,-1.773,0DTE ATM,30,574.25,574,0.477,2.696,1.431,-0.4423,-46.93,-126.55
2026-04-02,short,-1.773,0DTE ATM,60,574.25,574,0.477,2.696,0.535,-1.0327,-80.17,-216.17
2026-04-02,short,-1.773,1DTE ATM,15,574.25,574,0.478,3.838,3.557,-0.0157,-7.33,-28.15
2026-04-02,short,-1.773,1DTE ATM,30,574.25,574,0.478,3.838,2.485,-0.4423,-35.25,-135.28
2026-04-02,short,-1.773,1DTE ATM,60,574.25,574,0.478,3.838,1.378,-1.0327,-64.09,-246.0
2026-04-02,short,-1.773,0DTE ~45d,15,574.25,574,0.477,2.696,2.459,-0.0157,-8.8,-23.74
2026-04-02,short,-1.773,0DTE ~45d,30,574.25,574,0.477,2.696,1.431,-0.4423,-46.93,-126.55
2026-04-02,short,-1.773,0DTE ~45d,60,574.25,574,0.477,2.696,0.535,-1.0327,-80.17,-216.17
2026-04-02,short,-1.773,1DTE ~45d,15,574.25,573,0.439,3.373,3.098,-0.0157,-8.16,-27.53
2026-04-02,short,-1.773,1DTE ~45d,30,574.25,573,0.439,3.373,2.126,-0.4423,-36.97,-124.69
2026-04-02,short,-1.773,1DTE ~45d,60,574.25,573,0.439,3.373,1.145,-1.0327,-66.06,-222.81
2026-04-28,short,-0.967,0DTE ATM,15,655.79,656,0.501,3.332,1.792,-0.4758,-46.23,-154.04
2026-04-28,short,-0.967,0DTE ATM,30,655.79,656,0.501,3.332,2.025,-0.3538,-39.22,-130.69
2026-04-28,short,-0.967,0DTE ATM,60,655.79,656,0.501,3.332,2.167,-0.2531,-34.97,-116.54
2026-04-28,short,-0.967,1DTE ATM,15,655.79,656,0.495,4.633,2.991,-0.4758,-35.45,-164.26
2026-04-28,short,-0.967,1DTE ATM,30,655.79,656,0.495,4.633,3.269,-0.3538,-29.45,-136.47
2026-04-28,short,-0.967,1DTE ATM,60,655.79,656,0.495,4.633,3.465,-0.2531,-25.21,-116.81
2026-04-28,short,-0.967,0DTE ~45d,15,655.79,655,0.453,2.85,1.467,-0.4758,-48.54,-138.36
2026-04-28,short,-0.967,0DTE ~45d,30,655.79,655,0.453,2.85,1.665,-0.3538,-41.6,-118.57
2026-04-28,short,-0.967,0DTE ~45d,60,655.79,655,0.453,2.85,1.777,-0.2531,-37.65,-107.3
2026-04-28,short,-0.967,1DTE ~45d,15,655.79,654,0.427,3.698,2.279,-0.4758,-38.37,-141.89
2026-04-28,short,-0.967,1DTE ~45d,30,655.79,654,0.427,3.698,2.505,-0.3538,-32.28,-119.36
2026-04-28,short,-0.967,1DTE ~45d,60,655.79,654,0.427,3.698,2.658,-0.2531,-28.12,-104.01
2026-04-28,long,-0.967,0DTE ATM,15,656.89,657,0.503,3.299,4.597,0.4065,39.35,129.81
2026-04-28,long,-0.967,0DTE ATM,30,656.89,657,0.503,3.299,3.831,0.2314,16.14,53.22
2026-04-28,long,-0.967,0DTE ATM,60,656.89,657,0.503,3.299,3.003,0.0391,-8.97,-29.59
2026-04-28,long,-0.967,1DTE ATM,15,656.89,657,0.509,4.735,5.943,0.4065,25.51,120.79
2026-04-28,long,-0.967,1DTE ATM,30,656.89,657,0.509,4.735,5.226,0.2314,10.36,49.07
2026-04-28,long,-0.967,1DTE ATM,60,656.89,657,0.509,4.735,4.449,0.0391,-6.03,-28.55
2026-04-28,long,-0.967,0DTE ~45d,15,656.89,658,0.455,2.824,3.987,0.4065,41.18,116.3
2026-04-28,long,-0.967,0DTE ~45d,30,656.89,658,0.455,2.824,3.279,0.2314,16.09,45.45
2026-04-28,long,-0.967,0DTE ~45d,60,656.89,658,0.455,2.824,2.518,0.0391,-10.83,-30.6
2026-04-28,long,-0.967,1DTE ~45d,15,656.89,659,0.441,3.8,4.819,0.4065,26.81,101.89
2026-04-28,long,-0.967,1DTE ~45d,30,656.89,659,0.441,3.8,4.184,0.2314,10.11,38.42
2026-04-28,long,-0.967,1DTE ~45d,60,656.89,659,0.441,3.8,3.502,0.0391,-7.85,-29.83
2026-05-12,short,-0.695,0DTE ATM,15,707.06,707,0.489,3.45,2.186,-0.3352,-36.64,-126.39
2026-05-12,short,-0.695,0DTE ATM,30,707.06,707,0.489,3.45,3.504,0.1004,1.58,5.45
2026-05-12,short,-0.695,0DTE ATM,60,707.06,707,0.489,3.45,4.843,0.454,40.38,139.31
2026-05-12,short,-0.695,1DTE ATM,15,707.06,707,0.486,4.853,3.502,-0.3352,-27.84,-135.09
2026-05-12,short,-0.695,1DTE ATM,30,707.06,707,0.486,4.853,4.868,0.1004,0.31,1.49
2026-05-12,short,-0.695,1DTE ATM,60,707.06,707,0.486,4.853,6.163,0.454,26.99,130.99
2026-05-12,short,-0.695,0DTE ~45d,15,707.06,706,0.444,2.979,1.828,-0.3352,-38.64,-115.1
2026-05-12,short,-0.695,0DTE ~45d,30,707.06,706,0.444,2.979,3.001,0.1004,0.75,2.24
2026-05-12,short,-0.695,0DTE ~45d,60,707.06,706,0.444,2.979,4.213,0.454,41.44,123.42
2026-05-12,short,-0.695,1DTE ~45d,15,707.06,706,0.454,4.376,3.106,-0.3352,-29.04,-127.08
2026-05-12,short,-0.695,1DTE ~45d,30,707.06,706,0.454,4.376,4.369,0.1004,-0.17,-0.74
2026-05-12,short,-0.695,1DTE ~45d,60,707.06,706,0.454,4.376,5.577,0.454,27.44,120.1
2026-05-12,long,-0.695,0DTE ATM,15,707.43,707,0.528,3.832,3.908,0.0834,1.97,7.56
2026-05-12,long,-0.695,0DTE ATM,30,707.43,707,0.528,3.832,2.574,-0.2771,-32.85,-125.88
2026-05-12,long,-0.695,0DTE ATM,60,707.43,707,0.528,3.832,1.66,-0.5654,-56.7,-217.29
2026-05-12,long,-0.695,1DTE ATM,15,707.43,707,0.526,5.379,5.396,0.0834,0.32,1.75
2026-05-12,long,-0.695,1DTE ATM,30,707.43,707,0.526,5.379,4.063,-0.2771,-24.47,-131.64
2026-05-12,long,-0.695,1DTE ATM,60,707.43,707,0.526,5.379,3.099,-0.5654,-42.39,-228.02
2026-05-12,long,-0.695,0DTE ~45d,15,707.43,709,0.439,2.876,2.898,0.0834,0.76,2.19
2026-05-12,long,-0.695,0DTE ~45d,30,707.43,709,0.439,2.876,1.811,-0.2771,-37.04,-106.53
2026-05-12,long,-0.695,0DTE ~45d,60,707.43,709,0.439,2.876,1.097,-0.5654,-61.85,-177.88
2026-05-12,long,-0.695,1DTE ~45d,15,707.43,710,0.431,3.965,3.928,0.0834,-0.94,-3.73
2026-05-12,long,-0.695,1DTE ~45d,30,707.43,710,0.431,3.965,2.851,-0.2771,-28.08,-111.35
2026-05-12,long,-0.695,1DTE ~45d,60,707.43,710,0.431,3.965,2.095,-0.5654,-47.16,-187.0
2026-05-15,short,-1.342,0DTE ATM,15,709.6,710,0.509,3.694,5.684,0.5256,53.87,198.99
2026-05-15,short,-1.342,0DTE ATM,30,709.6,710,0.509,3.694,4.43,0.2637,19.92,73.58
2026-05-15,short,-1.342,0DTE ATM,60,709.6,710,0.509,3.694,2.624,-0.186,-28.97,-107.03
2026-05-15,short,-1.342,1DTE ATM,15,709.6,710,0.5,5.101,6.905,0.5256,35.38,180.44
2026-05-15,short,-1.342,1DTE ATM,30,709.6,710,0.5,5.101,5.758,0.2637,12.89,65.73
2026-05-15,short,-1.342,1DTE ATM,60,709.6,710,0.5,5.101,4.039,-0.186,-20.81,-106.12
2026-05-15,short,-1.342,0DTE ~45d,15,709.6,709,0.464,3.202,5.019,0.5256,56.72,181.64
2026-05-15,short,-1.342,0DTE ~45d,30,709.6,709,0.464,3.202,3.848,0.2637,20.16,64.54
2026-05-15,short,-1.342,0DTE ~45d,60,709.6,709,0.464,3.202,2.2,-0.186,-31.31,-100.26
2026-05-15,short,-1.342,1DTE ~45d,15,709.6,709,0.469,4.609,6.291,0.5256,36.48,168.13
2026-05-15,short,-1.342,1DTE ~45d,30,709.6,709,0.469,4.609,5.204,0.2637,12.9,59.47
2026-05-15,short,-1.342,1DTE ~45d,60,709.6,709,0.469,4.609,3.594,-0.186,-22.02,-101.51
2026-05-15,long,-1.342,0DTE ATM,15,709.71,710,0.496,3.484,2.066,-0.384,-40.71,-141.84
2026-05-15,long,-1.342,0DTE ATM,30,709.71,710,0.496,3.484,2.545,-0.1902,-26.96,-93.94
2026-05-15,long,-1.342,0DTE ATM,60,709.71,710,0.496,3.484,3.418,0.1085,-1.89,-6.57
2026-05-15,long,-1.342,1DTE ATM,15,709.71,710,0.503,5.034,3.487,-0.384,-30.73,-154.69
2026-05-15,long,-1.342,1DTE ATM,30,709.71,710,0.503,5.034,4.036,-0.1902,-19.83,-99.81
2026-05-15,long,-1.342,1DTE ATM,60,709.71,710,0.503,5.034,4.98,0.1085,-1.07,-5.4
2026-05-15,long,-1.342,0DTE ~45d,15,709.71,711,0.451,3.016,1.726,-0.384,-42.77,-128.97
2026-05-15,long,-1.342,0DTE ~45d,30,709.71,711,0.451,3.016,2.144,-0.1902,-28.89,-87.12
2026-05-15,long,-1.342,0DTE ~45d,60,709.71,711,0.451,3.016,2.915,0.1085,-3.32,-10.01
2026-05-15,long,-1.342,1DTE ~45d,15,709.71,712,0.44,4.105,2.74,-0.384,-33.24,-136.42
2026-05-15,long,-1.342,1DTE ~45d,30,709.71,712,0.44,4.105,3.202,-0.1902,-22.0,-90.28
2026-05-15,long,-1.342,1DTE ~45d,60,709.71,712,0.44,4.105,4.004,0.1085,-2.44,-10.02
2026-05-19,long,-0.814,0DTE ATM,15,701.27,701,0.521,3.727,3.043,-0.1255,-18.35,-68.4
2026-05-19,long,-0.814,0DTE ATM,30,701.27,701,0.521,3.727,3.425,0.0029,-8.11,-30.22
2026-05-19,long,-0.814,0DTE ATM,60,701.27,701,0.521,3.727,1.684,-0.5305,-54.82,-204.34
2026-05-19,long,-0.814,1DTE ATM,15,701.27,701,0.521,5.258,4.515,-0.1255,-14.13,-74.32
2026-05-19,long,-0.814,1DTE ATM,30,701.27,701,0.521,5.258,4.923,0.0029,-6.38,-33.57
2026-05-19,long,-0.814,1DTE ATM,60,701.27,701,0.521,5.258,3.114,-0.5305,-40.78,-214.44
2026-05-19,long,-0.814,0DTE ~45d,15,701.27,702,0.476,3.234,2.593,-0.1255,-19.82,-64.11
2026-05-19,long,-0.814,0DTE ~45d,30,701.27,702,0.476,3.234,2.932,0.0029,-9.35,-30.25
2026-05-19,long,-0.814,0DTE ~45d,60,701.27,702,0.476,3.234,1.377,-0.5305,-57.43,-185.73
2026-05-19,long,-0.814,1DTE ~45d,15,701.27,703,0.457,4.294,3.612,-0.1255,-15.88,-68.2
2026-05-19,long,-0.814,1DTE ~45d,30,701.27,703,0.457,4.294,3.96,0.0029,-7.79,-33.47
2026-05-19,long,-0.814,1DTE ~45d,60,701.27,703,0.457,4.294,2.407,-0.5305,-43.94,-188.7
2026-05-19,short,-0.814,0DTE ATM,15,702.43,702,0.472,3.23,3.271,0.0819,1.26,4.07
2026-05-19,short,-0.814,0DTE ATM,30,702.43,702,0.472,3.23,4.536,0.4214,40.45,130.65
2026-05-19,short,-0.814,0DTE ATM,60,702.43,702,0.472,3.23,6.52,0.8542,101.85,328.98
2026-05-19,short,-0.814,1DTE ATM,15,702.43,702,0.474,4.629,4.615,0.0819,-0.3,-1.41
2026-05-19,short,-0.814,1DTE ATM,30,702.43,702,0.474,4.629,5.843,0.4214,26.24,121.45
2026-05-19,short,-0.814,1DTE ATM,60,702.43,702,0.474,4.629,7.665,0.8542,65.6,303.65
2026-05-19,short,-0.814,0DTE ~45d,15,702.43,701,0.427,2.776,2.792,0.0819,0.59,1.63
2026-05-19,short,-0.814,0DTE ~45d,30,702.43,701,0.427,2.776,3.94,0.4214,41.95,116.45
2026-05-19,short,-0.814,0DTE ~45d,60,702.43,701,0.427,2.776,5.777,0.8542,108.1,300.07
2026-05-19,short,-0.814,1DTE ~45d,15,702.43,701,0.442,4.164,4.133,0.0819,-0.75,-3.12
2026-05-19,short,-0.814,1DTE ~45d,30,702.43,701,0.442,4.164,5.28,0.4214,26.79,111.58
2026-05-19,short,-0.814,1DTE ~45d,60,702.43,701,0.442,4.164,6.998,0.8542,68.06,283.4
2026-05-21,short,-0.507,0DTE ATM,15,708.62,709,0.508,3.679,2.907,-0.1552,-20.99,-77.21
2026-05-21,short,-0.507,0DTE ATM,30,708.62,709,0.508,3.679,2.159,-0.3867,-41.32,-152.0
2026-05-21,short,-0.507,0DTE ATM,60,708.62,709,0.508,3.679,3.129,-0.031,-14.93,-54.93
2026-05-21,short,-0.507,1DTE ATM,15,708.62,709,0.5,5.084,4.259,-0.1552,-16.23,-82.5
2026-05-21,short,-0.507,1DTE ATM,30,708.62,709,0.5,5.084,3.5,-0.3867,-31.15,-158.37
2026-05-21,short,-0.507,1DTE ATM,60,708.62,709,0.5,5.084,4.546,-0.031,-10.58,-53.79
2026-05-21,short,-0.507,0DTE ~45d,15,708.62,708,0.464,3.188,2.469,-0.1552,-22.55,-71.89
2026-05-21,short,-0.507,0DTE ~45d,30,708.62,708,0.464,3.188,1.8,-0.3867,-43.55,-138.83
2026-05-21,short,-0.507,0DTE ~45d,60,708.62,708,0.464,3.188,2.651,-0.031,-16.85,-53.72
2026-05-21,short,-0.507,1DTE ~45d,15,708.62,708,0.468,4.593,3.806,-0.1552,-17.14,-78.74
2026-05-21,short,-0.507,1DTE ~45d,30,708.62,708,0.468,4.593,3.102,-0.3867,-32.47,-149.12
2026-05-21,short,-0.507,1DTE ~45d,60,708.62,708,0.468,4.593,4.063,-0.031,-11.53,-52.96
2026-05-21,long,-0.507,0DTE ATM,15,708.84,709,0.502,3.539,3.273,-0.0056,-7.52,-26.61
2026-05-21,long,-0.507,0DTE ATM,30,708.84,709,0.502,3.539,4.546,0.3343,28.47,100.75
2026-05-21,long,-0.507,0DTE ATM,60,708.84,709,0.502,3.539,2.778,-0.0875,-21.5,-76.07
2026-05-21,long,-0.507,1DTE ATM,15,708.84,709,0.507,5.089,4.768,-0.0056,-6.3,-32.07
2026-05-21,long,-0.507,1DTE ATM,30,708.84,709,0.507,5.089,6.035,0.3343,18.6,94.66
2026-05-21,long,-0.507,1DTE ATM,60,708.84,709,0.507,5.089,4.331,-0.0875,-14.89,-75.78
2026-05-21,long,-0.507,0DTE ~45d,15,708.84,710,0.457,3.065,2.802,-0.0056,-8.56,-26.24
2026-05-21,long,-0.507,0DTE ~45d,30,708.84,710,0.457,3.065,3.959,0.3343,29.19,89.46
2026-05-21,long,-0.507,0DTE ~45d,60,708.84,710,0.457,3.065,2.34,-0.0875,-23.65,-72.49
2026-05-21,long,-0.507,1DTE ~45d,15,708.84,711,0.444,4.152,3.837,-0.0056,-7.58,-31.46
2026-05-21,long,-0.507,1DTE ~45d,30,708.84,711,0.444,4.152,4.942,0.3343,19.04,79.06
2026-05-21,long,-0.507,1DTE ~45d,60,708.84,711,0.444,4.152,3.443,-0.0875,-17.08,-70.9
2026-06-04,short,-1.181,0DTE ATM,15,734.86,735,0.497,3.689,3.654,0.0578,-0.92,-3.41
2026-06-04,short,-1.181,0DTE ATM,30,734.86,735,0.497,3.689,3.325,-0.0129,-9.86,-36.38
2026-06-04,short,-1.181,0DTE ATM,60,734.86,735,0.497,3.689,2.446,-0.2347,-33.68,-124.21
2026-06-04,short,-1.181,1DTE ATM,15,734.86,735,0.492,5.147,5.053,0.0578,-1.83,-9.41
2026-06-04,short,-1.181,1DTE ATM,30,734.86,735,0.492,5.147,4.748,-0.0129,-7.74,-39.84
2026-06-04,short,-1.181,1DTE ATM,60,734.86,735,0.492,5.147,3.902,-0.2347,-24.19,-124.47
2026-06-04,short,-1.181,0DTE ~45d,15,734.86,734,0.454,3.208,3.155,0.0578,-1.63,-5.22
2026-06-04,short,-1.181,0DTE ~45d,30,734.86,734,0.454,3.208,2.85,-0.0129,-11.15,-35.75
2026-06-04,short,-1.181,0DTE ~45d,60,734.86,734,0.454,3.208,2.052,-0.2347,-36.04,-115.61
2026-06-04,short,-1.181,1DTE ~45d,15,734.86,733,0.431,4.21,4.093,0.0578,-2.78,-11.71
2026-06-04,short,-1.181,1DTE ~45d,30,734.86,733,0.431,4.21,3.822,-0.0129,-9.2,-38.74
2026-06-04,short,-1.181,1DTE ~45d,60,734.86,733,0.431,4.21,3.084,-0.2347,-26.74,-112.56
2026-06-04,long,-1.181,0DTE ATM,15,735.6,736,0.492,3.562,3.179,-0.036,-10.77,-38.37
2026-06-04,long,-1.181,0DTE ATM,30,735.6,736,0.492,3.562,2.76,-0.1387,-22.54,-80.29
2026-06-04,long,-1.181,0DTE ATM,60,735.6,736,0.492,3.562,3.465,0.102,-2.73,-9.71
2026-06-04,long,-1.181,1DTE ATM,15,735.6,736,0.5,5.168,4.725,-0.036,-8.58,-44.32
2026-06-04,long,-1.181,1DTE ATM,30,735.6,736,0.5,5.168,4.313,-0.1387,-16.55,-85.56
2026-06-04,long,-1.181,1DTE ATM,60,735.6,736,0.5,5.168,5.084,0.102,-1.62,-8.38
2026-06-04,long,-1.181,0DTE ~45d,15,735.6,737,0.449,3.098,2.728,-0.036,-11.92,-36.91
2026-06-04,long,-1.181,0DTE ~45d,30,735.6,737,0.449,3.098,2.346,-0.1387,-24.27,-75.19
2026-06-04,long,-1.181,0DTE ~45d,60,735.6,737,0.449,3.098,2.969,0.102,-4.15,-12.86
2026-06-04,long,-1.181,1DTE ~45d,15,735.6,738,0.44,4.243,3.821,-0.036,-9.95,-42.2
2026-06-04,long,-1.181,1DTE ~45d,30,735.6,738,0.44,4.243,3.459,-0.1387,-18.49,-78.44
2026-06-04,long,-1.181,1DTE ~45d,60,735.6,738,0.44,4.243,4.117,0.102,-2.98,-12.64
2026-06-05,short,-1.417,0DTE ATM,15,729.68,730,0.505,3.752,5.014,0.3645,33.63,126.19
2026-06-05,short,-1.417,0DTE ATM,30,729.68,730,0.505,3.752,7.076,0.7825,88.62,332.48
2026-06-05,short,-1.417,0DTE ATM,60,729.68,730,0.505,3.752,5.63,0.5304,50.06,187.81
2026-06-05,short,-1.417,1DTE ATM,15,729.68,730,0.497,5.199,6.334,0.3645,21.84,113.55
2026-06-05,short,-1.417,1DTE ATM,30,729.68,730,0.497,5.199,8.223,0.7825,58.17,302.4
2026-06-05,short,-1.417,1DTE ATM,60,729.68,730,0.497,5.199,6.937,0.5304,33.44,173.83
2026-06-05,short,-1.417,0DTE ~45d,15,729.68,729,0.462,3.263,4.403,0.3645,34.93,114.0
2026-06-05,short,-1.417,0DTE ~45d,30,729.68,729,0.462,3.263,6.334,0.7825,94.09,307.04
2026-06-05,short,-1.417,0DTE ~45d,60,729.68,729,0.462,3.263,4.956,0.5304,51.86,169.24
2026-06-05,short,-1.417,1DTE ~45d,15,729.68,729,0.467,4.71,5.76,0.3645,22.29,104.99
2026-06-05,short,-1.417,1DTE ~45d,30,729.68,729,0.467,4.71,7.552,0.7825,60.34,284.18
2026-06-05,short,-1.417,1DTE ~45d,60,729.68,729,0.467,4.71,6.32,0.5304,34.19,161.05
2026-06-05,long,-1.417,0DTE ATM,15,731.51,732,0.488,3.498,1.383,-0.6808,-60.46,-211.5
2026-06-05,long,-1.417,0DTE ATM,30,731.51,732,0.488,3.498,0.913,-0.9251,-73.89,-258.45
2026-06-05,long,-1.417,0DTE ATM,60,731.51,732,0.488,3.498,0.994,-0.8038,-71.58,-250.39
2026-06-05,long,-1.417,1DTE ATM,15,731.51,732,0.497,5.094,2.71,-0.6808,-46.81,-238.45
2026-06-05,long,-1.417,1DTE ATM,30,731.51,732,0.497,5.094,2.109,-0.9251,-58.59,-298.49
2026-06-05,long,-1.417,1DTE ATM,60,731.51,732,0.497,5.094,2.284,-0.8038,-55.17,-281.03
2026-06-05,long,-1.417,0DTE ~45d,15,731.51,733,0.444,3.037,1.137,-0.6808,-62.55,-189.98
2026-06-05,long,-1.417,0DTE ~45d,30,731.51,733,0.444,3.037,0.734,-0.9251,-75.83,-230.3
2026-06-05,long,-1.417,0DTE ~45d,60,731.51,733,0.444,3.037,0.796,-0.8038,-73.79,-224.12
2026-06-05,long,-1.417,1DTE ~45d,15,731.51,733,0.467,4.619,2.392,-0.6808,-48.22,-222.73
2026-06-05,long,-1.417,1DTE ~45d,30,731.51,733,0.467,4.619,1.844,-0.9251,-60.08,-277.51
2026-06-05,long,-1.417,1DTE ~45d,60,731.51,733,0.467,4.619,1.998,-0.8038,-56.74,-262.12
2026-06-10,long,-0.887,0DTE ATM,15,703.21,703,0.518,3.706,5.432,0.4693,46.57,172.61
2026-06-10,long,-0.887,0DTE ATM,30,703.21,703,0.518,3.706,4.566,0.293,23.18,85.93
2026-06-10,long,-0.887,0DTE ATM,60,703.21,703,0.518,3.706,6.088,0.6399,64.26,238.16
2026-06-10,long,-0.887,1DTE ATM,15,703.21,703,0.519,5.242,6.84,0.4693,30.5,159.88
2026-06-10,long,-0.887,1DTE ATM,30,703.21,703,0.519,5.242,6.037,0.293,15.18,79.54
2026-06-10,long,-0.887,1DTE ATM,60,703.21,703,0.519,5.242,7.478,0.6399,42.68,223.69
2026-06-10,long,-0.887,0DTE ~45d,15,703.21,705,0.429,2.77,4.187,0.4693,51.15,141.68
2026-06-10,long,-0.887,0DTE ~45d,30,703.21,705,0.429,2.77,3.433,0.293,23.95,66.34
2026-06-10,long,-0.887,0DTE ~45d,60,703.21,705,0.429,2.77,4.715,0.6399,70.21,194.48
2026-06-10,long,-0.887,1DTE ~45d,15,703.21,705,0.456,4.282,5.661,0.4693,32.22,137.97
2026-06-10,long,-0.887,1DTE ~45d,30,703.21,705,0.456,4.282,4.939,0.293,15.36,65.78
2026-06-10,long,-0.887,1DTE ~45d,60,703.21,705,0.456,4.282,6.215,0.6399,45.15,193.32
2026-06-10,short,-0.887,0DTE ATM,15,702.22,702,0.481,3.343,1.189,-0.7661,-64.45,-215.46
2026-06-10,short,-0.887,0DTE ATM,30,702.22,702,0.481,3.343,1.417,-0.6123,-57.62,-192.62
2026-06-10,short,-0.887,0DTE ATM,60,702.22,702,0.481,3.343,0.728,-0.984,-78.23,-261.52
2026-06-10,short,-0.887,1DTE ATM,15,702.22,702,0.481,4.738,2.341,-0.7661,-50.59,-239.7
2026-06-10,short,-0.887,1DTE ATM,30,702.22,702,0.481,4.738,2.649,-0.6123,-44.1,-208.94
2026-06-10,short,-0.887,1DTE ATM,60,702.22,702,0.481,4.738,1.795,-0.984,-62.11,-294.28
2026-06-10,short,-0.887,0DTE ~45d,15,702.22,701,0.436,2.879,0.962,-0.7661,-66.6,-191.76
2026-06-10,short,-0.887,0DTE ~45d,30,702.22,701,0.436,2.879,1.153,-0.6123,-59.95,-172.63
2026-06-10,short,-0.887,0DTE ~45d,60,702.22,701,0.436,2.879,0.568,-0.984,-80.28,-231.15
2026-06-10,short,-0.887,1DTE ~45d,15,702.22,701,0.449,4.267,2.044,-0.7661,-52.09,-222.27
2026-06-10,short,-0.887,1DTE ~45d,30,702.22,701,0.449,4.267,2.321,-0.6123,-45.61,-194.6
2026-06-10,short,-0.887,1DTE ~45d,60,702.22,701,0.449,4.267,1.547,-0.984,-63.73,-271.94
