date,side,entry_dist,mfe_5m,mae_5m,mfe_10m,mae_10m,mfe_15m,mae_15m,hit_+0.25%,hit_+0.50%,hit_+0.60%,hit_+0.75%,hit_+1.00%
2025-12-15,long,0.43699758500707403,0.0559,0.0853,0.2192,0.0853,0.2192,0.0853,False,False,False,False,False
2025-12-16,long,0.4132792984909302,0.3119,0.0207,0.3119,0.0207,0.3119,0.0207,True,False,False,False,False
2025-12-17,long,0.41158847503030316,0.111,0.0459,0.111,0.219,0.111,0.2442,False,False,False,False,False
2025-12-17,long,0.4123511556073059,0.0119,0.1868,0.0445,0.1868,0.1037,0.1868,False,False,False,False,False
2025-12-17,long,0.47822033984800166,0.1529,0.0141,0.1529,0.0141,0.1529,0.098,False,False,False,False,False
2025-12-17,long,0.4202264153822093,0.0624,0.0282,0.0827,0.0282,0.0827,0.0297,False,False,False,False,False
2025-12-17,long,0.42838394077178554,0.0847,0.0015,0.0847,0.1441,0.0847,0.1441,False,False,False,False,False
2025-12-18,long,0.46240843251676306,0.1851,0.0118,0.1851,0.0592,0.1851,0.0592,False,False,False,False,False
2026-01-02,long,0.42838676240631207,0.0616,0.0909,0.1862,0.0909,0.2565,0.0909,True,False,False,False,False
2026-01-02,long,0.40540043942548076,0.0161,0.1145,0.0455,0.1145,0.1291,0.1526,False,False,False,False,False
2026-01-02,long,0.4336466139170814,0.0632,0.0338,0.1176,0.0338,0.1403,0.0338,False,False,False,False,False
2026-01-02,long,0.4098380766452636,0.0581,0.0537,0.1051,0.0537,0.2095,0.0537,False,False,False,False,False
2026-01-20,long,0.43163955630287587,0.0088,0.0662,0.0088,0.0853,0.0088,0.1692,False,False,False,False,False
2026-01-20,long,0.5138411721772136,0.0,0.1274,0.056,0.1274,0.056,0.1274,False,False,False,False,False
2026-01-20,long,0.5507851062854022,0.0376,0.07,0.0376,0.0789,0.0376,0.101,False,False,False,False,False
2026-01-21,short,0.4041811132365524,0.1008,0.0095,0.1365,0.0095,0.138,0.0095,False,False,False,False,False
2026-01-21,long,0.4902873613207902,0.101,0.0707,0.2365,0.0707,0.2535,0.0707,True,False,False,False,False
2026-01-21,short,0.43700343817868764,0.0117,0.1958,0.0117,0.3317,0.0117,0.4851,False,False,False,False,False
2026-01-21,short,0.7944639455011195,0.0378,0.1397,0.0378,0.2022,0.0378,0.2022,False,False,False,False,False
2026-01-21,short,0.8599464911175732,0.1075,0.0603,0.2005,0.0603,0.2005,0.0603,False,False,False,False,False
2026-01-29,long,0.4966676411345634,0.0376,0.1419,0.0391,0.1419,0.0391,0.2389,False,False,False,False,False
2026-01-29,long,0.48314755431887535,0.0493,0.193,0.0493,0.2975,0.0493,0.3875,False,False,False,False,False
2026-01-29,long,0.6562785670583466,0.0655,0.1179,0.0655,0.2169,0.0655,0.2789,False,False,False,False,False
2026-01-29,long,0.7699807440017358,0.1779,0.0739,0.1779,0.0739,0.1779,0.1269,False,False,False,False,False
2026-01-29,long,0.7444618868427536,0.1313,0.0584,0.3882,0.0584,0.4998,0.0584,True,False,False,False,False
2026-01-30,long,0.4341906569930406,0.0784,0.0653,0.0784,0.0653,0.2089,0.0653,False,False,False,False,False
2026-01-30,long,0.443143636211987,0.0479,0.2062,0.1075,0.2062,0.1641,0.2062,False,False,False,False,False
2026-01-30,long,0.4888057706779904,0.141,0.0116,0.2442,0.0116,0.3852,0.0116,True,False,False,False,False
2026-02-03,long,0.4112456653770133,0.1582,0.0368,0.1582,0.0982,0.1582,0.0997,False,False,False,False,False
2026-02-03,long,0.47212328617295485,0.2243,0.0217,0.2388,0.0217,0.2388,0.0217,False,False,False,False,False
2026-02-03,long,0.6039337288539902,0.1793,0.0102,0.1815,0.0102,0.2091,0.0102,False,False,False,False,False
2026-02-03,long,0.533293296778719,0.0174,0.0987,0.0174,0.1437,0.0174,0.2076,False,False,False,False,False
2026-02-03,long,0.6894897558074603,0.1164,0.0145,0.1804,0.0145,0.1804,0.0145,False,False,False,False,False
2026-02-04,long,0.400279123529897,0.0292,0.1458,0.0292,0.2427,0.0685,0.2427,False,False,False,False,False
2026-02-04,long,0.554390496832975,0.0745,0.1608,0.0745,0.2645,0.0745,0.3303,False,False,False,False,False
2026-02-04,long,0.7537702805985989,0.0864,0.0806,0.1026,0.0806,0.1026,0.1201,False,False,False,False,False
2026-02-04,long,0.6905217402163284,0.1165,0.0059,0.1165,0.0059,0.277,0.0059,True,False,False,False,False
2026-02-04,long,0.45258434462250796,0.1682,0.0102,0.2282,0.0102,0.2619,0.0102,True,False,False,False,False
2026-02-05,long,0.5291038766367222,0.2512,0.0236,0.2512,0.0236,0.2512,0.1012,True,False,False,False,False
2026-02-05,long,0.43526408490052076,0.2307,0.014,0.2307,0.0254,0.2307,0.0254,False,False,False,False,False
2026-02-05,long,0.41505023338132263,0.1531,0.0399,0.3372,0.0399,0.4733,0.0399,True,False,False,False,False
2026-02-05,short,0.5004084170234298,0.3018,0.0037,0.3091,0.0037,0.3545,0.0037,True,False,False,False,False
2026-02-06,short,0.40292606914915774,0.0596,0.0102,0.0756,0.0102,0.0756,0.0116,False,False,False,False,False
2026-02-06,short,0.40848930891195345,0.077,0.0247,0.0901,0.0247,0.0901,0.0247,False,False,False,False,False
2026-02-06,short,0.4089244703967028,0.016,0.0828,0.061,0.0828,0.0708,0.0828,False,False,False,False,False
2026-02-06,short,0.43921085533795795,0.0058,0.0973,0.0058,0.122,0.0058,0.122,False,False,False,False,False
2026-02-06,short,0.5279711463511864,0.0834,0.0051,0.1008,0.0051,0.1211,0.0051,False,False,False,False,False
2026-02-09,short,0.4242534744651325,0.036,0.0216,0.0504,0.0259,0.0547,0.0259,False,False,False,False,False
2026-02-09,short,0.40383386632867074,0.0014,0.0518,0.0014,0.0791,0.0014,0.0892,False,False,False,False,False
2026-02-09,short,0.44886296695982797,0.0302,0.0058,0.0575,0.0058,0.0719,0.0058,False,False,False,False,False
2026-02-11,long,0.4311144901130038,0.0043,0.1748,0.0043,0.2948,0.0043,0.4133,False,False,False,False,False
2026-02-11,long,0.6116867950618905,0.1276,0.058,0.2277,0.058,0.2944,0.058,True,False,False,False,False
2026-02-12,long,0.5238419210348664,0.0276,0.1451,0.0276,0.3222,0.0276,0.4296,False,False,False,False,False
2026-02-12,long,0.752745708501799,0.0233,0.1486,0.0233,0.2855,0.0233,0.3271,False,False,False,False,False
2026-02-12,long,0.6373785288016155,0.057,0.0995,0.057,0.1682,0.0717,0.1682,False,False,False,False,False
2026-02-12,long,0.6868048787551175,0.06,0.082,0.1061,0.082,0.1061,0.1201,False,False,False,False,False
2026-02-12,long,0.4875327679551865,0.1579,0.0219,0.2091,0.0219,0.2281,0.0219,False,False,False,False,False
2026-02-13,short,0.442906892543245,0.1095,0.0073,0.1095,0.0803,0.1095,0.0803,False,False,False,False,False
2026-02-13,short,0.5174445095299827,0.132,0.0467,0.132,0.0467,0.132,0.0467,False,False,False,False,False
2026-02-17,long,0.45493997241791106,0.0457,0.1771,0.0885,0.2051,0.1328,0.2051,False,False,False,False,False
2026-02-17,long,0.4039635756766228,0.0724,0.099,0.0724,0.105,0.2543,0.105,True,False,False,False,False
2026-02-17,short,0.4193223412304768,0.026,0.1203,0.026,0.1745,0.026,0.2171,False,False,False,False,False
2026-02-17,short,0.441655977317529,0.0835,0.0396,0.1531,0.0396,0.1538,0.0396,False,False,False,False,False
2026-02-17,short,0.4804512919428549,0.0088,0.1061,0.0088,0.1061,0.0088,0.1844,False,False,False,False,False
2026-02-17,short,0.5896308791876004,0.0658,0.0723,0.0658,0.0723,0.0658,0.0723,False,False,False,False,False
2026-02-17,short,0.5901370577880738,0.095,0.0175,0.1023,0.0175,0.1023,0.0541,False,False,False,False,False
2026-02-18,short,0.4380111483115257,0.1424,0.0233,0.1424,0.061,0.1424,0.072,False,False,False,False,False
2026-02-18,short,0.4026190624690599,0.1264,0.0138,0.1293,0.0138,0.1293,0.0138,False,False,False,False,False
2026-02-20,short,0.6533364349185831,0.6459,0.0581,0.6459,0.0581,0.6981,0.0581,True,True,True,False,False
2026-02-20,short,0.42975552417177715,0.0856,0.0218,0.0856,0.045,0.1234,0.045,False,False,False,False,False
2026-02-23,long,0.40870898385219356,0.1022,0.0511,0.1022,0.073,0.1022,0.073,False,False,False,False,False
2026-02-23,long,0.41946177983196303,0.098,0.0278,0.098,0.0673,0.098,0.0673,False,False,False,False,False
2026-02-23,long,0.5027425443652958,0.063,0.0586,0.063,0.2124,0.063,0.2871,False,False,False,False,False
2026-02-23,long,0.6491404321597295,0.0147,0.0881,0.0147,0.113,0.0396,0.1437,False,False,False,False,False
2026-02-23,long,0.40345501449446575,0.0836,0.0147,0.0851,0.0147,0.0851,0.044,False,False,False,False,False
2026-02-24,short,0.4154895660133819,0.0342,0.0498,0.0772,0.0498,0.0772,0.0547,False,False,False,False,False
2026-02-24,short,0.4012162267643307,0.0073,0.0451,0.0189,0.0451,0.0189,0.0553,False,False,False,False,False
2026-02-24,short,0.4293477515623614,0.0487,0.0036,0.0555,0.0036,0.0749,0.0036,False,False,False,False,False
2026-02-24,short,0.40002465704887524,0.0559,0.0022,0.0559,0.0022,0.0559,0.0691,False,False,False,False,False
2026-02-24,short,0.4312665549624413,0.0509,0.0305,0.0698,0.0305,0.0785,0.0305,False,False,False,False,False
2026-02-26,long,0.41985918564491675,0.0029,0.3926,0.0029,0.4475,0.0029,0.4753,False,False,False,False,False
2026-02-26,long,0.40228181167033616,0.1007,0.0321,0.1007,0.0321,0.1007,0.0409,False,False,False,False,False
2026-02-26,long,0.4250573787002858,0.0599,0.038,0.0803,0.038,0.1182,0.038,False,False,False,False,False
2026-03-02,short,0.41254711329754895,0.0978,0.0781,0.0978,0.0832,0.1898,0.0832,False,False,False,False,False
2026-03-02,short,0.41608732903810924,0.0787,0.1166,0.0787,0.1195,0.0787,0.1195,False,False,False,False,False
2026-03-02,short,0.46860095647957983,0.0277,0.0306,0.0538,0.0378,0.1041,0.0378,False,False,False,False,False
2026-03-02,short,0.43647001355309684,0.0015,0.128,0.0015,0.128,0.0015,0.1775,False,False,False,False,False
2026-03-02,short,0.5683123091359553,0.0392,0.0187,0.0392,0.032,0.0625,0.032,False,False,False,False,False
2026-03-03,long,0.4054778405226508,0.035,0.1714,0.035,0.2027,0.1273,0.2027,False,False,False,False,False
2026-03-03,short,0.517286021573726,0.2158,0.0,0.2794,0.003,0.2794,0.003,True,False,False,False,False
2026-03-03,short,0.5978863201579752,0.0546,0.1609,0.0546,0.1609,0.0679,0.1609,False,False,False,False,False
2026-03-03,short,0.6984347431057716,0.1976,0.0029,0.2079,0.0029,0.2698,0.0029,True,False,False,False,False
2026-03-03,short,0.6710740079570783,0.0744,0.0273,0.0744,0.0464,0.1437,0.0464,False,False,False,False,False
2026-03-03,short,0.7631090067802333,0.0015,0.1354,0.0015,0.156,0.0015,0.2429,False,False,False,False,False
2026-03-04,short,0.4127097227729557,0.0,0.1621,0.0,0.219,0.0,0.219,False,False,False,False,False
2026-03-04,short,0.407787156515405,0.0903,0.0554,0.2535,0.0554,0.2812,0.0554,True,False,False,False,False
2026-03-05,long,0.4275820733651039,0.0779,0.1499,0.1205,0.1499,0.2161,0.1499,False,False,False,False,False
2026-03-05,long,0.4226681137318608,0.1391,0.0383,0.1391,0.0589,0.1391,0.0589,False,False,False,False,False
2026-03-05,long,0.43933180057997734,0.0435,0.1872,0.0435,0.2108,0.0435,0.2432,False,False,False,False,False
2026-03-05,long,0.677273572599374,0.1345,0.0636,0.1345,0.0636,0.1375,0.0636,False,False,False,False,False
2026-03-05,long,0.5239170796033278,0.0388,0.1211,0.0388,0.1787,0.0388,0.1905,False,False,False,False,False
2026-03-06,short,0.40953145948274294,0.0519,0.1497,0.0519,0.1727,0.1245,0.1727,False,False,False,False,False
2026-03-06,short,0.4064097673940165,0.0859,0.0429,0.0859,0.1096,0.154,0.1096,False,False,False,False,False
2026-03-06,short,0.40520009087628917,0.111,0.0207,0.145,0.0207,0.2537,0.0207,True,False,False,False,False
2026-03-09,short,0.42231018559090083,0.0659,0.0899,0.0659,0.1056,0.0659,0.1213,False,False,False,False,False
2026-03-09,short,0.529261714140232,0.1196,0.0135,0.1196,0.0329,0.1196,0.1062,False,False,False,False,False
2026-03-09,short,0.5832568378881612,0.13,0.0164,0.13,0.0926,0.13,0.1046,False,False,False,False,False
2026-03-09,short,0.5334602358795449,0.0492,0.0358,0.0717,0.0911,0.0717,0.0911,False,False,False,False,False
2026-03-09,short,0.7451184946915932,0.245,0.0097,0.245,0.0097,0.245,0.0171,False,False,False,False,False
2026-03-10,short,0.44947005439302135,0.0838,0.036,0.0838,0.0985,0.0838,0.1514,False,False,False,False,False
2026-03-10,short,0.4815251286166981,0.0062,0.0702,0.0062,0.1474,0.0319,0.1474,False,False,False,False,False
2026-03-10,short,0.4552710519540323,0.0367,0.0455,0.0543,0.0455,0.1116,0.0455,False,False,False,False,False
2026-03-10,short,0.471757862502157,0.1306,0.0337,0.1306,0.0337,0.1306,0.0337,False,False,False,False,False
2026-03-10,short,0.43481547018950817,0.0176,0.0425,0.0176,0.1348,0.0425,0.1348,False,False,False,False,False
2026-03-11,long,0.42343089670787765,0.1261,0.0326,0.1438,0.0326,0.1438,0.0475,False,False,False,False,False
2026-03-11,long,0.40813572344907295,0.0341,0.092,0.1157,0.092,0.1157,0.092,False,False,False,False,False
2026-03-11,long,0.42759050321088043,0.0371,0.0549,0.0386,0.0623,0.0861,0.0623,False,False,False,False,False
2026-03-11,long,0.4035423532309983,0.2093,0.0,0.2108,0.0,0.3266,0.0,True,False,False,False,False
2026-03-13,long,0.4227868774150986,0.0824,0.114,0.0824,0.2774,0.0824,0.3358,False,False,False,False,False
2026-03-13,long,0.6259852836417955,0.0684,0.0902,0.0684,0.1097,0.233,0.1097,False,False,False,False,False
2026-03-13,long,0.555999479889661,0.0181,0.0707,0.0812,0.0707,0.0812,0.1233,False,False,False,False,False
2026-03-13,long,0.6892969695933817,0.2623,0.0226,0.2623,0.0226,0.2623,0.0482,True,False,False,False,False
2026-03-13,long,0.5371274103024535,0.165,0.0,0.2275,0.0,0.2351,0.0,False,False,False,False,False
2026-03-18,long,0.4012723261496186,0.0376,0.128,0.0376,0.152,0.0677,0.152,False,False,False,False,False
2026-03-18,long,0.51740527429561,0.0272,0.0453,0.0361,0.0558,0.0361,0.0724,False,False,False,False,False
2026-03-19,short,0.409713343937077,0.053,0.4302,0.053,0.4302,0.053,0.4302,False,False,False,False,False
2026-03-20,long,0.5903219211782303,0.1572,0.0262,0.1572,0.0262,0.1572,0.1033,False,False,False,False,False
2026-03-20,long,0.599462057923893,0.0278,0.0925,0.0278,0.0964,0.0278,0.1311,False,False,False,False,False
2026-03-20,long,0.6279333057987712,0.0417,0.0903,0.0417,0.0903,0.0417,0.0903,False,False,False,False,False
2026-03-20,long,0.7524981941904231,0.0015,0.2861,0.0665,0.2861,0.0665,0.2861,False,False,False,False,False
2026-03-23,short,0.40582023381452137,0.0967,0.1058,0.1844,0.1058,0.2116,0.1058,False,False,False,False,False
2026-03-23,short,0.44651755992778175,0.0868,0.0226,0.0868,0.0226,0.1547,0.0226,False,False,False,False,False
2026-03-23,long,0.4582169888347757,0.0662,0.1226,0.0845,0.1226,0.1515,0.1226,False,False,False,False,False
2026-03-23,long,0.48051146108983683,0.0274,0.1143,0.0274,0.192,0.0274,0.3338,False,False,False,False,False
2026-03-23,long,0.5198221731635356,0.1083,0.0496,0.1083,0.0809,0.1282,0.0809,False,False,False,False,False
2026-03-23,long,0.5481169293270068,0.0717,0.1175,0.084,0.1175,0.1298,0.1175,False,False,False,False,False
2026-03-24,short,0.446049244712814,0.1121,0.0496,0.1121,0.1502,0.1121,0.1502,False,False,False,False,False
2026-03-24,short,0.5420302772015047,0.3075,0.0,0.3851,0.0,0.4003,0.0,True,False,False,False,False
2026-03-24,short,0.41430429467917046,0.2665,0.0015,0.2681,0.0015,0.2681,0.0015,True,False,False,False,False
2026-03-25,long,0.40883616692495184,0.2317,0.0026,0.2317,0.0026,0.3439,0.0026,True,False,False,False,False
2026-03-25,long,0.48301847195859104,0.2306,0.1023,0.368,0.1023,0.5085,0.1023,True,True,False,False,False
2026-03-26,long,0.4735674753645107,0.0254,0.0755,0.0462,0.0755,0.0462,0.0755,False,False,False,False,False
2026-03-26,long,0.48218076221294753,0.0485,0.0362,0.0485,0.1279,0.0485,0.1549,False,False,False,False,False
2026-03-26,long,0.5801223849850817,0.0108,0.0771,0.0108,0.1435,0.0108,0.2191,False,False,False,False,False
2026-03-26,long,0.6942980530505074,0.0127,0.1051,0.0695,0.1051,0.0695,0.1051,False,False,False,False,False
2026-03-26,long,0.7076701710830189,0.1005,0.0,0.1377,0.0,0.1516,0.0,False,False,False,False,False
2026-03-27,long,0.4255529938563934,0.0055,0.0824,0.0212,0.0824,0.0212,0.1044,False,False,False,False,False
2026-03-27,long,0.45445055045184113,0.0055,0.0707,0.0055,0.0754,0.0055,0.1129,False,False,False,False,False
2026-03-27,long,0.5596290648200404,0.0393,0.1164,0.0393,0.1164,0.0739,0.1164,False,False,False,False,False
2026-03-27,long,0.5420375612140952,0.0503,0.0283,0.0503,0.033,0.0551,0.033,False,False,False,False,False
2026-03-27,long,0.5443415967851621,0.0205,0.0299,0.0425,0.1086,0.0425,0.1401,False,False,False,False,False
2026-03-30,long,0.4034802969395539,0.0505,0.0765,0.0505,0.1049,0.0505,0.1767,False,False,False,False,False
2026-03-30,long,0.5207526165521261,0.0648,0.0569,0.1398,0.0569,0.2464,0.0569,False,False,False,False,False
2026-03-30,long,0.44620152787941253,0.079,0.0079,0.079,0.0624,0.079,0.0624,False,False,False,False,False
2026-03-30,long,0.4698835564754379,0.0055,0.0932,0.0506,0.0932,0.0506,0.0932,False,False,False,False,False
2026-03-30,long,0.5184471846042598,0.0111,0.0965,0.0111,0.125,0.0111,0.1677,False,False,False,False,False
2026-03-31,long,0.4180733555018631,0.2256,0.0282,0.4889,0.0282,0.4889,0.0282,True,False,False,False,False
2026-03-31,short,0.4322602925574791,0.014,0.9105,0.014,0.9105,0.014,0.9105,False,False,False,False,False
2026-03-31,short,0.7645668544929637,0.0525,0.207,0.2735,0.207,0.2735,0.207,True,False,False,False,False
2026-03-31,short,0.8581133588866854,0.0771,0.054,0.199,0.054,0.2114,0.054,False,False,False,False,False
2026-03-31,short,0.6958666489651254,0.0864,0.0093,0.1451,0.0509,0.1451,0.0509,False,False,False,False,False
2026-03-31,short,0.6940445806395563,0.0247,0.0988,0.0602,0.0988,0.0602,0.1358,False,False,False,False,False
2026-04-01,short,0.4066102986100807,0.0418,0.0243,0.0509,0.0243,0.0752,0.0243,False,False,False,False,False
2026-04-02,short,0.5720645150395374,0.0353,0.9138,0.0353,0.9138,0.0353,0.9138,False,False,False,False,False
2026-04-02,short,0.7162990476586262,0.3019,0.0305,0.3019,0.0305,0.3019,0.0305,True,False,False,False,False
2026-04-02,short,0.6493153877224352,0.1533,0.019,0.2707,0.019,0.2707,0.019,True,False,False,False,False
2026-04-07,long,0.4258119115422655,0.1935,0.0261,0.4039,0.0261,0.4039,0.0261,True,False,False,False,False
2026-04-07,short,0.411686656018508,0.0608,0.0259,0.102,0.0259,0.1431,0.0259,False,False,False,False,False
2026-04-07,short,0.5155434370322785,0.0973,0.1247,0.1855,0.1247,0.1855,0.1247,False,False,False,False,False
2026-04-07,short,0.42586971834326803,0.1004,0.0015,0.1004,0.0015,0.1537,0.0015,False,False,False,False,False
2026-04-09,short,0.4262945191223527,0.0767,0.0265,0.0767,0.0781,0.0767,0.3508,False,False,False,False,False
2026-04-09,short,0.5793934889067638,0.0044,0.1677,0.0044,0.1677,0.0235,0.1677,False,False,False,False,False
2026-04-09,short,0.4873217072572307,0.0243,0.036,0.0243,0.036,0.0243,0.0934,False,False,False,False,False
2026-04-09,short,0.527738930233353,0.0015,0.0838,0.0132,0.0838,0.0367,0.0838,False,False,False,False,False
2026-04-09,short,0.42295743908934225,0.0602,0.0206,0.0779,0.0206,0.0779,0.0206,False,False,False,False,False
2026-04-13,short,0.41754374771150493,0.0557,0.0249,0.0557,0.0249,0.0557,0.0249,False,False,False,False,False
2026-04-13,short,0.4379034114590799,0.0278,0.0132,0.0278,0.0278,0.038,0.0278,False,False,False,False,False
2026-04-13,short,0.4213499127285571,0.0102,0.0483,0.0102,0.0541,0.0102,0.1156,False,False,False,False,False
2026-04-13,short,0.45257308821549724,0.019,0.0687,0.019,0.1038,0.019,0.1038,False,False,False,False,False
2026-04-21,long,0.40047104003060874,0.0764,0.1047,0.1683,0.1047,0.1853,0.1047,False,False,False,False,False
2026-04-21,long,0.4412308289744735,0.0972,0.0972,0.0972,0.0972,0.0972,0.1652,False,False,False,False,False
2026-04-21,long,0.5284316390135326,0.1321,0.0284,0.1349,0.0284,0.1953,0.0284,False,False,False,False,False
2026-04-23,long,0.4277437481901498,0.0657,0.183,0.0657,0.2127,0.0657,0.2254,False,False,False,False,False
2026-04-23,long,0.6297167512555738,0.0,0.3943,0.0,0.3999,0.2766,0.3999,True,False,False,False,False
2026-04-30,short,0.45740128968698046,0.0607,0.0251,0.0607,0.0251,0.0607,0.0516,False,False,False,False,False
2026-04-30,short,0.48738362468189894,0.0,0.1367,0.0,0.1367,0.0,0.1367,False,False,False,False,False
2026-04-30,short,0.5988532213411388,0.039,0.007,0.0571,0.007,0.0585,0.0418,False,False,False,False,False
2026-04-30,short,0.5762841290137191,0.0146,0.0557,0.0146,0.0822,0.0146,0.0849,False,False,False,False,False
2026-04-30,short,0.6089172488429332,0.016,0.0118,0.016,0.0285,0.0355,0.0285,False,False,False,False,False
2026-05-04,long,0.4022637192787272,0.1575,0.0195,0.163,0.0195,0.163,0.0334,False,False,False,False,False
2026-05-04,long,0.5019976304908849,0.0894,0.1299,0.1536,0.1299,0.2682,0.1299,True,False,False,False,False
2026-05-07,long,0.40780070940983687,0.0219,0.078,0.0219,0.0794,0.1546,0.0794,False,False,False,False,False
2026-05-12,short,0.40356660141526496,0.0929,0.0,0.1058,0.0,0.1058,0.0258,False,False,False,False,False
2026-05-12,short,0.40316717468777996,0.0054,0.0854,0.0054,0.0854,0.0054,0.0895,False,False,False,False,False
2026-05-13,short,0.42893157375878666,0.0485,0.0445,0.0485,0.0445,0.0485,0.0445,False,False,False,False,False
2026-05-13,short,0.43021326010509775,0.0229,0.0606,0.0229,0.0997,0.0229,0.1071,False,False,False,False,False
2026-05-13,short,0.4382604414618091,0.0108,0.0175,0.0189,0.0175,0.0739,0.0175,False,False,False,False,False
2026-05-13,short,0.42312939451308745,0.0121,0.0256,0.0121,0.1562,0.0121,0.1616,False,False,False,False,False
2026-05-13,short,0.49194205483889236,0.0,0.0794,0.0,0.0794,0.0027,0.0794,False,False,False,False,False
2026-05-18,long,0.4472488856646351,0.2108,0.0014,0.2713,0.0014,0.2713,0.0014,True,False,False,False,False
2026-05-18,long,0.4090820416498069,0.03,0.0558,0.03,0.113,0.0871,0.113,False,False,False,False,False
2026-05-18,long,0.4141173161480816,0.0483,0.0422,0.0626,0.1103,0.0626,0.1103,False,False,False,False,False
2026-05-18,long,0.4551406757024712,0.0368,0.0313,0.5165,0.0613,0.5696,0.0613,True,True,False,False,False
2026-05-19,short,0.45846970764239553,0.0231,0.0448,0.0705,0.0543,0.0705,0.0543,False,False,False,False,False
2026-05-20,short,0.5253382731992818,0.1584,0.1431,0.1584,0.1431,0.2241,0.1431,False,False,False,False,False
2026-05-21,short,0.43129662514585576,0.1065,0.1334,0.1348,0.1334,0.1348,0.1334,False,False,False,False,False
2026-05-21,short,0.4631958226124842,0.0956,0.0215,0.0956,0.1279,0.0956,0.1373,False,False,False,False,False
2026-05-21,short,0.5410314286126601,0.0495,0.0325,0.0495,0.1361,0.0495,0.1899,False,False,False,False,False
2026-05-21,short,0.4466420408916581,0.043,0.039,0.043,0.039,0.043,0.039,False,False,False,False,False
2026-05-28,short,0.402306673864873,0.1964,0.0597,0.2229,0.0597,0.2229,0.0597,False,False,False,False,False
2026-06-01,short,0.42520678761056396,0.0487,0.0197,0.0487,0.0197,0.0579,0.0197,False,False,False,False,False
2026-06-05,long,0.4210901030163654,0.0791,0.0121,0.0791,0.0375,0.0791,0.0375,False,False,False,False,False
2026-06-05,long,0.48552630519860746,0.0188,0.0711,0.0456,0.118,0.0456,0.1247,False,False,False,False,False
2026-06-05,long,0.5762093287291363,0.0202,0.0605,0.0322,0.1035,0.0322,0.2486,False,False,False,False,False
2026-06-05,long,0.6751014679912631,0.0552,0.0942,0.1965,0.0942,0.2032,0.0942,False,False,False,False,False
2026-06-05,long,0.5678325066955622,0.0821,0.0135,0.0821,0.0605,0.0821,0.0794,False,False,False,False,False
2026-06-08,long,0.49937936154944484,0.0988,0.042,0.2275,0.042,0.2275,0.042,False,False,False,False,False
2026-06-09,long,0.4182190398530075,0.027,0.2375,0.1375,0.2375,0.1375,0.2375,False,False,False,False,False
2026-06-09,long,0.4919960763065251,0.0027,0.5924,0.0027,0.6438,0.0027,0.6438,False,False,False,False,False
2026-06-09,long,0.7371892883278174,0.0564,0.4883,0.0564,0.64,0.0564,0.64,False,False,False,False,False
2026-06-09,long,1.1100412235874786,0.0671,0.1534,0.0671,0.215,0.0671,0.315,False,False,False,False,False
2026-06-09,long,1.3689721203447354,0.0956,0.1865,0.2057,0.1865,0.2635,0.1865,True,False,False,False,False
2026-06-09,short,0.5144278727172465,0.1167,0.0583,0.1167,0.0977,0.2442,0.0977,False,False,False,False,False
2026-06-10,long,0.43108363802584393,0.2868,0.0533,0.2868,0.0594,0.2868,0.2226,True,False,False,False,False
2026-06-10,long,0.4677658888109906,0.0314,0.2624,0.0314,0.3102,0.0952,0.3102,False,False,False,False,False
2026-06-10,long,0.6576272602280051,0.3243,0.1063,0.3915,0.1063,0.445,0.1063,True,False,False,False,False
2026-06-10,long,0.47731537379933553,0.1301,0.026,0.1301,0.0301,0.1301,0.0301,False,False,False,False,False
2026-06-10,long,0.4596332515416508,0.1219,0.0863,0.137,0.0863,0.137,0.0863,False,False,False,False,False
2026-06-11,short,0.5878415991224967,0.045,0.3467,0.045,0.3604,0.045,0.557,False,False,False,False,False
2026-06-11,short,0.8889908775100844,0.0734,0.1632,0.2733,0.1632,0.2733,0.1632,True,False,False,False,False
2026-06-11,short,0.5849730528376138,0.0177,0.237,0.0313,0.237,0.0313,0.237,False,False,False,False,False
2026-06-11,short,0.6851844108361,0.0061,0.1448,0.0102,0.1448,0.0102,0.1925,False,False,False,False,False
2026-06-11,short,0.8136697329527256,0.1453,0.0448,0.1453,0.0448,0.1453,0.1494,False,False,False,False,False
2026-06-12,short,0.4078219942142253,0.1106,0.182,0.1106,0.182,0.1106,0.182,False,False,False,False,False
2026-06-12,short,0.6552562218707249,0.0726,0.0228,0.2445,0.0228,0.397,0.0228,True,False,False,False,False
