date,sym,setup,side,gap_pct,ep,mfe_15m,mae_15m,mfe_30m,mae_30m,mfe_60m,mae_60m,hit_+0.25%,hit_+0.50%,hit_+0.75%,open_pos
2025-12-16,SPY,A,short,-0.258,676.74,0.04433017111445378,0.28814611224399994,0.04433017111445378,0.39527735910393275,0.04433017111445378,0.39527735910393275,False,False,False,
2025-12-18,SPY,A,long,0.835,678.86,0.2504198214653878,0.026515039919875034,0.2563120525587027,0.026515039919875034,0.27693486138526285,0.026515039919875034,True,False,False,
2025-12-19,SPY,A,long,0.043,680.05,0.029409602235136462,0.12352032938753302,0.029409602235136462,0.2352768178810248,0.029409602235136462,0.2352768178810248,False,False,False,
2025-12-24,SPY,A,long,0.035,688.59,0.028318738291281655,0.01887915886085994,0.09076518683106057,0.01887915886085994,0.11617943914375092,0.01887915886085994,False,False,False,
2025-12-30,SPY,A,short,-0.058,687.06,0.04511978575378358,0.0523826157831978,0.06840741711057458,0.0523826157831978,0.06986289407037297,0.13972578814077904,False,False,False,
2026-01-06,SPY,A,long,0.071,689.625,0.1254304875838331,0.05872756933115428,0.15443175638934994,0.05872756933115428,0.17908283487402774,0.05872756933115428,False,False,False,
2026-01-07,SPY,A,long,0.039,692.755,0.003608779438614989,0.048357644477490073,0.003608779438614989,0.12053323324985549,0.14074239810611583,0.12053323324985549,False,False,False,
2026-01-09,SPY,A,long,0.122,692.96,0.07071115215885607,0.24243823597322553,0.07071115215885607,0.24243823597322553,0.09957284691756245,0.24243823597322553,False,False,False,
2026-01-14,SPY,A,short,-0.419,687.93,0.011629090169047323,0.42446179117062394,0.011629090169047323,0.42446179117062394,0.20641635050077176,0.42446179117062394,False,False,False,
2026-01-15,SPY,A,long,0.569,694.47,0.06191772142784425,0.1231154693507305,0.06191772142784425,0.21311215747260764,0.09935634368654382,0.21311215747260764,False,False,False,
2026-01-21,SPY,A,long,0.297,683.27,0.05195603494958336,0.18148023475346628,0.2641708255887224,0.18148023475346628,0.27222035213019946,0.18148023475346628,True,False,False,
2026-01-22,SPY,A,long,0.611,690.225,0.03984208048099928,0.11880183997972402,0.04824513745517331,0.11880183997972402,0.10069180339743365,0.11880183997972402,False,False,False,
2026-01-27,SPY,A,long,0.218,695.37,0.010066583257841153,0.12367516573910488,0.010066583257841153,0.12367516573910488,0.11073241583617094,0.12367516573910488,False,False,False,
2026-02-05,SPY,A,short,-0.814,679.69,0.4399064279303813,0.0367814739072224,0.5171475231355618,0.0367814739072224,0.5517221086083361,0.0367814739072224,True,True,False,
2026-02-06,SPY,A,long,0.556,685.53,0.2713229180342237,0.027715781949723704,0.31946085510481737,0.027715781949723704,0.3632226160780723,0.027715781949723704,True,False,False,
2026-02-10,SPY,A,long,0.104,696.31,0.019387916301662277,0.13786962703392494,0.019387916301662277,0.20105987275782014,0.019387916301662277,0.3188235125159647,False,False,False,
2026-02-13,SPY,A,long,0.095,683.24,0.1946607341490605,0.24735085767812987,0.1946607341490605,0.35858556290615967,0.1946607341490605,0.35858556290615967,False,False,False,
2026-02-18,SPY,A,long,0.176,687.59,0.12725606829651392,0.08726130397475569,0.12725606829651392,0.08726130397475569,0.1861574484794678,0.08726130397475569,False,False,False,
2026-02-19,SPY,A,short,-0.316,683.14,0.06440846678571609,0.1434552214772987,0.06440846678571609,0.19322540035718155,0.11051907368914067,0.24006792165588114,False,False,False,
2026-02-25,SPY,A,long,0.401,691.1,0.04485602662421436,0.044856026624230806,0.10707567645782219,0.05932571263203128,0.18665894950079057,0.05932571263203128,False,False,False,
2026-03-03,SPY,A,short,-1.632,672.33,0.29896033197982996,0.1829458747936139,0.39712641113739866,0.1829458747936139,0.39712641113739866,0.3406065473800014,True,False,False,
2026-03-04,SPY,A,long,0.212,684.81,0.21903885749331933,0.0,0.21903885749331933,0.13580409164585067,0.2672274061418556,0.13580409164585067,True,False,False,
2026-03-05,SPY,A,short,-0.38,681.0444,0.253199350879318,0.11241557819137041,0.253199350879318,0.225477222924092,0.29871767538210503,0.225477222924092,True,False,False,
2026-03-06,SPY,A,short,-1.148,670.91,0.01773710333724561,0.37560924714193883,0.01773710333724561,0.5529802805145305,0.01773710333724561,0.7460016991846888,False,False,False,
2026-03-11,SPY,A,long,0.043,679.74,0.050019124959548036,0.41192220554917386,0.050019124959548036,0.6686380086503603,0.050019124959548036,0.6686380086503603,False,False,False,
2026-03-12,SPY,A,short,-0.728,668.06,0.11376223692482576,0.158668383079373,0.11376223692482576,0.3728707002365206,0.17064335538723863,0.3728707002365206,False,False,False,
2026-03-17,SPY,A,long,0.495,673.2,0.019310754604871576,0.161913250148549,0.019310754604871576,0.23767082590612337,0.019310754604871576,0.430778371954856,False,False,False,
2026-03-18,SPY,A,short,-0.377,667.16,0.2158402781941275,0.10192457581390726,0.2158402781941275,0.10192457581390726,0.22483362311889205,0.1259068289465843,False,False,False,
2026-03-20,SPY,A,short,-0.53,653.11,0.24957510985898168,0.10734791995222806,0.24957510985898168,0.10734791995222806,0.29244690787156347,0.10734791995222806,True,False,False,
2026-03-27,SPY,A,short,-0.418,639.09,0.12361326260778252,0.23439578150181248,0.12361326260778252,0.34111001580371303,0.12361326260778252,0.47724107715657493,False,False,False,
2026-03-31,SPY,A,long,1.164,641.51,0.13249988308834199,0.09664697354678876,0.18549983632368236,0.10444108431668392,0.18549983632368236,0.5502642203550954,False,False,False,
2026-04-01,SPY,A,long,0.526,657.85,0.03724253249221016,0.06232423804818243,0.03724253249221016,0.09044615033822714,0.03724253249221016,0.15353044006992336,False,False,False,
2026-04-07,SPY,A,short,-0.325,653.8,0.28754970939125046,0.01664117467116664,0.28754970939125046,0.14989293361884648,0.28754970939125046,0.23554603854390904,True,False,False,
2026-04-10,SPY,A,long,0.216,681.7,0.011750036673008968,0.18776587941911196,0.011750036673008968,0.18776587941911196,0.04840839078772586,0.18776587941911196,False,False,False,
2026-04-14,SPY,A,long,0.264,689.67,0.2000956979424936,0.026099438862057216,0.2000956979424936,0.026099438862057216,0.2914292342714655,0.026099438862057216,True,False,False,
2026-04-15,SPY,A,long,0.154,695.95,0.15662044687117152,0.02442704217258032,0.16093110137222566,0.02442704217258032,0.21409584021840777,0.02442704217258032,False,False,False,
2026-04-16,SPY,A,long,0.214,701.265,0.1090885756454388,0.010694958396602111,0.15614639259053673,0.08627266439933809,0.17611031493087687,0.08627266439933809,False,False,False,
2026-04-17,SPY,A,long,0.65,709.645,0.2064412487934153,0.0007045776409325018,0.2381472426354099,0.0007045776409325018,0.2381472426354099,0.0007045776409325018,False,False,False,
2026-04-22,SPY,A,long,0.79,709.72,0.13808262413346364,0.029589133742889642,0.13808262413346364,0.03592966240207342,0.13808262413346364,0.060573183790787216,False,False,False,
2026-04-24,SPY,A,long,0.39,713.45,0.09671315439062875,0.1219426729273256,0.09671315439062875,0.1219426729273256,0.09671315439062875,0.1219426729273256,False,False,False,
2026-04-28,SPY,A,short,-0.438,709.6,0.02536640360767526,0.07750845546786281,0.031003382187151533,0.09723788049604579,0.031003382187151533,0.1395152198421659,False,False,False,
2026-04-29,SPY,A,short,-0.066,710.615,0.07176881996580299,0.05417842291536077,0.07176881996580299,0.06965797231975183,0.19771606284696674,0.06965797231975183,False,False,False,
2026-05-01,SPY,A,long,0.346,723.3,0.1866445458316083,0.0069127609567198305,0.21706069404120698,0.0069127609567198305,0.21706069404120698,0.13825521913452232,False,False,False,
2026-05-05,SPY,A,long,0.563,722.7,0.03182510031823779,0.07748720077488018,0.09547530095474482,0.12591670125917834,0.13421890134217707,0.12591670125917834,False,False,False,
2026-05-06,SPY,A,long,0.609,729.65,0.05070924415815864,0.12882889056396093,0.1151236894401469,0.12882889056396093,0.39882135270334657,0.12882889056396093,True,False,False,
2026-05-07,SPY,A,long,0.191,735.97,0.021740016576758316,0.10462382977566773,0.021740016576758316,0.22691142301996992,0.021740016576758316,0.22962892509206279,False,False,False,
2026-05-08,SPY,A,long,0.553,737.02,0.058343057176204666,0.035277197362349855,0.058343057176204666,0.050202165477192556,0.058343057176204666,0.1317331958427219,False,False,False,
2026-05-12,SPY,A,short,-0.314,735.35,0.09519276534983959,0.08404161283741594,0.09519276534983959,0.14006935472903687,0.24614129326172013,0.14006935472903687,False,False,False,
2026-05-13,SPY,A,long,0.111,739.185,0.02502756414159637,0.06696564459504602,0.06155427937526342,0.06696564459504602,0.14813612289210784,0.06696564459504602,False,False,False,
2026-05-14,SPY,A,long,0.163,745.69,0.09119070927596588,0.021456637476710408,0.20652013571322714,0.021456637476710408,0.3580576378924163,0.021456637476710408,True,False,False,
2026-05-19,SPY,A,short,-0.473,734.06,0.23567555785629304,0.149851510775689,0.3160504590905289,0.149851510775689,0.3446584747840739,0.149851510775689,True,False,False,
2026-05-20,SPY,A,long,0.326,737.99,0.13414815918915013,0.20596485047222618,0.13414815918915013,0.20596485047222618,0.5257523814685829,0.20596485047222618,True,True,False,
2026-05-21,SPY,A,short,-0.277,737.78,0.04608419854155957,0.20127951421833254,0.04608419854155957,0.20127951421833254,0.10165632031228823,0.21008972864540487,False,False,False,
2026-05-22,SPY,A,long,0.431,747.28,0.04014559469008514,0.26629911144417207,0.04014559469008514,0.37469221710737,0.04014559469008514,0.37469221710737,False,False,False,
2026-05-29,SPY,A,long,0.166,756.88,0.0713455237289879,0.07663037733855313,0.0713455237289879,0.07663037733855313,0.07729098403974691,0.07663037733855313,False,False,False,
2026-06-03,SPY,A,short,-0.186,755.47,0.006618396494906246,0.16281255377447393,0.006618396494906246,0.1998755741458947,0.006618396494906246,0.20384661204282944,False,False,False,
2026-06-05,SPY,A,short,-0.621,749.69,0.19541410449652943,0.06269257959955629,0.19541410449652943,0.1694033533860638,0.19541410449652943,0.1694033533860638,False,False,False,
2026-06-10,SPY,A,short,-0.476,729.265,0.10627138283065514,0.44496856423933745,0.10627138283065514,0.44496856423933745,0.10627138283065514,0.44496856423933745,False,False,False,
2026-06-12,SPY,A,long,0.443,741.63,0.1820314712188049,0.11056726399957525,0.37889513638877326,0.11056726399957525,0.37889513638877326,0.33170179199871047,True,False,False,
2025-12-16,,B,long,-0.258,680.22,0.11760900885007122,0.37340860309900875,0.12642968451383577,0.37340860309900875,0.12642968451383577,0.5557025668166141,False,False,False,
2025-12-17,,B,long,0.168,680.06,0.03896714995737142,0.3617327882833754,0.03896714995737142,0.3617327882833754,0.03896714995737142,0.3617327882833754,False,False,False,
2025-12-18,,B,short,0.835,677.26,0.23181643681893754,0.0620145881935976,0.23181643681893754,0.17424622744589058,0.23181643681893754,0.36470484009095877,False,False,False,
2025-12-23,,B,short,-0.156,684.58,0.03213649244792826,0.11539922288117731,0.03213649244792826,0.16214321189634717,0.03213649244792826,0.2994536796283786,False,False,False,
2025-12-24,,B,short,0.035,688.15,0.017438058562814003,0.08137760662647084,0.017438058562814003,0.104628351376884,0.017438058562814003,0.15694252706532602,False,False,False,
2025-12-30,,B,long,-0.058,687.78,0.10904649742650267,0.0029079065980374265,0.10904649742650267,0.1497571897990597,0.10904649742650267,0.17447439588239433,False,False,False,
2026-01-06,,B,short,0.071,688.07,0.042146874591259216,0.268867993082086,0.042146874591259216,0.367695147296056,0.042146874591259216,0.40548200037786325,False,False,False,
2026-01-07,,B,short,0.039,692.07,0.11631771352609759,0.033233632436011455,0.1401592324475887,0.033233632436011455,0.16038840001734123,0.08958631352319918,False,False,False,
2026-01-08,,B,long,-0.115,688.54,0.21494757022105007,0.021785226711589344,0.21494757022105007,0.021785226711589344,0.21494757022105007,0.021785226711589344,False,False,False,
2026-01-13,,B,long,0.049,694.62,0.08349889148023969,0.03743053756010349,0.08349889148023969,0.03743053756010349,0.08349889148023969,0.16843741902046575,False,False,False,
2026-01-14,,B,long,-0.419,691.085,0.09188450045942118,0.28650600143253263,0.09188450045942118,0.49415050247076364,0.09188450045942118,0.49415050247076364,False,False,False,
2026-01-15,,B,short,0.569,693.78,0.08648274669203822,0.11149067427715022,0.08648274669203822,0.11149067427715022,0.08648274669203822,0.16143446049179921,False,False,False,
2026-01-16,,B,short,0.22,693.14,0.1962085581556415,0.10387511902357782,0.223620047897965,0.10387511902357782,0.4385838358773067,0.10387511902357782,True,False,False,
2026-01-16,,B,long,0.22,693.33,0.01298083163860184,0.17307775518152185,0.01298083163860184,0.17307775518152185,0.01298083163860184,0.17307775518152185,False,False,False,
2026-01-21,,B,short,0.297,679.67,0.10299115747346975,0.21333882619507197,0.10299115747346975,0.4605176041314161,0.10299115747346975,0.5819000397251668,False,False,False,
2026-01-22,,B,short,0.611,689.94,0.3362611241557309,0.10580630199726127,0.4304722149752192,0.10580630199726127,0.4377192219613438,0.10580630199726127,True,False,False,
2026-01-22,,B,long,0.611,688.85,0.09290847063946961,0.034840676489803164,0.09290847063946961,0.03919576105102443,0.17375335704435332,0.03919576105102443,False,False,False,
2026-01-27,,B,long,0.218,694.125,0.051143526021972724,0.07995678011884746,0.19520979650639558,0.07995678011884746,0.19520979650639558,0.07995678011884746,False,False,False,
2026-01-28,,B,short,0.246,696.9,0.12483857081360375,0.021523891519583477,0.12483857081360375,0.02869852202612218,0.1951499497775884,0.02869852202612218,False,False,False,
2026-01-30,,B,short,-0.356,691.67,0.049156389607749096,0.2949383376465768,0.06477077218904667,0.2949383376465768,0.11277054086485935,0.3440947272543259,False,False,False,
2026-02-04,,B,long,0.099,690.365,0.1571632397355075,0.10501691134400248,0.1571632397355075,0.5584002665256811,0.1571632397355075,0.5584002665256811,False,False,False,
2026-02-04,,B,short,0.099,690.04,0.5115645469827796,0.04492493188801506,0.5115645469827796,0.04492493188801506,0.5115645469827796,0.11738449944931587,True,True,False,
2026-02-05,,B,long,-0.814,680.8,0.42450058754408054,0.10869565217391439,0.42450058754408054,0.3187426556991715,0.42450058754408054,0.7138660399529818,True,False,False,
2026-02-10,,B,short,0.104,694.535,0.1554997228361317,0.04535408582721599,0.1554997228361317,0.26924489046628386,0.1554997228361317,0.2886823558208003,False,False,False,
2026-02-11,,B,short,0.585,696.12,0.16663793598804347,0.03734988220421635,0.4065391024536058,0.03734988220421635,0.9969545480664331,0.03734988220421635,True,True,True,
2026-02-11,,B,long,0.585,692.94,0.0735994458394653,0.2078102000173254,0.0735994458394653,0.2078102000173254,0.0735994458394653,0.223684590296428,False,False,False,
2026-02-18,,B,long,0.176,684.02,0.21052016022924105,0.11549369901464339,0.4385836671442355,0.11549369901464339,0.6498348001520496,0.11549369901464339,True,True,False,
2026-02-19,,B,long,-0.316,683.79,0.29687477149418484,0.07897161409204048,0.34952251422220076,0.07897161409204048,0.34952251422220076,0.07897161409204048,True,False,False,
2026-02-19,,B,short,-0.316,683.28,0.0029270577215756073,0.37173633064045153,0.0029270577215756073,0.42442336962884575,0.0029270577215756073,0.42442336962884575,False,False,False,
2026-02-20,,B,short,-0.311,684.34,0.001461261945815078,0.5465119677353376,0.001461261945815078,0.5830435163807477,0.001461261945815078,0.7160183534500362,False,False,False,
2026-02-24,,B,long,-0.062,682.27,0.46755683233911133,0.011725563193446472,0.46755683233911133,0.03517668958037274,0.6217479883330591,0.03517668958037274,True,True,False,
2026-02-25,,B,short,0.401,690.49,0.034757925531145865,0.0521368882967188,0.04055091311966469,0.12454923315326995,0.04632941823921584,0.12454923315326995,False,False,False,
2026-02-27,,B,long,-0.902,683.405,0.14998426994241734,0.13681491941088308,0.30508995398044153,0.13681491941088308,0.3870325795099512,0.13681491941088308,True,False,False,
2026-03-03,,B,long,-1.632,674.18,0.2951733958290085,0.04004865169539023,0.3559880150701728,0.04004865169539023,0.6333620101456726,0.04004865169539023,True,True,False,
2026-03-04,,B,long,0.212,681.56,0.47831445507367,0.02787722284170739,0.6969305710429017,0.02787722284170739,0.7453489054522039,0.02787722284170739,True,True,False,
2026-03-05,,B,short,-0.38,683.39,0.2531497388021508,0.14777798914236615,0.5955603681645819,0.14777798914236615,0.5955603681645819,0.14777798914236615,True,True,False,
2026-03-06,,B,long,-1.148,672.26,0.18724898104900853,0.2185166453455415,0.40758040044030724,0.2185166453455415,0.5436884538720097,0.2185166453455415,True,True,False,
2026-03-10,,B,short,-0.168,677.19,0.20082990002805914,0.11813523531061512,0.33162037242133763,0.11813523531061512,0.35883577725602317,0.2879546360696306,True,False,False,
2026-03-11,,B,short,0.043,676.92,0.11670507593215795,0.4668203037286654,0.11670507593215795,0.4668203037286654,0.2548307037759128,0.4668203037286654,True,False,False,
2026-03-12,,B,long,-0.728,670.69,0.14313617319475805,0.289999850899827,0.14313617319475805,0.37379415229093343,0.14313617319475805,0.454755550254226,False,False,False,
2026-03-13,,B,short,0.449,669.67,0.10602236922662248,0.3979572028013914,0.10602236922662248,0.3979572028013914,0.2896949243657236,0.3979572028013914,True,False,False,
2026-03-17,,B,short,0.495,671.62,0.0,0.22334057949435693,0.0,0.26485214853638167,0.0,0.2754533813763769,False,False,False,
2026-03-19,,B,long,-0.682,657.36,0.24339783375928298,0.12169891687965015,0.32098089327005197,0.12169891687965015,0.32098089327005197,0.20080321285141323,True,False,False,
2026-03-20,,B,long,-0.53,656.0,0.1051829268292766,0.45731707317073167,0.1051829268292766,0.6890243902438997,0.1051829268292766,0.6890243902438997,False,False,False,
2026-03-25,,B,short,0.813,659.92,0.5023336161958937,0.09092011152867359,0.6440174566614135,0.09092011152867359,0.6440174566614135,0.09092011152867359,True,True,False,
2026-03-26,,B,short,-0.759,651.69,0.13349905629977513,0.18720557320196926,0.13349905629977513,0.18720557320196926,0.13349905629977513,0.18720557320196926,False,False,False,
2026-03-27,,B,long,-0.418,641.79,0.10439551878341402,0.49798220601753107,0.10439551878341402,0.49798220601753107,0.10439551878341402,0.5437915829165317,False,False,False,
2026-03-31,,B,short,1.164,639.29,0.001564235323560654,0.5725101284237328,0.001564235323560654,0.5725101284237328,0.001564235323560654,0.5725101284237328,False,False,False,
2026-04-02,,B,short,-1.357,645.9,0.12230995510140326,0.4691128657686906,0.12230995510140326,0.7152810032512781,0.12230995510140326,1.9043195541105542,False,False,False,
2026-04-07,,B,long,-0.325,654.35,0.15129517842133552,0.09475051577901804,0.15129517842133552,0.14823871017040227,0.15129517842133552,0.502789027278991,False,False,False,
2026-04-08,,B,long,2.656,676.22,0.02735796042707187,0.33273195114016146,0.02735796042707187,0.33273195114016146,0.02735796042707187,0.5131466090917197,False,False,False,
2026-04-09,,B,short,-0.145,674.41,0.07858720956094553,0.05634554647766128,0.0948977624886918,0.05782832401654578,0.0948977624886918,0.2550377366883687,False,False,False,
2026-04-15,,B,short,0.154,694.395,0.0021601538029488057,0.19657399606852138,0.0021601538029488057,0.2584984050864526,0.0021601538029488057,0.3852274281928972,False,False,False,
2026-04-16,,B,long,0.214,700.925,0.00642008774120951,0.3416913364482622,0.00642008774120951,0.3416913364482622,0.00642008774120951,0.3416913364482622,False,False,False,
2026-04-21,,B,long,0.236,710.42,0.0774189915824538,0.04645139494945627,0.120351341459984,0.04645139494945627,0.120351341459984,0.2069198502294296,False,False,False,
2026-04-22,,B,short,0.79,709.41,0.011276976642551874,0.11558901058626887,0.011276976642551874,0.15787767299587047,0.03524055200800665,0.15787767299587047,False,False,False,
2026-04-24,,B,long,0.39,710.71,0.10974940552404956,0.022512698569048115,0.14773958435929627,0.022512698569048115,0.20261428712132104,0.022512698569048115,False,False,False,
2026-04-28,,B,short,-0.438,711.19,0.032340162263251475,0.16451299933913005,0.032340162263251475,0.16451299933913005,0.27278223822045505,0.16451299933913005,True,False,False,
2026-04-29,,B,long,-0.066,711.185,0.06538383121129268,0.03444954547689995,0.14271954554723457,0.03444954547689995,0.14271954554723457,0.14553175334124993,False,False,False,
2026-04-30,,B,long,0.398,714.6,0.048978449482231005,0.14973411698853203,0.06577106073328116,0.15813042261404917,0.11055135740273771,0.15813042261404917,False,False,False,
2026-05-07,,B,long,0.191,734.64,0.04491996079713069,0.07622781226178066,0.059893281062840927,0.07622781226178066,0.2028204290536874,0.07622781226178066,False,False,False,
2026-05-13,,B,long,0.111,737.25,0.06917599186164679,0.04476093591048368,0.20345879959308238,0.04476093591048368,0.2699220074601572,0.04476093591048368,True,False,False,
2026-05-14,,B,long,0.163,744.51,0.1705819935259408,0.03089280197714177,0.18468522921115904,0.034922297887199756,0.24982874642382422,0.034922297887199756,False,False,False,
2026-05-15,,B,short,-0.85,740.2,0.3026209132666859,0.004052958659817983,0.3026209132666859,0.10807889759523838,0.3026209132666859,0.3350445825452451,True,False,False,
2026-05-15,,B,long,-0.85,739.76,0.16762193143722412,0.10679139180274193,0.3947226127392613,0.10679139180274193,0.3947226127392613,0.10679139180274193,True,False,False,
2026-05-19,,B,long,-0.473,734.765,0.121807652786943,0.22796404292528286,0.20891033187481278,0.22796404292528286,0.20891033187481278,0.41169625662626513,False,False,False,
2026-05-20,,B,long,0.326,737.22,0.0,0.2645072027346037,0.17905102954341123,0.4516969154390875,0.23873470605789193,0.4516969154390875,False,False,False,
2026-05-21,,B,long,-0.277,738.56,0.0,0.15507203206237904,0.27824415077990466,0.15507203206237904,0.27824415077990466,0.15507203206237904,True,False,False,
2026-05-22,,B,short,0.431,746.95,0.2222370975299661,0.08434299484570525,0.23830242988152972,0.08434299484570525,0.33067809090300915,0.08434299484570525,True,False,False,
2026-05-29,,B,short,0.166,755.91,0.0912807080207883,0.13890542524904662,0.16139487505125127,0.13890542524904662,0.16139487505125127,0.19975923059623382,False,False,False,
2026-06-04,,B,short,-0.296,752.22,0.08109329717370099,0.19675095051979716,0.08109329717370099,0.19675095051979716,0.08109329717370099,0.27518545106483955,False,False,False,
2026-06-05,,B,long,-0.621,752.54,0.03720732452761134,0.3694155792383093,0.03720732452761134,0.5733914476306828,0.03720732452761134,0.5733914476306828,False,False,False,
2026-06-09,,B,short,0.612,743.135,0.4999091685898298,0.020857583077095374,0.4999091685898298,0.020857583077095374,1.1417844671560369,0.020857583077095374,True,True,True,
2026-06-10,,B,short,-0.476,734.55,0.362807160846772,0.078959907426321,0.6861343679803913,0.078959907426321,0.8249948948335643,0.078959907426321,True,True,True,
2026-06-12,,B,long,0.443,739.27,0.02164297212114223,0.5735387612103845,0.024348343636298467,0.5735387612103845,0.2610683512113387,0.5735387612103845,True,False,False,
2025-12-16,,C1,short,-0.258,679.74,0.30305705122547727,0.10739400358961047,0.30305705122547727,0.19713419836996965,0.4854797422543847,0.19713419836996965,True,False,False,-0.088
2025-12-16,,C2,long,-0.258,679.95,0.08235899698506441,0.33384807706450403,0.16618869034487763,0.33384807706450403,0.16618869034487763,0.5162144275314348,False,False,False,-0.088
2025-12-17,,C2,long,0.168,680.06,0.03896714995737142,0.3617327882833754,0.03896714995737142,0.3617327882833754,0.03896714995737142,0.3617327882833754,False,False,False,-0.043
2025-12-18,,C1,long,0.835,678.04,0.08111615833875113,0.2934930092619918,0.08111615833875113,0.3465872219927894,0.1961536192555072,0.3465872219927894,False,False,False,1.083
2025-12-18,,C2,short,0.835,678.22,0.3258529680634656,0.008846686915742006,0.3730352982807898,0.03245259650261009,0.3730352982807898,0.17693373831499098,True,False,False,1.083
2025-12-19,,C1,long,0.043,677.16,0.36180518636659664,0.002953511725438864,0.49618996987418246,0.002953511725438864,0.49618996987418246,0.002953511725438864,True,False,False,1.333
2025-12-19,,C2,short,0.043,677.84,0.07376372005192966,0.26112356898382827,0.07376372005192966,0.3953735394783356,0.07376372005192966,0.3953735394783356,False,False,False,1.333
2025-12-23,,C1,short,-0.156,684.91,0.03650114613598867,0.19564614328890392,0.05840183381757855,0.19564614328890392,0.08030252149916843,0.19564614328890392,False,False,False,0.277
2025-12-30,,C1,short,-0.058,687.51,0.09163503076318823,0.033454058850055736,0.09163503076318823,0.14836147837849367,0.11054384663495671,0.14836147837849367,False,False,False,-0.308
2025-12-30,,C2,long,-0.058,687.73,0.011632472045705035,0.12359501548573171,0.11632472045714955,0.12359501548573171,0.11632472045714955,0.14249778256001894,False,False,False,-0.308
2025-12-31,,C2,long,0.019,687.26,0.014550534004601276,0.2764601460873581,0.014550534004601276,0.28810057329104244,0.014550534004601276,0.34121002240782633,False,False,False,-1.563
2026-01-06,,C1,long,0.071,688.36,0.09588006275785463,0.08425823696903378,0.2905456447207856,0.08425823696903378,0.363182055900982,0.08425823696903378,True,False,False,0.733
2026-01-07,,C1,long,0.039,691.965,0.16258047733628145,0.036851574862889806,0.16258047733628145,0.036851574862889806,0.16258047733628145,0.12500632257411995,False,False,False,0.911
2026-01-15,,C1,long,0.569,694.39,0.036002822621293507,0.1224095969124012,0.036002822621293507,0.17425366148706584,0.04752372586011333,0.17425366148706584,False,False,False,1.542
2026-01-15,,C2,short,0.569,694.065,0.07564133042295619,0.08284526665368974,0.12750967128440485,0.08284526665368974,0.12750967128440485,0.09437156462290602,False,False,False,1.542
2026-01-16,,C1,long,0.22,693.84,0.05909143318343828,0.1052115761558887,0.05909143318343828,0.32284100080710376,0.05909143318343828,0.3444598178254333,False,False,False,3.067
2026-01-16,,C2,short,0.22,693.855,0.10737113662076436,0.05116342751727928,0.3264370797933266,0.05116342751727928,0.3898509054485506,0.05116342751727928,True,False,False,3.067
2026-01-21,,C1,long,0.297,680.28,0.061739283824318335,0.19256776621390392,0.37043570294584316,0.19256776621390392,0.47774445816428535,0.19256776621390392,True,False,False,0.871
2026-01-22,,C1,long,0.611,690.09,0.0840470083612177,0.2275065571157458,0.0840470083612177,0.4303786462635348,0.0840470083612177,0.45936037328465457,False,False,False,0.852
2026-01-28,,C1,long,0.246,697.49,0.05017993089506985,0.07742046480952611,0.05017993089506985,0.08458902636597396,0.05017993089506985,0.20932199744799732,False,False,False,1.407
2026-01-28,,C2,short,0.246,697.365,0.06667957239035968,0.0681135416890757,0.08245323467625211,0.0681135416890757,0.1914349013787667,0.0681135416890757,False,False,False,1.407
2026-02-03,,C2,long,0.181,696.64,0.0459347726228827,0.24905259531465518,0.0459347726228827,0.5899747358750593,0.0459347726228827,0.8383096003674827,False,False,False,-0.193
2026-02-05,,C1,short,-0.814,679.981,0.18103447008078086,0.49692564939314765,0.18103447008078086,0.545456417164606,0.5597215216307574,0.545456417164606,True,True,False,0.113
2026-02-06,,C1,long,0.556,681.54,0.63532587962556,0.04255069401648673,0.7292308595240232,0.04255069401648673,0.7292308595240232,0.04255069401648673,True,True,False,0.789
2026-02-10,,C1,long,0.104,695.17,0.05466288821439295,0.24670224549389622,0.14241120876907937,0.24670224549389622,0.19707409698347234,0.24670224549389622,False,False,False,1.058
2026-02-10,,C2,short,0.104,695.26,0.2596151080171375,0.011506486781929195,0.2596151080171375,0.12944797629663396,0.2596151080171375,0.18410378851076903,True,False,False,1.058
2026-02-11,,C1,long,0.585,696.94,0.028696874910312475,0.2575544523201528,0.028696874910312475,0.4498235142193165,0.028696874910312475,1.1134387465205187,False,False,False,1.017
2026-02-11,,C2,short,0.585,696.9,0.2518295307791642,0.0,0.49863682020376277,0.0,1.1077629502080684,0.0,True,True,True,1.017
2026-02-13,,C1,long,0.095,681.7,0.11882059556989077,0.6131729499780055,0.2376411911397982,0.6131729499780055,0.3212556843186065,0.6131729499780055,True,False,False,0.738
2026-02-20,,C1,short,-0.311,681.95,0.010264682161456122,0.4985702764132234,0.010264682161456122,1.0807243932839656,0.010264682161456122,1.092455458611325,False,False,False,0.071
2026-02-24,,C1,short,-0.062,681.77,0.25961834636314035,0.4370975548938818,0.25961834636314035,0.5412382475028316,0.25961834636314035,0.6955424850022679,True,False,False,-0.167
2026-02-24,,C2,long,-0.062,681.24,0.6194586342551857,0.18202102049204527,0.6194586342551857,0.18202102049204527,0.7738829193822933,0.18202102049204527,True,True,True,-0.167
2026-02-26,,C2,long,0.035,692.6301,0.03030477595473565,0.2699998166409429,0.03030477595473565,0.44108680809568124,0.03030477595473565,1.1391506086726466,False,False,False,-0.4
2026-02-27,,C1,short,-0.902,683.06,0.20788803326207933,0.17421602787457247,0.20788803326207933,0.20056803209088583,0.20788803326207933,0.35575205692033846,False,False,False,0.112
2026-03-05,,C1,short,-0.38,684.065,0.2784823079678227,0.05628120134782381,0.2784823079678227,0.21416093499885508,0.6936475334946246,0.21416093499885508,True,True,False,0.225
2026-03-06,,C1,short,-1.148,672.82,0.37008412353972964,0.06391010968757617,0.4548021759163014,0.06391010968757617,0.4548021759163014,0.32400939329983497,True,False,False,0.212
2026-03-11,,C1,long,0.043,678.12,0.05603727953754431,0.14304252934584252,0.2890343891936584,0.29345838494661847,0.2890343891936584,0.4313395859139908,True,False,False,1.159
2026-03-11,,C2,short,0.043,677.78,0.12540942488713488,0.10622915990439778,0.243441824780899,0.3393431496946012,0.38139219215673564,0.3393431496946012,True,False,False,1.159
2026-03-12,,C1,short,-0.728,670.66,0.20576745295678817,0.14761578146900203,0.36933766737243545,0.14761578146900203,0.4100438374138908,0.14761578146900203,True,False,False,0.289
2026-03-17,,C1,long,0.495,672.65,0.2661116479595744,0.045372779305733066,0.2661116479595744,0.045372779305733066,0.2661116479595744,0.16204564037761568,True,False,False,1.097
2026-03-17,,C2,short,0.495,673.46,0.040091467941671635,0.14551717993645027,0.07127372078520151,0.14551717993645027,0.28212514477475886,0.14551717993645027,True,False,False,1.097
2026-03-18,,C1,short,-0.377,667.98,0.014970508099048286,0.26048684092338226,0.014970508099048286,0.26048684092338226,0.33833348303841293,0.26048684092338226,True,False,False,0.231
2026-03-19,,C1,short,-0.682,655.83,0.07776405470929827,0.27751094033513807,0.07776405470929827,0.5092783190765775,0.07776405470929827,0.5550218806702936,False,False,False,0.171
2026-03-24,,C1,short,-0.531,652.2371,0.3613869864195182,0.12309940664214111,0.3613869864195182,0.12309940664214111,0.3613869864195182,0.20676530053257003,True,False,False,0.08
2026-04-02,,C2,short,-1.357,646.62,0.23352200674275322,0.11289474498159943,0.23352200674275322,0.5379047972534124,0.23352200674275322,0.8907859330054733,False,False,False,1.296
2026-04-09,,C2,short,-0.145,674.66,0.03409124596093117,0.16747695135327728,0.03409124596093117,0.16747695135327728,0.10820265022381914,0.16747695135327728,False,False,False,1.539
2026-04-10,,C1,long,0.216,681.55,0.055755263737069245,0.1525933533856597,0.055755263737069245,0.22331450370478095,0.055755263737069245,0.22331450370478095,False,False,False,0.713
2026-04-15,,C1,long,0.154,695.44,0.13085240998504086,0.1783043828367665,0.13085240998504086,0.1783043828367665,0.23007017140226463,0.1783043828367665,False,False,False,1.367
2026-04-15,,C2,short,0.154,695.13,0.1337879245608663,0.17550673974652617,0.1337879245608663,0.17550673974652617,0.1337879245608663,0.27908448779365796,False,False,False,1.367
2026-04-16,,C1,long,0.214,700.93,0.029960195739950693,0.11698743098454002,0.029960195739950693,0.34240223702794537,0.029960195739950693,0.34240223702794537,False,False,False,0.848
2026-04-22,,C1,long,0.79,708.94,0.07758061331000571,0.10156007560583791,0.13823454735237178,0.10156007560583791,0.24825796259203753,0.10156007560583791,False,False,False,0.703
2026-04-23,,C1,short,-0.205,709.72,0.047906216536103226,0.22050949670291675,0.08313137575382289,0.22050949670291675,0.08313137575382289,0.22050949670291675,False,False,False,0.101
2026-04-28,,C2,short,-0.438,710.96,0.025317880049519476,0.2700573871947731,0.025317880049519476,0.2700573871947731,0.025317880049519476,0.2700573871947731,False,False,False,1.151
2026-04-29,,C1,short,-0.066,710.48,0.1154149307510486,0.029557482265515758,0.1154149307510486,0.07600495439702225,0.1154149307510486,0.1646774011935535,False,False,False,-0.15
2026-04-29,,C2,long,-0.066,710.41,0.03237567038752526,0.10557283822018272,0.08586590841908387,0.10557283822018272,0.21466477104770165,0.10557283822018272,False,False,False,-0.15
2026-05-05,,C1,long,0.563,721.85,0.09835838470595314,0.04989956362126163,0.1302209600332397,0.04989956362126163,0.252129943894152,0.04989956362126163,True,False,False,1.075
2026-05-05,,C2,short,0.563,721.78,0.011083709717632416,0.1163789520352506,0.011083709717632416,0.13993183518523525,0.011083709717632416,0.26185264207930203,False,False,False,1.075
2026-05-13,,C1,long,0.111,737.64,0.0067783742747232,0.29418144352257997,0.0067783742747232,0.29418144352257997,0.15047990889865162,0.29418144352257997,False,False,False,0.772
2026-05-14,,C2,long,0.163,744.17,0.21634841501270058,0.03359447438085384,0.23045809425266162,0.03359447438085384,0.2956313745515199,0.03359447438085384,True,False,False,-1.105
2026-05-15,,C2,short,-0.85,740.97,0.39677719745739426,0.0,0.40622427358732344,0.0040487469128267966,0.40622427358732344,0.23077857403132687,True,False,False,2.145
2026-05-19,,C1,short,-0.473,734.65,0.2109848227046831,0.1374804328591834,0.21234601510922826,0.22459674675015004,0.396106989722993,0.22459674675015004,True,False,False,0.182
2026-05-20,,C2,long,0.326,735.54,0.2297631671968968,0.17266226173967178,0.2297631671968968,0.17266226173967178,0.46768360660195973,0.22432498572477055,True,False,False,-0.727
2026-05-27,,C2,long,0.065,750.98,0.042610988308601605,0.2330288423127114,0.042610988308601605,0.2330288423127114,0.05326373538575958,0.2330288423127114,False,False,False,-0.145
2026-06-03,,C1,short,-0.186,758.58,0.4956629491945465,0.0065912626222619265,0.5062089693901806,0.0065912626222619265,0.5062089693901806,0.0065912626222619265,True,True,False,0.266
2026-06-05,,C1,short,-0.621,751.91,0.2713090662446255,0.12102512268756659,0.49008524956443533,0.12102512268756659,0.49008524956443533,0.12102512268756659,True,False,False,-0.079
2026-06-05,,C2,long,-0.621,752.54,0.03720732452761134,0.3694155792383093,0.03720732452761134,0.5733914476306828,0.03720732452761134,0.5733914476306828,False,False,False,-0.079
2026-06-09,,C1,long,0.612,743.7,0.30791986015866124,0.0389942180987061,0.4302810272959434,0.0389942180987061,0.4302810272959434,0.5755008740083483,True,False,False,1.299
2026-06-09,,C2,short,0.612,743.75,0.045714285714289996,0.4235294117647028,0.045714285714289996,0.4235294117647028,0.5821848739495854,0.4235294117647028,True,True,False,1.299
2026-06-12,,C1,long,0.443,739.46,0.02704676385469556,0.5828577610688961,0.02704676385469556,0.5990858193817196,0.22854515457224742,0.5990858193817196,False,False,False,0.757
