symbol,date,time,window,direction,entry,mfe,bar1_body_pct,bar2_body_pct,bar1_rvol,bar2_rvol,bar1_close_vs_vwap,bar2_close_vs_vwap,vwap_slope,is_runner
TSLA,2025-01-02,14:33:00,2:30-4PM,short,381.85,-2.21,0.86,0.17,3.4,2.4,-2.78,-2.75,-1.098,1
TSLA,2025-01-02,14:35:00,2:30-4PM,short,375.78,-0.63,1.31,0.24,3.6,2.8,-3.68,-3.62,-1.513,0
TSLA,2025-01-03,14:37:00,2:30-4PM,long,386.88,0.79,0.44,0.25,3.1,1.6,0.91,1.12,0.21,0
TSLA,2025-01-07,14:31:00,2:30-4PM,long,409.01,1.3,0.5,0.26,6.5,3.8,0.51,0.75,0.055,0
TSLA,2025-01-08,14:31:00,2:30-4PM,long,396.63,0.69,0.57,0.27,7.0,5.0,0.79,0.97,0.108,0
TSLA,2025-01-10,14:31:00,2:30-4PM,long,395.87,0.86,1.12,0.5,6.2,5.6,0.29,0.75,-0.223,0
TSLA,2025-01-10,14:32:00,2:30-4PM,long,397.86,0.36,0.5,0.53,5.6,4.6,0.75,1.13,-0.148,0
TSLA,2025-01-14,14:37:00,2:30-4PM,long,419.87,0.66,0.4,0.18,3.0,1.5,1.16,1.33,0.386,0
TSLA,2025-01-15,14:39:00,2:30-4PM,long,412.5,1.28,0.87,0.31,2.5,2.7,0.84,1.06,0.343,0
TSLA,2025-01-17,14:32:00,2:30-4PM,long,424.43,0.65,0.54,0.29,2.6,3.7,0.71,0.88,0.54,0
TSLA,2025-01-21,14:30:00,2:30-4PM,short,421.96,-2.95,1.09,1.39,16.2,6.3,-1.03,-2.06,-0.519,1
TSLA,2025-01-21,14:33:00,2:30-4PM,short,418.15,-2.51,0.91,0.17,3.5,2.6,-2.32,-2.26,-1.362,1
TSLA,2025-01-21,14:35:00,2:30-4PM,short,416.52,-2.13,0.48,0.89,2.1,2.2,-1.64,-2.33,-1.708,1
TSLA,2025-01-21,14:36:00,2:30-4PM,short,415.37,-1.86,0.89,0.27,2.2,2.1,-2.33,-2.4,-1.878,0
TSLA,2025-01-22,14:30:00,2:30-4PM,long,422.44,1.32,0.57,0.77,15.2,5.5,0.19,0.86,-0.059,0
TSLA,2025-01-22,14:31:00,2:30-4PM,long,425.88,0.5,0.77,0.8,5.5,5.1,0.86,1.48,0.041,0
TSLA,2025-01-27,14:30:00,2:30-4PM,long,400.11,1.35,0.41,0.95,15.5,5.2,1.15,1.93,0.303,0
TSLA,2025-01-28,14:30:00,2:30-4PM,short,392.32,-1.48,0.53,0.62,17.0,7.7,-0.55,-1.01,-0.181,0
TSLA,2025-01-29,14:32:00,2:30-4PM,long,398.58,-0.02,0.43,0.5,5.8,4.0,0.15,0.63,-0.101,0
TSLA,2025-01-30,14:34:00,2:30-4PM,short,403.37,-4.68,0.98,0.11,2.5,2.0,-0.52,-0.58,0.784,1
TSLA,2025-01-31,14:30:00,2:30-4PM,long,406.0,2.18,0.43,0.75,15.3,7.5,0.51,1.0,0.288,1
TSLA,2025-02-06,14:31:00,2:30-4PM,short,371.04,-1.49,0.71,0.33,5.5,4.1,-0.31,-0.6,0.042,0
TSLA,2025-02-07,14:30:00,2:30-4PM,long,374.42,1.64,0.44,0.7,15.8,6.9,0.25,0.84,0.042,0
TSLA,2025-02-07,14:31:00,2:30-4PM,long,376.76,1.01,0.7,0.59,6.9,6.1,0.84,1.25,0.15,0
TSLA,2025-02-10,14:35:00,2:30-4PM,short,351.9,-0.39,0.56,0.34,2.8,2.4,-0.89,-1.1,-0.354,0
TSLA,2025-02-12,14:30:00,2:30-4PM,long,334.58,1.05,0.85,0.56,14.0,5.5,0.78,1.25,0.07,0
TSLA,2025-02-12,14:35:00,2:30-4PM,long,334.64,1.03,0.44,0.68,2.5,2.4,0.49,1.14,0.234,0
TSLA,2025-02-12,14:36:00,2:30-4PM,long,336.13,0.59,0.68,0.42,2.4,2.8,1.14,1.5,0.281,0
TSLA,2025-02-13,14:31:00,2:30-4PM,long,347.69,0.9,0.42,0.65,5.8,4.5,0.2,0.77,-0.012,0
TSLA,2025-02-13,14:32:00,2:30-4PM,long,348.33,0.71,0.65,0.14,4.5,3.5,0.77,0.87,0.052,0
TSLA,2025-02-14,14:40:00,2:30-4PM,short,354.06,-0.69,0.48,0.29,2.2,1.6,-1.26,-1.45,-0.421,0
TSLA,2025-02-18,14:31:00,2:30-4PM,long,358.39,0.2,1.14,0.17,5.4,3.2,0.23,0.35,-0.336,0
TSLA,2025-02-18,14:34:00,2:30-4PM,short,353.15,-0.17,0.93,0.46,2.8,2.6,-0.61,-1.04,-0.313,0
TSLA,2025-02-19,14:30:00,2:30-4PM,long,357.4,2.27,0.51,0.56,17.0,7.4,0.35,0.69,0.112,1
TSLA,2025-02-20,10:02:00,9:30-11AM,long,362.45,0.12,0.62,0.02,12.3,3.8,0.6,0.66,0.069,0
TSLA,2025-02-21,14:32:00,2:30-4PM,long,354.52,0.03,0.48,0.11,3.8,3.1,0.14,0.21,-0.249,0
TSLA,2025-02-25,14:30:00,2:30-4PM,short,321.93,-2.93,0.48,1.08,16.4,8.8,-1.01,-1.69,-0.347,1
TSLA,2025-02-25,14:36:00,2:30-4PM,short,319.69,-3.03,0.75,0.39,3.2,3.3,-1.51,-1.7,-1.193,1
TSLA,2025-02-26,14:35:00,2:30-4PM,long,308.5,0.16,0.6,0.47,2.8,2.8,0.48,0.88,-0.512,0
TSLA,2025-02-26,15:22:00,2:30-4PM,short,300.59,-2.12,0.66,0.4,2.4,2.7,-1.35,-1.69,-0.062,1
TSLA,2025-02-27,14:31:00,2:30-4PM,long,294.84,0.81,0.69,0.38,4.4,3.0,0.07,0.43,-0.349,0
TSLA,2025-02-28,14:30:00,2:30-4PM,short,274.68,-0.39,0.85,0.88,16.4,8.1,-0.92,-1.5,-0.283,0
TSLA,2025-03-03,14:35:00,2:30-4PM,long,303.47,0.15,0.58,0.52,2.5,2.6,0.46,0.96,-0.124,0
TSLA,2025-03-03,14:37:00,2:30-4PM,short,297.82,-2.06,0.98,0.87,2.2,2.1,-0.08,-0.89,-0.045,1
TSLA,2025-03-04,10:18:00,9:30-11AM,short,280.99,-0.52,0.5,0.18,5.1,3.1,-0.73,-0.89,-0.028,0
TSLA,2025-03-05,14:36:00,2:30-4PM,short,268.31,-0.22,1.23,0.77,3.7,2.6,-1.24,-1.9,-0.611,0
TSLA,2025-03-06,14:35:00,2:30-4PM,short,265.5,-0.41,0.51,0.24,3.1,2.4,-1.53,-1.61,-1.116,0
TSLA,2025-03-07,14:30:00,2:30-4PM,long,262.59,1.39,1.17,0.15,15.9,5.1,0.57,0.61,0.03,0
TSLA,2025-03-12,14:31:00,2:30-4PM,short,244.04,-0.52,0.48,0.42,2.1,1.8,-0.57,-1.0,-0.005,0
TSLA,2025-03-19,15:25:00,2:30-4PM,long,235.2,0.8,0.42,0.21,2.6,2.3,1.2,1.41,0.042,0
TSLA,2025-04-02,15:20:00,2:30-4PM,long,272.23,3.45,1.03,0.22,3.7,3.3,3.95,4.06,0.23,1
TSLA,2025-04-02,15:22:00,2:30-4PM,long,275.42,2.25,1.06,0.12,2.8,2.2,5.06,5.05,0.433,1
TSLA,2025-04-04,10:08:00,9:30-11AM,short,260.53,-3.78,0.54,0.33,5.2,3.6,-1.64,-1.89,-0.165,1
TSLA,2025-04-04,10:16:00,9:30-11AM,short,255.02,-1.7,0.76,0.38,2.2,2.8,-3.02,-3.16,-0.81,0
TSLA,2025-04-14,15:27:00,2:30-4PM,short,249.01,-0.53,0.43,0.1,2.0,1.8,-2.67,-2.73,-0.151,0
TSLA,2025-06-06,14:46:00,2:30-4PM,long,300.94,1.52,0.45,0.15,2.1,1.6,1.12,1.26,0.044,0
TSLA,2025-06-10,15:08:00,2:30-4PM,long,318.68,0.8,0.46,0.07,2.9,1.6,1.2,1.25,0.053,0
TSLA,2025-06-26,15:14:00,2:30-4PM,short,324.91,-0.4,0.49,0.49,2.3,3.6,-0.37,-0.82,0.03,0
NVDA,2025-01-07,14:30:00,2:30-4PM,short,151.86,-4.13,0.54,0.22,16.0,5.5,-0.13,-0.31,0.053,1
NVDA,2025-01-07,14:33:00,2:30-4PM,short,150.46,-3.86,0.53,0.18,2.6,2.3,-0.96,-1.08,-0.079,1
NVDA,2025-01-07,14:56:00,2:30-4PM,short,146.81,-1.61,1.2,0.07,2.2,2.2,-2.46,-2.42,-0.341,0
NVDA,2025-01-08,14:30:00,2:30-4PM,long,143.17,0.1,0.53,0.94,15.5,5.3,0.07,0.94,0.105,0
NVDA,2025-01-10,14:30:00,2:30-4PM,short,136.37,-1.29,0.52,0.27,16.1,6.1,-0.39,-0.56,-0.052,0
NVDA,2025-01-14,14:30:00,2:30-4PM,short,135.19,-1.36,0.49,0.14,16.2,3.8,-0.14,-0.26,0.051,0
NVDA,2025-01-21,14:37:00,2:30-4PM,short,137.98,-0.19,0.67,0.23,2.1,1.8,-0.45,-0.63,0.137,0
NVDA,2025-01-22,14:31:00,2:30-4PM,long,146.21,0.83,0.97,0.46,6.9,4.5,0.58,0.93,-0.056,0
NVDA,2025-01-28,14:31:00,2:30-4PM,short,119.66,-2.85,1.12,0.53,5.1,3.9,-1.49,-1.85,-0.373,1
NVDA,2025-01-28,14:34:00,2:30-4PM,short,118.76,-2.12,0.56,0.42,2.1,2.0,-1.99,-2.28,-0.721,1
NVDA,2025-01-30,14:32:00,2:30-4PM,short,122.43,-0.96,0.55,0.18,4.0,3.2,-0.44,-0.59,0.047,0
NVDA,2025-01-31,14:59:00,2:30-4PM,long,125.3,1.07,0.44,0.24,2.1,1.5,0.83,1.04,0.074,0
NVDA,2025-02-10,14:30:00,2:30-4PM,long,131.74,2.09,0.48,0.8,15.6,6.0,0.43,1.1,0.166,1
NVDA,2025-02-18,14:30:00,2:30-4PM,long,142.8,0.44,0.68,0.41,16.5,4.5,0.61,0.89,0.323,0
NVDA,2025-02-24,14:30:00,2:30-4PM,long,137.57,0.74,0.41,0.13,17.0,5.5,0.54,0.57,0.209,0
NVDA,2025-02-25,14:51:00,2:30-4PM,short,126.22,-1.36,0.57,0.1,2.4,1.8,-2.05,-2.05,-0.391,0
NVDA,2025-02-26,14:33:00,2:30-4PM,short,129.32,-0.21,0.63,0.19,2.9,2.6,-0.37,-0.53,0.29,0
NVDA,2025-02-27,14:32:00,2:30-4PM,short,132.2,-5.23,0.51,0.89,3.6,2.6,-0.01,-0.87,0.197,1
NVDA,2025-02-27,14:33:00,2:30-4PM,short,131.88,-5.0,0.89,0.26,2.6,2.6,-0.87,-1.06,0.153,1
NVDA,2025-02-28,14:31:00,2:30-4PM,short,116.73,-0.11,0.6,0.17,3.9,3.1,-1.29,-1.36,-0.516,0
NVDA,2025-02-28,14:35:00,2:30-4PM,long,119.03,0.47,1.04,0.07,2.1,2.3,0.55,0.58,-0.599,0
NVDA,2025-03-03,14:30:00,2:30-4PM,short,122.71,-3.32,0.42,0.21,17.1,4.4,-0.6,-0.75,-0.3,1
NVDA,2025-03-03,14:34:00,2:30-4PM,short,121.79,-2.78,0.5,0.44,3.0,3.3,-0.89,-1.22,-0.531,1
NVDA,2025-03-03,14:35:00,2:30-4PM,short,121.69,-2.71,0.44,0.08,3.3,2.3,-1.22,-1.19,-0.646,1
NVDA,2025-03-04,14:33:00,2:30-4PM,long,113.36,1.57,0.98,0.34,2.8,2.3,1.35,1.6,0.146,0
NVDA,2025-03-05,14:31:00,2:30-4PM,short,115.92,-1.1,0.72,0.71,5.7,4.3,-0.63,-1.23,-0.088,0
NVDA,2025-03-07,14:30:00,2:30-4PM,long,111.95,1.37,0.49,0.12,15.4,4.9,0.07,0.18,-0.064,0
NVDA,2025-04-03,09:45:00,9:30-11AM,short,105.59,-0.96,0.6,0.42,7.5,4.2,-0.68,-1.06,-0.042,0
NVDA,2025-04-04,10:16:00,9:30-11AM,short,99.35,-2.49,0.65,0.11,7.3,1.9,-1.93,-1.95,-0.683,1
NVDA,2025-04-04,10:22:00,9:30-11AM,short,96.89,0.03,0.63,0.23,2.8,1.8,-3.19,-3.27,-1.474,0
NVDA,2025-04-04,14:49:00,2:30-4PM,short,92.14,-0.03,0.61,0.59,2.1,2.2,-4.14,-4.61,-0.31,0
NVDA,2025-04-07,10:02:00,9:30-11AM,long,91.23,1.42,1.43,0.27,5.5,4.0,2.23,2.46,0.082,0
NVDA,2025-05-01,15:16:00,2:30-4PM,long,114.62,0.28,0.48,0.17,5.2,3.0,1.02,1.16,0.058,0
AAPL,2025-01-10,14:31:00,2:30-4PM,short,238.49,-0.62,0.42,0.21,3.8,2.0,-0.4,-0.55,-0.678,0
AAPL,2025-01-15,14:30:00,2:30-4PM,long,236.54,0.67,0.45,0.35,17.7,4.6,0.26,0.52,0.09,0
AAPL,2025-01-27,14:30:00,2:30-4PM,long,226.62,0.48,0.61,0.55,16.4,4.7,0.99,1.38,0.492,0
AAPL,2025-01-28,14:30:00,2:30-4PM,long,233.04,1.1,0.79,0.15,13.4,3.8,0.62,0.67,0.404,0
AAPL,2025-02-11,14:30:00,2:30-4PM,long,230.22,0.73,0.58,0.29,13.4,5.1,0.8,1.01,0.228,0
AAPL,2025-02-13,14:30:00,2:30-4PM,long,238.67,0.14,0.65,0.1,19.0,4.5,0.53,0.55,0.287,0
AAPL,2025-02-24,14:30:00,2:30-4PM,long,246.76,0.56,0.44,0.27,16.4,3.5,0.55,0.76,0.44,0
AAPL,2025-03-03,14:32:00,2:30-4PM,long,243.25,0.32,0.44,0.22,3.0,2.2,0.44,0.61,0.033,0
AAPL,2025-03-04,14:31:00,2:30-4PM,short,238.17,-0.77,0.43,0.0,3.1,2.4,-0.07,-0.07,0.117,0
AAPL,2025-03-06,14:36:00,2:30-4PM,long,236.22,0.1,0.62,0.11,3.6,2.4,0.63,0.68,0.045,0
AAPL,2025-06-04,10:17:00,9:30-11AM,short,201.47,-0.1,0.57,0.31,12.6,8.5,-0.34,-0.6,-0.078,0
AMZN,2025-01-14,14:31:00,2:30-4PM,short,219.73,-0.05,0.43,0.1,4.4,3.3,-0.2,-0.3,0.198,0
AMZN,2025-02-03,14:30:00,2:30-4PM,long,235.51,1.18,0.42,0.26,17.7,3.1,0.33,0.53,0.277,0
AMZN,2025-04-04,10:21:00,9:30-11AM,short,170.05,-1.63,0.47,0.56,3.9,2.1,-2.27,-2.65,-0.875,0
AMZN,2025-04-04,10:22:00,9:30-11AM,short,169.13,-1.09,0.56,0.52,2.1,3.2,-2.65,-2.88,-1.014,0
AMZN,2025-04-07,10:02:00,9:30-11AM,long,165.64,1.41,0.82,0.08,2.9,1.7,1.02,1.11,0.029,0
AMZN,2025-05-15,15:22:00,2:30-4PM,short,203.92,-0.61,0.4,0.14,2.1,2.9,-0.28,-0.41,-0.016,0
SPY,2025-04-07,15:14:00,2:30-4PM,short,495.02,-0.31,1.48,0.25,5.5,3.6,-0.69,-0.93,0.022,0
MSFT,2025-01-10,14:30:00,2:30-4PM,short,421.53,-0.69,0.56,0.16,17.4,2.0,-0.14,-0.29,0.088,0
MSFT,2025-01-24,14:30:00,2:30-4PM,short,442.22,-0.19,0.48,0.25,18.4,3.5,-0.24,-0.41,-0.416,0
MSFT,2025-02-28,14:32:00,2:30-4PM,short,388.12,-0.4,0.62,0.14,5.4,3.5,-0.74,-0.73,-0.413,0
MSFT,2025-03-06,14:32:00,2:30-4PM,long,397.22,0.23,0.47,0.08,3.6,1.8,0.46,0.54,-0.329,0
META,2025-01-02,14:33:00,2:30-4PM,short,589.93,-0.36,0.4,0.13,2.7,1.5,-0.25,-0.33,-0.133,0
META,2025-01-07,14:30:00,2:30-4PM,short,626.24,-0.72,0.49,0.34,16.0,2.6,-0.08,-0.43,0.162,0
META,2025-01-10,14:35:00,2:30-4PM,short,606.86,-0.91,0.73,0.39,2.9,1.9,-0.26,-0.61,0.941,0
META,2025-01-14,14:31:00,2:30-4PM,short,598.6,-0.42,0.45,0.44,6.4,5.2,-0.54,-0.87,-0.254,0
META,2025-01-14,14:32:00,2:30-4PM,short,597.84,-0.3,0.44,0.2,5.2,4.6,-0.87,-0.83,-0.409,0
META,2025-01-15,14:31:00,2:30-4PM,long,611.56,0.38,0.53,0.11,3.5,2.6,0.51,0.59,0.61,0
META,2025-01-27,14:30:00,2:30-4PM,long,640.1,0.13,1.32,0.78,16.6,5.0,1.07,1.75,0.211,0
META,2025-01-27,14:35:00,2:30-4PM,short,627.67,-0.41,0.55,0.27,2.1,2.2,-0.05,-0.32,0.466,0
META,2025-01-30,14:36:00,2:30-4PM,long,695.55,2.19,0.64,0.52,2.4,1.6,0.07,0.53,0.183,1
META,2025-01-30,14:38:00,2:30-4PM,long,705.26,0.78,1.04,0.45,3.0,1.7,1.42,1.69,0.295,0
META,2025-02-03,14:30:00,2:30-4PM,long,683.62,2.03,0.97,0.25,18.2,3.9,0.62,0.74,0.415,1
META,2025-02-03,14:34:00,2:30-4PM,long,688.68,1.28,0.51,0.5,2.8,1.9,0.8,1.25,0.664,0
META,2025-02-28,14:30:00,2:30-4PM,short,650.9,-1.27,0.89,0.23,18.5,5.2,-0.69,-0.78,-0.67,0
META,2025-03-04,14:31:00,2:30-4PM,short,641.49,-1.36,0.48,0.15,3.9,3.0,-0.57,-0.69,-0.146,0
META,2025-03-07,14:34:00,2:30-4PM,long,627.84,1.11,0.62,0.09,3.4,2.1,0.17,0.22,-0.149,0
META,2025-04-07,10:02:00,9:30-11AM,long,489.82,1.47,0.58,0.26,4.5,1.7,1.56,1.8,0.046,0
META,2025-04-07,10:05:00,9:30-11AM,long,490.87,1.25,0.42,0.18,2.3,1.8,1.82,1.99,0.067,0
GOOGL,2025-01-14,14:31:00,2:30-4PM,short,190.82,-0.12,0.46,0.05,2.8,2.7,-0.33,-0.35,-0.012,0
GOOGL,2025-01-21,14:30:00,2:30-4PM,long,201.18,0.55,0.71,0.47,18.5,4.8,0.46,0.74,0.718,0
GOOGL,2025-01-30,14:30:00,2:30-4PM,long,199.6,0.9,0.59,0.21,18.1,4.5,0.48,0.61,0.468,0
GOOGL,2025-01-30,14:34:00,2:30-4PM,short,198.05,-0.03,0.45,0.18,2.2,2.3,-0.09,-0.26,0.657,0
GOOGL,2025-02-03,15:21:00,2:30-4PM,long,201.62,0.85,0.42,0.14,2.1,1.6,0.03,0.18,-0.019,0
GOOGL,2025-02-05,14:31:00,2:30-4PM,short,188.94,-0.22,0.73,0.31,3.3,3.4,-0.75,-0.94,-0.219,0
GOOGL,2025-02-07,15:00:00,2:30-4PM,short,187.73,-0.84,0.49,0.15,4.4,1.6,-1.0,-1.1,-0.279,0
GOOGL,2025-02-10,14:30:00,2:30-4PM,short,186.1,-0.11,0.45,0.22,17.3,5.3,-0.06,-0.25,0.112,0
GOOGL,2025-02-11,14:32:00,2:30-4PM,long,186.8,0.07,0.42,0.08,4.0,2.1,0.58,0.61,0.09,0
GOOGL,2025-03-03,14:31:00,2:30-4PM,long,173.0,0.21,0.77,0.06,4.6,2.9,0.6,0.62,0.093,0
GOOGL,2025-04-07,10:02:00,9:30-11AM,long,140.95,1.05,0.59,0.07,2.7,2.3,0.58,0.73,0.016,0
GOOGL,2025-04-07,15:14:00,2:30-4PM,short,143.7,-0.51,2.01,0.29,4.1,3.8,-0.83,-1.09,0.059,0
GOOGL,2025-04-17,14:30:00,2:30-4PM,short,149.82,-0.88,1.17,0.68,10.5,7.3,-1.71,-2.1,-0.273,0
GOOGL,2025-04-17,14:37:00,2:30-4PM,short,149.03,-0.36,0.53,0.34,2.0,2.1,-1.85,-2.06,-0.983,0
GOOGL,2025-05-07,14:49:00,2:30-4PM,short,160.8,-4.08,0.88,0.5,11.7,5.8,-1.09,-1.44,-0.221,1
GOOGL,2025-05-07,14:50:00,2:30-4PM,short,159.99,-3.59,0.5,0.5,5.8,5.2,-1.44,-1.73,-0.397,1
GOOGL,2025-05-07,14:51:00,2:30-4PM,short,158.71,-2.82,0.5,0.8,5.2,4.8,-1.73,-2.22,-0.612,1
GOOGL,2025-05-07,14:54:00,2:30-4PM,short,157.68,-2.44,0.66,0.07,3.1,2.8,-2.32,-2.2,-1.361,1
NFLX,2025-01-13,14:33:00,2:30-4PM,long,844.3,0.33,0.5,0.15,2.6,4.1,1.09,1.02,0.449,0
NFLX,2025-01-21,14:31:00,2:30-4PM,long,867.85,0.25,0.67,0.19,3.8,3.6,0.33,0.44,-0.338,0
NFLX,2025-01-22,14:30:00,2:30-4PM,short,971.82,-0.55,2.06,0.64,16.6,5.5,-1.48,-1.77,-0.59,0
NFLX,2025-01-23,14:32:00,2:30-4PM,long,971.63,0.66,0.64,0.64,5.0,6.0,0.79,1.13,0.283,0
NFLX,2025-01-30,14:30:00,2:30-4PM,short,981.94,-0.28,0.43,0.01,17.5,4.2,-0.15,-0.16,-0.009,0
NFLX,2025-01-30,14:37:00,2:30-4PM,long,992.66,0.19,0.59,0.33,5.6,5.7,0.55,0.67,-0.023,0
NFLX,2025-02-04,14:32:00,2:30-4PM,long,992.72,1.34,0.56,0.33,6.5,4.9,0.52,0.67,0.272,0
NFLX,2025-02-20,14:32:00,2:30-4PM,short,1035.16,-1.72,0.48,0.19,2.9,2.9,-0.45,-0.55,-0.026,0
NFLX,2025-02-28,14:35:00,2:30-4PM,long,965.55,0.42,0.57,0.21,2.8,1.9,0.12,0.22,-0.165,0
NFLX,2025-03-03,14:31:00,2:30-4PM,long,993.47,0.03,0.64,0.27,6.1,3.8,0.46,0.71,-0.256,0
NFLX,2025-03-04,14:30:00,2:30-4PM,short,965.79,-0.6,0.48,0.02,17.0,3.5,-0.33,-0.44,-0.296,0
NFLX,2025-03-06,14:30:00,2:30-4PM,short,960.96,-1.53,0.7,0.53,15.0,3.8,-0.59,-0.96,-0.726,0
AMD,2025-01-03,14:33:00,2:30-4PM,long,123.0,0.3,0.46,0.13,3.6,4.7,0.91,0.87,0.369,0
AMD,2025-01-06,14:36:00,2:30-4PM,long,129.67,0.38,0.54,0.23,2.0,1.8,0.58,0.77,-0.158,0
AMD,2025-01-08,14:31:00,2:30-4PM,short,122.38,-0.64,0.99,0.97,6.7,5.3,-0.83,-1.56,-0.101,0
AMD,2025-01-10,14:34:00,2:30-4PM,short,116.78,-1.87,0.65,0.58,2.2,2.1,-0.58,-1.1,-0.569,0
AMD,2025-01-10,14:35:00,2:30-4PM,short,116.43,-1.57,0.58,0.29,2.1,2.0,-1.1,-1.31,-0.64,0
AMD,2025-01-21,14:31:00,2:30-4PM,short,121.96,-0.61,0.42,0.14,4.8,3.7,-0.22,-0.31,0.032,0
AMD,2025-01-30,14:30:00,2:30-4PM,long,120.15,0.24,0.9,0.46,18.5,7.3,0.68,0.9,0.476,0
AMD,2025-02-11,14:30:00,2:30-4PM,long,109.93,1.3,0.72,0.19,17.3,3.9,0.21,0.33,-0.066,0
AMD,2025-02-20,14:34:00,2:30-4PM,long,115.84,0.61,0.68,0.32,3.6,4.1,0.56,0.73,0.102,0
AMD,2025-02-28,14:31:00,2:30-4PM,short,98.8,-0.04,0.53,0.32,4.1,5.6,-0.57,-0.76,-0.117,0
AMD,2025-02-28,14:35:00,2:30-4PM,long,100.18,0.46,0.49,0.42,2.4,2.6,0.26,0.63,-0.278,0
AMD,2025-03-04,14:30:00,2:30-4PM,long,97.42,1.55,0.83,0.64,17.1,4.2,0.26,0.82,0.008,0
AMD,2025-03-04,14:34:00,2:30-4PM,long,97.87,1.08,0.51,0.42,2.6,1.5,0.68,1.08,0.262,0
AMD,2025-03-05,14:30:00,2:30-4PM,short,100.23,-0.64,0.53,0.69,17.7,4.5,-0.1,-0.7,-0.364,0
AMD,2025-03-05,14:31:00,2:30-4PM,short,100.12,-0.53,0.69,0.1,4.5,4.4,-0.7,-0.7,-0.442,0
AMD,2025-03-06,14:37:00,2:30-4PM,long,99.82,0.67,0.43,0.31,2.1,2.5,0.18,0.46,-0.604,0
AMD,2025-04-04,10:16:00,9:30-11AM,short,91.0,-3.08,0.47,0.21,4.5,2.5,-1.86,-1.93,-0.796,1
AMD,2025-04-04,10:23:00,9:30-11AM,short,89.47,-1.64,0.48,0.26,3.4,4.1,-2.35,-2.22,-1.458,0
AMD,2025-06-23,10:01:00,9:30-11AM,long,129.8,0.31,0.79,0.76,13.6,9.3,0.43,0.89,0.029,0
CRM,2025-01-10,14:35:00,2:30-4PM,short,319.79,-1.05,0.69,0.17,3.2,2.9,-0.4,-0.49,-0.655,0
CRM,2025-01-27,14:30:00,2:30-4PM,long,336.2,2.29,0.53,0.6,18.6,6.1,0.7,1.12,0.744,1
CRM,2025-01-27,14:31:00,2:30-4PM,long,338.5,1.6,0.6,0.65,6.1,5.3,1.12,1.46,0.957,0
CRM,2025-01-27,14:32:00,2:30-4PM,long,340.76,0.92,0.65,0.68,5.3,5.3,1.46,1.7,1.292,0
CRM,2025-01-28,14:35:00,2:30-4PM,short,353.04,-0.73,0.46,0.33,2.2,2.4,-0.22,-0.49,0.778,0
CRM,2025-01-28,14:58:00,2:30-4PM,long,359.77,1.82,0.43,0.21,2.7,2.4,1.3,1.45,0.132,0
CRM,2025-01-29,14:31:00,2:30-4PM,short,355.0,-0.79,0.49,0.39,4.6,2.7,-0.61,-0.89,-0.407,0
CRM,2025-01-30,14:30:00,2:30-4PM,long,345.38,0.76,1.08,0.33,18.8,2.4,0.36,0.53,-0.174,0
CRM,2025-02-27,14:32:00,2:30-4PM,long,299.64,0.1,0.4,0.81,2.3,3.3,0.15,0.92,-0.052,0
CRM,2025-03-07,14:30:00,2:30-4PM,long,287.1,0.42,0.46,0.86,18.0,4.2,0.13,0.9,-0.858,0
AVGO,2025-01-07,14:30:00,2:30-4PM,short,236.52,-2.55,0.96,0.19,15.9,2.3,-0.13,-0.29,0.232,1
AVGO,2025-01-07,14:33:00,2:30-4PM,short,233.89,-2.3,0.7,0.51,2.6,2.0,-0.82,-1.27,0.157,1
AVGO,2025-01-07,14:34:00,2:30-4PM,short,233.73,-2.23,0.51,0.09,2.0,1.6,-1.27,-1.27,0.085,1
AVGO,2025-01-10,14:30:00,2:30-4PM,short,224.44,-0.29,0.56,0.64,18.4,5.6,-0.2,-0.7,0.075,0
AVGO,2025-01-13,14:30:00,2:30-4PM,long,224.61,2.07,1.64,0.56,17.3,3.2,1.27,1.7,0.891,1
AVGO,2025-01-13,14:31:00,2:30-4PM,long,225.05,1.87,0.56,0.19,3.2,3.1,1.7,1.7,1.07,0
AVGO,2025-01-27,14:32:00,2:30-4PM,long,216.84,0.73,1.47,0.5,2.9,2.3,0.69,1.12,-0.95,0
AVGO,2025-01-28,14:30:00,2:30-4PM,short,205.52,-3.22,0.46,0.81,17.3,3.3,-0.43,-1.16,-0.199,1
AVGO,2025-01-28,14:31:00,2:30-4PM,short,204.6,-2.79,0.81,0.44,3.3,3.5,-1.16,-1.45,-0.285,1
AVGO,2025-01-28,14:32:00,2:30-4PM,short,203.64,-2.33,0.44,0.45,3.5,1.9,-1.45,-1.81,-0.436,1
AVGO,2025-01-28,14:36:00,2:30-4PM,short,199.02,-0.02,0.57,0.74,2.0,2.4,-2.82,-3.29,-1.061,0
AVGO,2025-01-30,14:31:00,2:30-4PM,long,219.24,1.24,0.69,0.43,4.9,3.6,0.49,0.81,0.276,0
AVGO,2025-01-30,14:32:00,2:30-4PM,long,220.07,0.86,0.43,0.41,3.6,5.6,0.81,0.96,0.363,0
AVGO,2025-01-31,14:35:00,2:30-4PM,short,217.48,-0.54,0.46,0.52,2.3,1.6,-0.54,-1.01,0.36,0
AVGO,2025-02-03,14:33:00,2:30-4PM,long,215.74,1.06,0.62,0.3,2.2,1.6,0.2,0.48,0.106,0
AVGO,2025-02-10,14:30:00,2:30-4PM,long,229.24,0.84,0.63,0.17,18.0,6.0,0.21,0.29,0.027,0
AVGO,2025-02-10,14:32:00,2:30-4PM,short,227.44,-0.14,0.41,0.35,2.7,1.8,-0.14,-0.48,0.128,0
AVGO,2025-02-12,14:32:00,2:30-4PM,long,232.5,0.69,0.41,0.08,2.6,2.2,0.36,0.41,-0.287,0
AVGO,2025-02-14,14:31:00,2:30-4PM,short,232.11,-1.38,0.45,0.35,3.3,5.3,-0.58,-0.8,-0.28,0
AVGO,2025-02-18,14:30:00,2:30-4PM,short,227.6,-1.45,0.8,0.3,17.4,3.9,-1.03,-1.13,-0.97,0
AVGO,2025-02-24,14:31:00,2:30-4PM,long,219.04,0.2,0.6,0.16,3.1,2.5,0.26,0.37,0.003,0
AVGO,2025-02-28,14:30:00,2:30-4PM,short,193.34,-0.05,0.55,0.72,18.3,3.5,-0.63,-1.16,-0.927,0
AVGO,2025-03-03,14:33:00,2:30-4PM,short,199.02,-4.03,0.71,0.34,3.8,2.9,-1.19,-1.31,-0.79,1
AVGO,2025-03-03,14:35:00,2:30-4PM,short,197.27,-3.18,0.5,0.39,2.3,1.9,-1.73,-1.88,-1.099,1
AVGO,2025-03-05,14:31:00,2:30-4PM,short,189.5,-0.87,0.77,0.24,3.6,2.4,-0.6,-0.81,0.323,0
AVGO,2025-03-06,14:30:00,2:30-4PM,short,178.01,-0.22,1.14,0.53,17.8,5.5,-1.39,-1.61,-1.25,0
AVGO,2025-03-07,14:34:00,2:30-4PM,short,187.8,-1.17,0.69,0.88,2.2,2.0,-1.52,-2.27,-2.542,0
AVGO,2025-04-07,10:02:00,9:30-11AM,long,140.21,1.43,0.93,0.49,6.1,2.1,0.92,1.41,0.054,0
AVGO,2025-04-14,15:00:00,2:30-4PM,short,179.84,-0.83,0.44,0.12,2.0,1.5,-1.0,-1.1,-0.026,0
SHOP,2025-01-02,14:33:00,2:30-4PM,short,105.88,-0.92,0.46,0.29,2.4,2.4,-0.95,-1.22,-0.63,0
SHOP,2025-01-10,14:35:00,2:30-4PM,short,102.38,-1.92,0.51,0.34,2.5,4.3,-0.75,-0.9,-2.459,0
SHOP,2025-01-16,14:30:00,2:30-4PM,short,103.92,-0.35,0.44,0.0,16.9,4.0,-0.28,-0.25,-0.171,0
SHOP,2025-01-30,14:33:00,2:30-4PM,short,116.02,-0.19,0.71,0.51,3.4,2.9,-0.32,-0.65,-0.071,0
SHOP,2025-02-07,14:30:00,2:30-4PM,long,119.12,0.45,0.58,0.22,17.5,4.6,0.21,0.41,0.104,0
SHOP,2025-02-10,14:30:00,2:30-4PM,long,123.02,0.32,0.68,0.6,17.7,7.1,0.75,1.11,0.461,0
SHOP,2025-02-14,14:31:00,2:30-4PM,short,125.04,-0.92,0.42,0.56,3.3,2.8,-0.34,-0.83,-0.515,0
SHOP,2025-02-19,15:14:00,2:30-4PM,short,124.56,-0.04,0.42,0.12,4.4,1.7,-1.6,-1.63,-0.365,0
SHOP,2025-02-20,14:30:00,2:30-4PM,short,125.92,-2.26,0.45,0.31,16.2,5.3,-0.13,-0.36,-0.016,1
SHOP,2025-02-21,14:30:00,2:30-4PM,short,123.38,-0.74,0.57,0.92,18.3,3.3,-0.13,-0.9,0.753,0
SHOP,2025-02-24,14:31:00,2:30-4PM,long,116.58,0.38,0.66,0.14,2.8,4.2,0.38,0.51,-0.221,0
SHOP,2025-02-28,14:32:00,2:30-4PM,short,107.97,-0.36,0.55,0.17,2.3,3.1,-0.73,-0.77,-0.913,0
SHOP,2025-03-03,14:30:00,2:30-4PM,long,114.15,0.93,0.72,0.36,17.5,6.7,0.28,0.45,0.128,0
SHOP,2025-03-04,14:30:00,2:30-4PM,short,101.91,-1.67,0.71,0.94,18.4,6.6,-0.51,-1.11,-0.945,0
SHOP,2025-03-04,14:31:00,2:30-4PM,short,100.89,-0.67,0.94,1.07,6.6,4.8,-1.11,-1.72,-1.282,0
SHOP,2025-03-04,14:32:00,2:30-4PM,short,100.56,-0.35,1.07,0.35,4.8,3.5,-1.72,-1.74,-1.662,0
SHOP,2025-03-06,14:31:00,2:30-4PM,long,103.89,2.44,0.67,0.34,3.4,2.7,0.39,0.69,-0.755,1
SHOP,2025-03-07,14:36:00,2:30-4PM,short,101.39,-0.01,0.71,0.07,2.3,2.5,-0.08,-0.18,-0.617,0
SHOP,2025-06-05,14:41:00,2:30-4PM,long,105.53,0.63,0.63,0.41,4.5,2.2,1.26,1.61,0.129,0
UBER,2025-01-06,14:33:00,2:30-4PM,long,67.18,0.26,0.6,0.17,2.4,2.4,0.19,0.32,-0.473,0
UBER,2025-01-07,14:33:00,2:30-4PM,short,67.85,-1.22,0.5,0.45,2.3,1.8,-0.14,-0.56,0.333,0
UBER,2025-01-29,14:31:00,2:30-4PM,short,67.32,-0.06,0.56,0.36,6.4,5.0,-0.58,-0.78,-0.326,0
UBER,2025-01-30,14:30:00,2:30-4PM,long,64.46,4.28,1.39,0.3,17.3,4.9,0.07,0.28,-0.943,1
UBER,2025-02-03,14:30:00,2:30-4PM,long,66.11,2.21,0.75,0.43,19.0,3.8,0.51,0.91,0.249,1
UBER,2025-02-03,14:31:00,2:30-4PM,long,66.53,1.56,0.43,0.64,3.8,5.5,0.91,1.29,0.337,0
UBER,2025-02-03,14:32:00,2:30-4PM,long,66.98,1.07,0.64,0.66,5.5,4.8,1.29,1.66,0.587,0
UBER,2025-02-04,14:33:00,2:30-4PM,long,69.26,0.4,0.48,0.3,3.6,4.4,0.97,1.06,0.872,0
UBER,2025-02-06,14:30:00,2:30-4PM,long,66.49,1.76,0.41,0.86,18.8,5.7,0.41,1.03,0.781,0
UBER,2025-02-06,14:35:00,2:30-4PM,long,66.98,1.02,0.44,0.13,2.5,2.0,1.25,1.25,1.4,0
UBER,2025-02-07,14:31:00,2:30-4PM,long,71.29,1.8,1.11,0.45,6.3,5.6,1.2,1.35,0.385,0
UBER,2025-02-07,14:32:00,2:30-4PM,long,71.42,1.6,0.45,0.22,5.6,3.6,1.35,1.37,0.641,0
UBER,2025-02-07,15:24:00,2:30-4PM,long,74.2,0.49,0.5,0.26,3.3,1.8,2.53,2.71,0.465,0
UBER,2025-02-10,14:30:00,2:30-4PM,long,77.74,1.03,0.55,0.28,17.6,5.8,0.7,0.8,0.795,0
UBER,2025-02-12,14:30:00,2:30-4PM,short,74.49,-0.34,0.41,0.2,17.7,7.7,-0.52,-0.54,-0.407,0
UBER,2025-02-24,14:33:00,2:30-4PM,short,77.32,-2.2,0.53,0.31,2.5,4.0,-0.89,-1.03,0.195,1
UBER,2025-02-25,14:30:00,2:30-4PM,short,75.35,-1.13,0.96,0.38,18.7,3.3,-0.29,-0.59,0.105,0
UBER,2025-02-28,14:32:00,2:30-4PM,short,73.68,-0.14,0.44,0.35,4.3,2.2,-0.45,-0.79,0.386,0
UBER,2025-03-03,14:31:00,2:30-4PM,long,77.38,0.47,0.64,0.34,4.1,4.7,0.39,0.59,0.052,0
UBER,2025-03-04,14:32:00,2:30-4PM,short,72.92,-0.86,0.41,0.07,2.9,1.8,-0.11,-0.16,-0.513,0
UBER,2025-06-10,14:32:00,2:30-4PM,short,85.64,-0.05,0.43,0.19,3.1,1.5,-1.65,-1.8,-0.194,0
COIN,2025-01-02,14:32:00,2:30-4PM,short,254.01,-1.18,0.64,0.61,2.9,4.2,-0.64,-1.04,-0.258,0
COIN,2025-01-02,14:33:00,2:30-4PM,short,252.79,-0.71,0.61,0.46,4.2,2.5,-1.04,-1.43,-0.349,0
COIN,2025-01-02,14:34:00,2:30-4PM,short,252.34,-0.53,0.46,0.15,2.5,2.9,-1.43,-1.49,-0.426,0
COIN,2025-01-06,14:30:00,2:30-4PM,short,273.83,-0.76,0.93,0.74,15.3,3.7,-0.56,-1.32,-0.173,0
COIN,2025-01-06,14:31:00,2:30-4PM,short,272.82,-0.39,0.74,0.45,3.7,3.2,-1.32,-1.54,-0.296,0
COIN,2025-01-07,14:35:00,2:30-4PM,short,283.26,-3.62,0.48,0.34,2.4,1.9,-0.39,-0.62,0.307,1
COIN,2025-01-07,14:56:00,2:30-4PM,short,280.5,-3.19,0.82,0.23,2.4,1.7,-1.27,-1.39,-0.116,1
COIN,2025-01-07,15:00:00,2:30-4PM,short,274.31,-1.0,0.89,0.67,2.7,2.8,-2.71,-3.11,-0.415,0
COIN,2025-01-08,14:31:00,2:30-4PM,long,264.07,1.11,0.4,0.05,3.2,3.6,0.91,0.87,0.265,0
COIN,2025-01-14,14:34:00,2:30-4PM,long,262.0,0.22,0.59,0.17,2.5,2.4,0.35,0.49,0.273,0
COIN,2025-01-16,14:30:00,2:30-4PM,short,272.01,-1.0,0.52,0.29,15.5,6.5,-0.43,-0.66,-0.115,0
COIN,2025-01-17,14:32:00,2:30-4PM,long,295.62,0.9,1.44,0.48,6.0,4.2,1.17,1.3,0.317,0
COIN,2025-01-21,14:30:00,2:30-4PM,long,301.09,-0.05,0.89,0.06,16.5,4.8,1.06,1.03,0.661,0
COIN,2025-01-21,14:34:00,2:30-4PM,short,293.32,-5.0,0.72,0.84,3.2,2.6,-0.74,-1.43,0.759,1
COIN,2025-01-21,14:35:00,2:30-4PM,short,290.0,-3.96,0.84,1.28,2.6,2.8,-1.43,-2.32,0.587,1
COIN,2025-01-21,14:36:00,2:30-4PM,short,289.25,-3.78,1.28,0.27,2.8,2.3,-2.32,-2.35,0.351,1
COIN,2025-01-22,14:34:00,2:30-4PM,long,293.95,0.78,1.18,0.16,2.7,3.2,0.75,0.89,0.109,0
COIN,2025-01-22,15:13:00,2:30-4PM,long,297.29,0.32,0.5,0.49,2.4,3.2,1.07,1.52,0.056,0
COIN,2025-01-23,14:31:00,2:30-4PM,long,294.73,2.43,0.89,0.65,4.9,4.4,1.11,1.57,0.173,1
COIN,2025-01-23,14:32:00,2:30-4PM,long,295.46,2.17,0.65,0.33,4.4,5.8,1.57,1.47,0.363,1
COIN,2025-01-23,14:34:00,2:30-4PM,long,298.0,1.3,0.52,0.32,2.9,3.8,1.8,1.84,0.906,0
COIN,2025-01-24,14:39:00,2:30-4PM,long,306.0,0.09,0.51,0.04,3.3,2.3,1.07,1.12,0.169,0
COIN,2025-01-27,14:32:00,2:30-4PM,short,282.46,-1.86,0.47,0.35,4.9,2.9,-0.32,-0.5,-0.209,0
COIN,2025-01-29,14:30:00,2:30-4PM,long,285.5,1.23,0.48,0.84,15.7,8.8,0.06,0.75,-0.056,0
COIN,2025-01-29,14:31:00,2:30-4PM,long,287.71,0.45,0.84,0.77,8.8,8.7,0.75,1.19,0.074,0
COIN,2025-01-29,14:32:00,2:30-4PM,long,288.55,0.15,0.77,0.29,8.7,5.1,1.19,1.25,0.412,0
COIN,2025-01-30,14:31:00,2:30-4PM,long,299.16,1.6,1.08,0.64,5.7,5.1,1.08,1.4,0.187,0
COIN,2025-01-30,14:32:00,2:30-4PM,long,301.16,1.39,0.64,0.63,5.1,6.6,1.4,1.57,0.456,0
COIN,2025-01-31,14:32:00,2:30-4PM,short,299.55,-0.95,0.57,0.09,3.9,2.1,-0.25,-0.36,-0.221,0
COIN,2025-02-04,14:30:00,2:30-4PM,short,278.74,-0.04,0.99,0.5,17.0,4.8,-0.58,-0.96,-0.322,0
COIN,2025-02-04,14:33:00,2:30-4PM,long,283.16,1.0,0.94,0.17,2.5,2.9,0.44,0.58,-0.519,0
COIN,2025-02-07,14:30:00,2:30-4PM,long,279.01,0.8,1.17,0.56,13.7,6.9,0.96,1.17,0.521,0
COIN,2025-02-10,14:30:00,2:30-4PM,long,282.94,0.92,0.43,0.47,18.2,7.0,0.43,0.7,0.372,0
COIN,2025-02-10,14:33:00,2:30-4PM,long,284.98,0.05,0.68,0.08,4.4,3.9,1.02,0.99,0.826,0
COIN,2025-02-11,14:32:00,2:30-4PM,short,272.77,-0.09,0.57,0.41,5.4,3.7,-1.04,-1.2,-1.298,0
COIN,2025-02-13,14:30:00,2:30-4PM,long,289.48,0.44,1.44,0.34,17.1,6.1,1.35,1.41,0.663,0
COIN,2025-02-14,14:33:00,2:30-4PM,short,285.68,-3.21,1.17,0.54,2.4,1.9,-0.7,-1.26,-1.102,1
COIN,2025-02-14,14:38:00,2:30-4PM,short,281.41,-1.74,0.5,0.68,2.1,1.7,-1.55,-2.1,-1.585,0
COIN,2025-02-19,14:31:00,2:30-4PM,short,264.53,-1.15,0.41,0.21,4.4,2.9,-0.6,-0.75,-0.35,0
COIN,2025-02-24,14:32:00,2:30-4PM,short,235.9,-3.56,1.54,0.15,3.5,3.7,-1.07,-1.17,-0.401,1
COIN,2025-02-28,14:35:00,2:30-4PM,long,205.49,2.05,0.49,1.15,3.4,2.8,0.28,1.19,0.24,1
COIN,2025-03-04,14:31:00,2:30-4PM,short,199.88,-1.79,1.18,0.39,3.5,5.5,-0.6,-0.88,-0.01,0
COIN,2025-03-04,14:35:00,2:30-4PM,long,203.22,1.1,0.88,0.63,2.1,3.0,0.32,0.88,-0.302,0
COIN,2025-03-04,14:36:00,2:30-4PM,long,205.01,0.14,0.63,0.87,3.0,1.5,0.88,1.69,-0.222,0
COIN,2025-03-05,14:36:00,2:30-4PM,short,209.02,-0.01,0.89,0.49,3.1,2.6,-2.12,-2.42,-0.919,0
COIN,2025-03-07,14:40:00,2:30-4PM,long,218.64,1.56,0.77,0.52,2.2,1.6,1.61,2.06,0.185,0
COIN,2025-04-07,10:02:00,9:30-11AM,long,147.2,2.58,0.41,0.42,2.2,2.6,1.9,2.26,0.153,1
COIN,2025-04-28,15:21:00,2:30-4PM,short,201.77,-1.01,0.42,0.12,2.2,1.7,-2.05,-2.12,-0.105,0
COIN,2025-05-12,14:42:00,2:30-4PM,long,213.17,0.06,0.96,0.35,5.0,3.3,1.26,1.54,0.019,0
COIN,2025-05-13,15:08:00,2:30-4PM,long,244.78,1.54,0.42,0.26,3.4,1.6,2.61,2.84,0.106,0
COIN,2025-06-18,15:25:00,2:30-4PM,long,260.89,6.99,0.49,0.32,4.6,5.4,1.64,1.85,0.174,1
COIN,2025-06-18,15:28:00,2:30-4PM,long,265.0,5.64,0.8,0.39,4.2,3.6,2.78,2.97,0.546,1
PLTR,2025-01-02,14:35:00,2:30-4PM,short,73.09,-0.92,1.07,0.92,3.2,3.3,-2.28,-2.85,-1.275,0
PLTR,2025-01-02,14:36:00,2:30-4PM,short,72.89,-0.64,0.92,0.29,3.3,3.1,-2.85,-2.76,-1.614,0
PLTR,2025-01-03,14:35:00,2:30-4PM,long,76.64,1.87,0.43,0.27,2.8,2.4,0.96,1.19,0.664,0
PLTR,2025-01-03,14:38:00,2:30-4PM,long,77.64,0.56,0.65,0.3,2.3,2.0,1.81,1.94,1.152,0
PLTR,2025-01-06,14:35:00,2:30-4PM,short,77.69,-1.1,1.08,0.46,2.8,3.0,-0.75,-1.11,-0.334,0
PLTR,2025-01-06,14:36:00,2:30-4PM,short,77.55,-0.93,0.46,0.16,3.0,2.6,-1.11,-1.17,-0.45,0
PLTR,2025-01-07,14:33:00,2:30-4PM,short,73.84,-2.16,0.85,0.97,2.3,3.6,-0.55,-1.34,-0.436,1
PLTR,2025-01-08,14:31:00,2:30-4PM,long,68.98,0.8,0.89,0.9,3.1,2.9,0.46,1.29,-0.491,0
PLTR,2025-01-10,14:32:00,2:30-4PM,long,67.17,0.17,0.81,0.5,3.1,2.5,0.73,1.13,-0.145,0
PLTR,2025-01-16,14:31:00,2:30-4PM,long,69.39,0.76,0.67,0.33,4.2,3.9,0.28,0.58,-0.034,0
PLTR,2025-01-16,14:34:00,2:30-4PM,long,69.5,0.6,0.47,0.39,2.2,3.5,0.32,0.64,0.068,0
PLTR,2025-01-21,14:31:00,2:30-4PM,short,72.4,-0.57,0.94,0.39,6.2,3.9,-0.6,-0.91,-0.044,0
PLTR,2025-01-23,14:30:00,2:30-4PM,long,76.8,2.11,0.6,0.38,17.0,4.3,0.66,0.95,0.263,1
PLTR,2025-01-23,14:35:00,2:30-4PM,long,78.03,0.51,0.5,0.29,2.8,3.1,1.57,1.65,1.063,0
PLTR,2025-01-24,14:32:00,2:30-4PM,long,79.93,1.38,0.66,0.85,4.2,7.3,0.5,1.03,-0.081,0
PLTR,2025-01-29,14:41:00,2:30-4PM,short,78.93,-0.94,0.49,0.55,2.2,2.2,-0.7,-1.14,-0.205,0
PLTR,2025-01-31,14:30:00,2:30-4PM,long,82.77,1.74,0.9,1.31,17.7,9.7,0.6,1.38,0.222,0
PLTR,2025-01-31,14:31:00,2:30-4PM,long,83.1,1.55,1.31,0.38,9.7,6.2,1.38,1.38,0.716,0
PLTR,2025-02-05,14:33:00,2:30-4PM,long,102.64,0.91,0.74,0.43,2.3,1.8,0.68,1.03,-0.764,0
PLTR,2025-02-10,14:31:00,2:30-4PM,short,109.17,-0.42,0.61,1.58,7.2,6.3,-0.71,-1.91,-0.271,0
PLTR,2025-02-12,14:30:00,2:30-4PM,long,112.73,2.62,0.83,1.36,15.7,6.3,0.0,1.24,-0.166,1
PLTR,2025-02-13,14:32:00,2:30-4PM,long,117.94,0.03,0.53,0.73,3.2,4.9,0.4,0.95,-0.054,0
PLTR,2025-02-14,14:37:00,2:30-4PM,short,117.3,-0.43,1.0,0.6,2.2,2.0,-0.79,-1.31,1.675,0
PLTR,2025-02-18,14:30:00,2:30-4PM,long,122.37,2.15,0.8,0.31,16.2,6.3,0.75,0.87,0.399,1
PLTR,2025-02-18,14:37:00,2:30-4PM,long,123.72,1.03,0.75,0.1,2.5,1.8,1.31,1.31,1.164,0
PLTR,2025-02-24,14:33:00,2:30-4PM,long,98.01,1.02,0.56,0.56,3.0,2.2,0.19,0.7,-1.114,0
PLTR,2025-02-24,14:34:00,2:30-4PM,long,98.34,0.69,0.56,0.29,2.2,2.3,0.7,0.96,-1.063,0
PLTR,2025-02-27,14:31:00,2:30-4PM,long,92.88,0.8,1.03,0.63,7.0,5.4,0.69,1.16,0.078,0
PLTR,2025-02-27,14:35:00,2:30-4PM,long,93.54,0.08,0.53,0.33,2.2,2.3,1.28,1.54,0.475,0
PLTR,2025-02-28,14:31:00,2:30-4PM,short,78.79,-0.27,1.02,0.34,4.4,3.5,-1.96,-2.09,-1.056,0
PLTR,2025-03-03,14:30:00,2:30-4PM,long,89.11,1.54,0.8,1.47,15.9,6.0,0.06,1.33,0.249,0
PLTR,2025-03-03,14:31:00,2:30-4PM,long,89.51,1.08,1.47,0.44,6.0,4.9,1.33,1.52,0.412,0
PLTR,2025-03-04,14:30:00,2:30-4PM,long,81.91,2.55,1.2,1.1,14.8,4.7,0.6,1.47,0.043,1
PLTR,2025-03-05,14:31:00,2:30-4PM,short,83.94,-1.72,0.41,0.96,6.4,4.7,-1.43,-2.17,-0.651,0
PLTR,2025-03-05,14:36:00,2:30-4PM,short,82.87,0.01,1.07,0.59,2.3,2.0,-2.4,-2.87,-1.246,0
PLTR,2025-03-06,14:35:00,2:30-4PM,short,85.81,-1.86,0.45,0.76,2.3,2.9,-1.28,-1.89,-0.33,0
PLTR,2025-03-06,14:39:00,2:30-4PM,short,85.15,-1.1,0.65,0.26,2.1,2.5,-2.09,-2.13,-0.785,0
PLTR,2025-03-07,14:30:00,2:30-4PM,long,81.36,3.37,1.71,0.01,13.5,4.0,1.01,0.96,0.088,1
PLTR,2025-03-18,10:06:00,9:30-11AM,short,86.83,-0.18,0.45,0.1,4.8,1.7,-1.17,-1.23,-0.102,0
PLTR,2025-04-04,10:16:00,9:30-11AM,short,80.99,-2.15,0.56,0.18,3.4,3.2,-1.99,-1.98,-0.38,1
PLTR,2025-04-04,10:21:00,9:30-11AM,short,79.78,-0.66,0.56,0.09,3.7,1.8,-2.87,-2.88,-0.779,0
PLTR,2025-04-07,10:02:00,9:30-11AM,long,69.19,2.04,1.81,0.14,4.7,3.2,1.72,1.84,0.042,1
PLTR,2025-04-16,15:15:00,2:30-4PM,short,94.36,-0.73,0.45,0.11,2.2,1.8,-1.46,-1.54,-0.072,0
HOOD,2025-01-02,14:32:00,2:30-4PM,short,37.81,-1.22,1.2,0.81,3.8,2.8,-0.75,-1.48,0.127,0
HOOD,2025-01-07,14:30:00,2:30-4PM,long,43.07,0.27,1.18,0.35,16.7,5.7,0.69,0.86,0.077,0
HOOD,2025-01-07,15:00:00,2:30-4PM,short,41.0,-1.41,0.87,0.53,2.4,2.0,-2.52,-2.93,-0.331,0
HOOD,2025-01-10,14:32:00,2:30-4PM,long,40.51,0.02,0.5,0.4,2.7,2.5,0.58,0.9,-0.205,0
HOOD,2025-01-10,14:37:00,2:30-4PM,short,39.26,-1.16,1.52,0.11,3.0,1.8,-1.92,-1.94,-0.223,0
HOOD,2025-01-14,14:32:00,2:30-4PM,long,42.03,1.52,0.42,1.17,2.4,3.3,0.04,1.1,2.74,0
HOOD,2025-01-14,14:34:00,2:30-4PM,long,42.14,1.26,0.54,0.84,2.2,2.0,0.44,1.21,2.887,0
HOOD,2025-01-14,15:07:00,2:30-4PM,long,42.79,1.07,0.7,0.51,2.4,2.7,1.33,1.78,0.096,0
HOOD,2025-01-15,14:35:00,2:30-4PM,long,44.45,2.83,0.85,1.07,2.2,3.0,0.26,1.24,0.538,1
HOOD,2025-01-15,14:38:00,2:30-4PM,long,44.46,2.81,0.68,0.2,2.1,1.6,0.96,1.06,0.703,1
HOOD,2025-01-17,14:30:00,2:30-4PM,short,47.29,-0.16,0.78,0.19,15.8,6.0,-0.37,-0.44,0.014,0
HOOD,2025-01-21,14:31:00,2:30-4PM,short,48.86,-0.84,1.15,1.05,3.5,4.0,-0.97,-1.85,-0.16,0
HOOD,2025-01-24,14:32:00,2:30-4PM,long,51.08,1.29,0.45,0.16,2.6,2.9,0.13,0.27,-0.276,0
HOOD,2025-01-24,14:36:00,2:30-4PM,long,51.06,1.33,0.56,0.22,2.2,1.7,0.07,0.24,-0.272,0
HOOD,2025-01-29,14:31:00,2:30-4PM,long,49.23,0.23,0.48,0.33,3.1,3.0,0.09,0.42,-0.437,0
HOOD,2025-02-03,14:30:00,2:30-4PM,long,49.11,3.4,0.84,0.38,15.7,3.1,0.26,0.66,-0.437,1
HOOD,2025-02-03,14:33:00,2:30-4PM,long,49.57,2.44,0.49,0.88,3.1,2.2,0.55,1.35,-0.23,1
HOOD,2025-02-03,14:34:00,2:30-4PM,long,49.72,2.13,0.88,0.29,2.2,2.0,1.35,1.56,-0.143,1
HOOD,2025-02-07,14:30:00,2:30-4PM,long,55.0,0.58,0.65,0.75,16.3,9.8,0.87,1.11,0.675,0
HOOD,2025-02-07,14:31:00,2:30-4PM,long,55.08,0.44,0.75,0.2,9.8,3.4,1.11,1.11,1.137,0
HOOD,2025-02-12,14:31:00,2:30-4PM,long,54.14,2.3,1.94,0.45,4.7,2.3,0.53,0.82,-0.646,1
HOOD,2025-02-13,14:33:00,2:30-4PM,long,64.69,3.43,0.88,0.95,2.8,3.0,1.34,2.11,-0.111,1
HOOD,2025-02-13,14:34:00,2:30-4PM,long,64.95,3.02,0.95,0.33,3.0,2.7,2.11,2.32,0.067,1
HOOD,2025-02-14,14:33:00,2:30-4PM,short,62.09,-0.59,0.65,0.42,2.9,2.2,-1.68,-1.91,-0.341,0
HOOD,2025-02-14,14:34:00,2:30-4PM,short,61.82,-0.15,0.42,0.52,2.2,3.2,-1.91,-2.07,-0.502,0
HOOD,2025-02-18,14:30:00,2:30-4PM,short,63.6,-1.54,0.79,1.62,15.1,5.1,-0.43,-1.8,0.189,0
HOOD,2025-02-19,14:33:00,2:30-4PM,short,60.54,0.06,0.52,0.37,3.1,2.6,-0.17,-0.65,-0.108,0
HOOD,2025-02-19,14:35:00,2:30-4PM,long,61.31,0.98,0.89,0.32,2.0,2.1,0.29,0.59,-0.136,0
HOOD,2025-02-20,14:35:00,2:30-4PM,long,58.76,0.46,0.55,0.27,2.2,1.9,0.02,0.24,0.26,0
HOOD,2025-02-25,14:31:00,2:30-4PM,long,48.15,1.43,1.11,0.57,4.4,3.1,0.29,0.84,-0.303,0
HOOD,2025-02-25,14:32:00,2:30-4PM,long,48.32,1.08,0.57,0.42,3.1,3.2,0.84,1.09,-0.25,0
HOOD,2025-02-26,14:37:00,2:30-4PM,long,48.22,3.67,0.91,0.57,2.1,2.8,1.57,1.96,0.027,1
HOOD,2025-02-27,14:31:00,2:30-4PM,long,52.55,0.49,0.54,0.88,5.8,4.0,0.98,1.7,0.488,0
HOOD,2025-02-27,14:32:00,2:30-4PM,long,52.67,-0.02,0.88,0.21,4.0,3.6,1.7,1.7,0.694,0
HOOD,2025-02-28,14:35:00,2:30-4PM,long,48.98,0.44,1.52,0.8,2.3,1.9,1.44,2.21,-0.041,0
HOOD,2025-03-05,14:30:00,2:30-4PM,short,45.72,-1.76,1.31,0.76,15.1,4.3,-1.43,-2.05,-0.431,0
HOOD,2025-03-05,14:31:00,2:30-4PM,short,45.7,-1.71,0.76,0.01,4.3,3.4,-2.05,-1.97,-0.585,0
HOOD,2025-03-05,14:36:00,2:30-4PM,short,45.05,-0.29,0.85,0.64,3.6,1.8,-2.25,-2.81,-1.122,0
HOOD,2025-03-14,14:38:00,2:30-4PM,long,38.27,2.29,0.59,0.38,2.3,1.8,1.28,1.65,0.019,1
HOOD,2025-04-04,10:09:00,9:30-11AM,short,37.3,-3.75,0.64,0.32,5.2,5.6,-1.34,-1.66,-0.085,1
HOOD,2025-04-04,10:17:00,9:30-11AM,short,36.3,-1.16,0.71,0.68,4.6,3.4,-2.79,-3.25,-0.981,0
HOOD,2025-04-07,10:02:00,9:30-11AM,long,32.05,3.56,1.08,0.56,4.2,3.4,1.66,2.77,0.075,1
HOOD,2025-04-07,10:15:00,9:30-11AM,long,32.83,1.64,0.43,1.17,2.1,5.3,4.04,4.74,0.219,0
RKLB,2025-01-02,14:32:00,2:30-4PM,short,25.05,-5.39,0.71,0.95,3.7,2.3,-1.38,-2.06,-1.083,1
RKLB,2025-01-02,14:33:00,2:30-4PM,short,24.83,-4.56,0.95,0.91,2.3,4.5,-2.06,-2.51,-1.222,1
RKLB,2025-01-02,14:34:00,2:30-4PM,short,24.49,-3.23,0.91,1.41,4.5,5.9,-2.51,-3.07,-1.619,1
RKLB,2025-01-02,14:35:00,2:30-4PM,short,24.01,-1.29,1.41,2.0,5.9,4.9,-3.07,-4.11,-2.387,0
RKLB,2025-01-03,14:31:00,2:30-4PM,long,25.5,7.73,1.35,0.22,7.4,4.2,1.29,1.19,0.412,1
RKLB,2025-01-06,14:32:00,2:30-4PM,long,29.67,1.08,0.86,1.3,2.7,2.2,0.48,1.71,0.413,0
RKLB,2025-01-06,14:33:00,2:30-4PM,long,29.95,0.13,1.3,1.01,2.2,2.9,1.71,2.42,0.522,0
RKLB,2025-01-07,14:32:00,2:30-4PM,long,29.31,2.22,0.65,0.76,2.2,4.0,0.48,1.11,-0.289,1
RKLB,2025-01-07,14:33:00,2:30-4PM,long,29.33,2.15,0.76,0.0,4.0,2.6,1.11,1.06,-0.152,1
RKLB,2025-01-08,14:30:00,2:30-4PM,long,27.52,2.91,0.54,0.35,18.0,3.3,0.49,0.71,-0.164,1
RKLB,2025-01-08,14:35:00,2:30-4PM,long,28.26,0.21,0.97,0.65,2.0,1.9,2.28,2.84,0.288,0
RKLB,2025-01-08,14:52:00,2:30-4PM,short,26.84,-2.09,1.68,0.28,2.1,1.8,-2.52,-2.58,-0.066,1
RKLB,2025-01-08,15:12:00,2:30-4PM,short,26.44,-0.49,0.43,0.56,2.1,2.5,-3.13,-3.57,-0.226,0
RKLB,2025-01-10,14:31:00,2:30-4PM,long,27.4,0.59,0.59,0.21,3.1,3.1,0.31,0.48,-0.72,0
RKLB,2025-01-13,14:30:00,2:30-4PM,short,25.03,-1.52,1.33,0.71,18.6,4.3,-1.7,-2.36,-0.905,0
RKLB,2025-01-14,14:34:00,2:30-4PM,long,24.78,0.32,0.51,0.49,3.3,4.0,0.62,1.0,-0.366,0
RKLB,2025-01-16,14:32:00,2:30-4PM,short,24.57,-1.21,0.57,0.08,2.8,5.5,-1.45,-1.26,-1.082,0
RKLB,2025-01-17,14:30:00,2:30-4PM,short,24.6,0.0,0.77,1.44,14.7,6.8,-0.18,-1.3,0.033,0
RKLB,2025-01-17,14:32:00,2:30-4PM,long,25.29,1.44,1.87,0.9,4.0,6.0,0.55,1.22,-0.2,0
RKLB,2025-01-17,14:34:00,2:30-4PM,long,25.44,0.86,0.57,1.13,4.2,3.4,0.51,1.52,0.142,0
RKLB,2025-01-21,14:30:00,2:30-4PM,long,26.55,10.25,0.42,2.63,13.7,9.3,0.87,2.77,0.431,1
RKLB,2025-01-21,14:31:00,2:30-4PM,long,27.36,7.0,2.63,3.04,9.3,6.1,2.77,4.87,1.068,1
RKLB,2025-01-21,14:32:00,2:30-4PM,long,27.9,4.92,3.04,1.95,6.1,4.5,4.87,5.95,2.015,1
RKLB,2025-01-21,14:34:00,2:30-4PM,long,28.28,3.48,0.44,1.85,2.2,2.5,4.9,6.35,3.421,1
RKLB,2025-01-21,15:26:00,2:30-4PM,long,30.53,3.64,1.58,0.76,2.2,2.0,7.55,8.07,1.128,1
RKLB,2025-01-22,09:33:00,9:30-11AM,short,30.85,-1.39,0.86,0.52,3.1,3.6,-1.52,-1.94,-0.153,0
RKLB,2025-01-22,14:31:00,2:30-4PM,short,28.94,-1.18,0.62,1.36,4.5,5.3,-2.07,-3.13,-1.954,0
RKLB,2025-01-23,14:30:00,2:30-4PM,long,29.49,2.85,0.57,2.24,15.8,5.2,0.07,2.08,-0.069,1
RKLB,2025-01-23,14:31:00,2:30-4PM,long,30.1,0.76,2.24,2.14,5.2,5.4,2.08,3.53,0.193,0
RKLB,2025-01-24,14:30:00,2:30-4PM,long,32.95,1.18,0.94,1.84,17.8,7.5,0.73,2.2,0.257,0
RKLB,2025-01-24,14:31:00,2:30-4PM,long,33.12,0.68,1.84,0.61,7.5,3.9,2.2,2.4,0.703,0
RKLB,2025-01-28,14:31:00,2:30-4PM,long,30.11,0.64,1.08,0.59,5.9,4.3,0.64,1.06,0.079,0
RKLB,2025-01-28,14:35:00,2:30-4PM,short,29.34,-1.31,0.71,1.07,2.9,2.6,-0.48,-1.5,0.33,0
RKLB,2025-01-29,14:30:00,2:30-4PM,long,29.58,2.27,1.23,0.01,15.2,6.7,2.02,1.79,0.75,1
RKLB,2025-01-30,14:32:00,2:30-4PM,long,29.92,2.99,1.1,2.13,3.4,8.2,0.86,2.57,0.234,1
RKLB,2025-01-30,14:33:00,2:30-4PM,long,30.07,2.45,2.13,0.55,8.2,6.3,2.57,2.51,0.777,1
RKLB,2025-01-30,14:34:00,2:30-4PM,long,30.35,1.52,0.55,0.9,6.3,6.0,2.51,2.76,1.372,0
RKLB,2025-01-30,14:35:00,2:30-4PM,long,30.62,0.6,0.9,0.91,6.0,5.7,2.76,2.89,2.036,0
RKLB,2025-01-31,14:31:00,2:30-4PM,long,29.14,0.94,1.41,1.06,5.5,8.4,0.9,1.68,0.056,0
RKLB,2025-01-31,14:32:00,2:30-4PM,long,29.37,0.17,1.06,0.93,8.4,5.1,1.68,2.13,0.509,0
RKLB,2025-01-31,15:25:00,2:30-4PM,long,30.15,1.23,0.45,0.5,3.6,1.7,2.84,3.29,0.439,0
RKLB,2025-02-03,15:23:00,2:30-4PM,long,28.04,1.64,0.43,0.68,2.1,1.6,2.14,2.77,0.052,0
RKLB,2025-02-04,14:31:00,2:30-4PM,long,29.43,2.49,0.62,0.77,5.7,5.0,0.44,1.19,0.16,1
RKLB,2025-02-04,14:32:00,2:30-4PM,long,29.91,0.84,0.77,1.64,5.0,6.8,1.19,2.36,0.297,0
RKLB,2025-02-05,09:37:00,9:30-11AM,short,28.88,0.24,0.45,0.14,4.8,1.9,-0.72,-0.91,-0.044,0
RKLB,2025-02-05,14:30:00,2:30-4PM,short,27.98,-0.46,1.52,1.91,17.7,8.0,-1.05,-2.4,-0.374,0
RKLB,2025-02-05,14:35:00,2:30-4PM,short,27.96,-0.39,0.74,0.39,2.0,3.5,-1.57,-1.75,-1.412,0
RKLB,2025-02-07,14:31:00,2:30-4PM,long,28.53,4.07,1.19,1.4,6.4,6.7,0.78,1.8,0.065,1
RKLB,2025-02-07,14:32:00,2:30-4PM,long,28.7,3.45,1.4,0.62,6.7,6.0,1.8,1.87,0.399,1
RKLB,2025-02-07,14:39:00,2:30-4PM,long,29.02,2.31,0.65,0.48,3.3,3.3,1.56,1.85,1.736,1
RKLB,2025-02-07,14:44:00,2:30-4PM,long,29.36,1.13,0.9,0.65,2.2,1.8,1.77,2.41,1.306,0
RKLB,2025-02-10,14:33:00,2:30-4PM,long,28.66,0.12,1.65,1.03,4.5,3.9,1.96,2.72,-0.201,0
RKLB,2025-02-10,15:04:00,2:30-4PM,long,28.67,1.62,0.65,0.14,2.9,2.2,1.67,1.7,0.128,0
RKLB,2025-02-10,15:06:00,2:30-4PM,long,28.96,0.6,0.65,0.35,3.0,4.4,2.25,2.42,0.263,0
RKLB,2025-02-11,14:32:00,2:30-4PM,short,29.68,-1.6,1.67,0.22,3.6,3.4,-0.86,-1.04,-0.152,0
RKLB,2025-02-12,10:15:00,9:30-11AM,short,28.37,-1.3,0.87,0.07,6.8,3.8,-0.82,-0.95,-0.061,0
RKLB,2025-02-12,14:31:00,2:30-4PM,short,27.51,-0.4,1.05,1.31,5.0,6.8,-0.76,-1.84,-0.423,0
RKLB,2025-02-13,14:36:00,2:30-4PM,short,27.32,-0.06,0.79,0.81,3.4,3.8,-1.31,-1.9,-0.085,0
RKLB,2025-02-13,15:19:00,2:30-4PM,long,27.87,0.68,0.65,0.44,2.4,1.9,0.41,0.83,-0.109,0
RKLB,2025-02-14,14:31:00,2:30-4PM,short,27.98,-3.38,0.63,0.76,3.8,4.5,-0.04,-0.83,-0.174,1
RKLB,2025-02-14,14:32:00,2:30-4PM,short,27.77,-2.63,0.76,0.84,4.5,4.1,-0.83,-1.45,-0.25,1
RKLB,2025-02-14,14:33:00,2:30-4PM,short,27.72,-2.45,0.84,0.18,4.1,3.2,-1.45,-1.48,-0.389,1
RKLB,2025-02-14,14:36:00,2:30-4PM,short,27.24,0.0,1.41,0.47,6.1,4.6,-2.18,-2.15,-1.135,0
RKLB,2025-02-18,14:30:00,2:30-4PM,long,29.09,0.17,1.9,0.87,18.5,10.1,1.29,1.64,0.595,0
RKLB,2025-02-19,14:31:00,2:30-4PM,long,28.18,0.3,0.65,0.61,3.8,5.4,0.37,0.82,-0.171,0
RKLB,2025-02-19,15:00:00,2:30-4PM,short,27.64,-1.88,0.73,0.54,2.2,1.6,-0.75,-1.23,-0.012,0
RKLB,2025-02-20,14:31:00,2:30-4PM,short,25.73,-6.92,0.5,0.96,4.9,3.7,-0.51,-1.38,-0.45,1
RKLB,2025-02-20,14:32:00,2:30-4PM,short,25.38,-5.95,0.96,1.4,3.7,4.6,-1.38,-2.45,-0.537,1
RKLB,2025-02-24,14:51:00,2:30-4PM,short,23.07,-5.85,0.71,0.48,2.1,2.6,-2.11,-2.4,-0.284,1
RKLB,2025-02-24,14:52:00,2:30-4PM,short,22.93,-5.28,0.48,0.59,2.6,3.0,-2.4,-2.75,-0.461,1
RKLB,2025-02-28,14:31:00,2:30-4PM,long,17.11,11.34,1.07,0.71,3.5,2.2,0.26,1.15,-0.996,1
RKLB,2025-02-28,14:36:00,2:30-4PM,long,18.38,4.19,2.01,2.51,2.2,2.4,5.32,7.28,-0.189,1
RKLB,2025-03-04,15:15:00,2:30-4PM,short,17.76,-1.41,0.47,0.5,2.4,2.7,-0.8,-1.2,-0.09,0
RKLB,2025-03-04,15:16:00,2:30-4PM,short,17.65,-0.79,0.5,0.59,2.7,3.2,-1.2,-1.73,-0.113,0
RKLB,2025-03-06,14:31:00,2:30-4PM,short,19.61,-1.45,0.8,0.38,6.0,2.3,-0.7,-0.93,-0.221,0
RKLB,2025-03-06,14:35:00,2:30-4PM,short,19.54,-0.26,0.78,0.55,2.7,4.1,-0.68,-1.03,-0.365,0
RKLB,2025-03-07,14:31:00,2:30-4PM,short,18.36,-3.08,0.57,0.73,3.2,2.0,-0.37,-1.17,-0.485,1
RKLB,2025-03-07,14:32:00,2:30-4PM,short,18.26,-2.49,0.73,0.41,2.0,3.0,-1.17,-1.67,-0.506,1
RKLB,2025-03-07,14:33:00,2:30-4PM,short,18.15,-1.93,0.41,0.69,3.0,4.0,-1.67,-2.05,-0.582,0
RKLB,2025-03-11,10:08:00,9:30-11AM,short,16.28,0.68,0.97,0.18,3.3,17.0,-4.21,-2.38,-0.359,0
RKLB,2025-03-11,15:06:00,2:30-4PM,long,17.79,1.97,0.75,1.25,4.4,3.8,2.42,3.63,0.092,0
RKLB,2025-03-25,14:39:00,2:30-4PM,long,20.18,0.15,0.8,0.12,6.3,2.9,0.4,0.55,-0.048,0
RKLB,2025-04-02,15:20:00,2:30-4PM,long,18.72,2.27,0.65,0.0,2.7,1.7,2.49,2.49,0.106,1
RKLB,2025-04-17,14:35:00,2:30-4PM,short,19.42,0.02,0.41,0.36,2.1,2.3,-2.8,-3.04,-0.228,0
RKLB,2025-04-21,14:31:00,2:30-4PM,short,18.99,-0.56,0.47,0.18,2.6,3.4,-1.48,-1.6,-0.108,0
RKLB,2025-04-30,15:00:00,2:30-4PM,long,21.71,0.97,0.56,0.18,3.1,3.5,2.24,2.34,0.073,0
RKLB,2025-05-01,14:49:00,2:30-4PM,long,22.32,0.18,0.45,0.13,5.2,3.0,1.13,1.23,0.065,0
RKLB,2025-05-14,15:22:00,2:30-4PM,long,23.55,0.98,1.19,0.38,4.9,4.0,3.32,3.64,0.213,0
RKLB,2025-05-15,14:31:00,2:30-4PM,short,22.94,-0.72,0.52,0.22,3.3,2.3,-1.94,-2.07,-0.187,0
RKLB,2025-06-05,14:37:00,2:30-4PM,long,26.58,1.34,0.46,0.4,5.3,2.3,0.04,0.43,-0.023,0
RKLB,2025-06-06,09:45:00,9:30-11AM,short,27.44,-0.44,0.58,0.11,4.1,11.8,-0.3,-0.36,0.043,0
RKLB,2025-06-06,15:01:00,2:30-4PM,long,28.3,0.78,0.72,0.09,3.0,2.7,2.35,2.38,0.05,0
RKLB,2025-06-20,14:57:00,2:30-4PM,long,29.3,0.89,0.46,0.14,2.5,2.2,1.75,1.85,0.063,0
MSTR,2025-01-02,14:33:00,2:30-4PM,short,298.66,-1.53,0.51,0.74,3.7,2.4,-0.25,-0.91,-0.29,0
MSTR,2025-01-02,14:34:00,2:30-4PM,short,296.37,-0.77,0.74,0.73,2.4,2.6,-0.91,-1.58,-0.32,0
MSTR,2025-01-02,14:35:00,2:30-4PM,short,295.46,-0.32,0.73,0.3,2.6,1.9,-1.58,-1.79,-0.398,0
MSTR,2025-01-03,14:31:00,2:30-4PM,long,305.94,1.56,0.65,0.61,5.5,4.8,1.11,1.45,0.561,0
MSTR,2025-01-03,14:32:00,2:30-4PM,long,307.49,1.05,0.61,0.52,4.8,4.4,1.45,1.73,0.739,0
MSTR,2025-01-03,14:38:00,2:30-4PM,long,308.26,0.8,0.59,0.23,2.0,2.5,1.45,1.49,1.234,0
MSTR,2025-01-03,15:28:00,2:30-4PM,long,312.31,1.69,0.45,0.52,2.8,2.8,1.44,1.86,0.067,0
MSTR,2025-01-06,14:30:00,2:30-4PM,short,341.12,-1.65,1.08,1.43,13.6,5.5,-0.99,-2.21,-0.247,0
MSTR,2025-01-06,14:31:00,2:30-4PM,short,340.59,-1.49,1.43,0.08,5.5,3.4,-2.21,-2.22,-0.443,0
MSTR,2025-01-06,14:35:00,2:30-4PM,short,337.42,-0.57,1.05,0.56,3.3,2.1,-2.31,-2.6,-0.97,0
MSTR,2025-01-07,14:32:00,2:30-4PM,long,369.75,0.41,0.69,0.09,4.4,2.9,0.13,0.26,-0.706,0
MSTR,2025-01-07,14:34:00,2:30-4PM,short,363.06,-2.05,1.04,0.63,2.3,2.3,-0.75,-1.43,-0.728,1
MSTR,2025-01-07,15:00:00,2:30-4PM,short,356.34,-1.03,1.05,0.53,3.3,2.0,-2.39,-2.74,-0.237,0
MSTR,2025-01-08,14:32:00,2:30-4PM,long,342.08,0.66,1.4,0.75,4.5,5.3,1.27,1.73,-0.129,0
MSTR,2025-01-10,14:33:00,2:30-4PM,long,333.65,0.1,1.46,0.27,3.2,3.5,0.71,0.9,-0.116,0
MSTR,2025-01-10,14:35:00,2:30-4PM,short,327.6,-1.25,1.19,0.9,2.2,1.7,-0.23,-0.91,-0.05,0
MSTR,2025-01-13,14:30:00,2:30-4PM,short,305.49,-0.49,0.75,0.61,15.1,7.2,-1.26,-1.69,-0.312,0
MSTR,2025-01-14,14:33:00,2:30-4PM,long,345.25,1.29,0.52,0.21,2.5,3.4,1.05,1.1,0.404,0
MSTR,2025-01-16,14:30:00,2:30-4PM,short,354.76,-2.32,0.46,0.42,16.5,8.3,-0.68,-0.97,-0.121,1
MSTR,2025-01-16,14:31:00,2:30-4PM,short,354.1,-2.13,0.42,0.17,8.3,4.9,-0.97,-1.03,-0.251,1
MSTR,2025-01-17,14:32:00,2:30-4PM,long,386.9,1.17,0.8,0.39,5.5,4.7,0.96,1.2,0.242,0
MSTR,2025-01-17,14:35:00,2:30-4PM,long,390.5,0.46,0.67,0.38,3.3,2.7,1.6,1.76,0.609,0
MSTR,2025-01-21,14:35:00,2:30-4PM,short,377.67,-1.48,0.72,1.56,3.2,3.4,-1.86,-2.99,-0.052,0
MSTR,2025-01-21,14:40:00,2:30-4PM,short,375.27,-1.53,0.56,0.38,2.1,1.5,-2.67,-2.95,-1.136,0
MSTR,2025-01-23,14:30:00,2:30-4PM,long,378.97,2.96,1.04,0.95,16.7,8.2,1.23,1.85,0.259,1
MSTR,2025-01-23,14:31:00,2:30-4PM,long,381.59,2.26,0.95,0.79,8.2,6.9,1.85,2.16,0.547,1
MSTR,2025-01-23,15:07:00,2:30-4PM,short,379.22,-1.79,1.73,0.82,2.1,3.1,-0.27,-0.96,0.204,0
MSTR,2025-01-24,15:15:00,2:30-4PM,short,366.03,-0.01,0.46,0.32,2.2,2.4,-1.73,-2.02,-0.127,0
MSTR,2025-01-30,14:31:00,2:30-4PM,long,350.36,1.64,0.52,0.74,6.2,6.6,0.74,1.15,0.221,0
MSTR,2025-01-30,14:32:00,2:30-4PM,long,352.1,1.14,0.74,0.47,6.6,4.2,1.15,1.45,0.442,0
MSTR,2025-01-31,14:32:00,2:30-4PM,short,337.54,-1.15,0.46,0.43,2.1,4.9,-0.37,-0.76,-0.166,0
MSTR,2025-02-03,14:30:00,2:30-4PM,long,315.24,2.62,1.44,0.25,14.7,4.1,0.6,0.81,-0.049,1
MSTR,2025-02-04,14:30:00,2:30-4PM,long,345.07,1.72,0.55,0.58,16.1,5.6,0.41,0.87,0.073,0
MSTR,2025-02-04,14:31:00,2:30-4PM,long,347.86,0.95,0.58,0.85,5.6,4.6,0.87,1.5,0.192,0
MSTR,2025-02-05,14:31:00,2:30-4PM,short,346.88,-1.18,1.08,0.34,4.6,3.4,-0.09,-0.39,0.573,0
MSTR,2025-02-06,14:32:00,2:30-4PM,long,341.05,1.01,0.54,0.93,5.0,6.3,0.03,0.94,-0.347,0
MSTR,2025-02-06,14:41:00,2:30-4PM,short,330.33,-0.55,1.44,1.07,2.2,2.3,-1.49,-2.34,0.429,0
MSTR,2025-02-06,14:42:00,2:30-4PM,short,329.06,-0.02,1.07,0.41,2.3,2.0,-2.34,-2.53,0.257,0
MSTR,2025-02-06,15:27:00,2:30-4PM,long,337.78,0.01,0.83,0.13,2.8,2.0,0.41,0.55,-0.053,0
MSTR,2025-02-07,14:30:00,2:30-4PM,long,340.94,0.88,0.87,0.86,13.5,8.0,1.34,1.72,0.777,0
MSTR,2025-02-07,14:31:00,2:30-4PM,long,343.08,0.26,0.86,0.52,8.0,4.5,1.72,2.01,1.265,0
MSTR,2025-02-10,14:31:00,2:30-4PM,long,336.39,1.19,0.55,0.6,6.1,3.5,0.21,0.65,-0.07,0
MSTR,2025-02-10,14:32:00,2:30-4PM,long,339.54,0.25,0.6,0.96,3.5,5.1,0.65,1.39,-0.027,0
MSTR,2025-02-11,14:32:00,2:30-4PM,short,330.16,-0.34,0.47,0.12,4.3,4.6,-0.75,-0.77,-0.328,0
MSTR,2025-02-12,14:37:00,2:30-4PM,long,320.3,0.62,0.99,0.37,2.8,2.2,0.66,0.88,-0.393,0
MSTR,2025-02-14,14:32:00,2:30-4PM,long,328.31,0.81,0.91,0.25,5.5,6.6,0.66,0.67,-0.091,0
MSTR,2025-02-18,14:32:00,2:30-4PM,short,334.46,-1.35,0.72,0.05,3.9,2.2,-0.52,-0.5,0.218,0
MSTR,2025-02-24,14:30:00,2:30-4PM,short,300.92,-4.96,1.02,0.01,16.3,5.1,-0.69,-0.66,-0.189,1
MSTR,2025-02-24,14:32:00,2:30-4PM,short,296.82,-3.82,0.83,0.53,8.2,3.2,-1.17,-1.55,-0.566,1
MSTR,2025-02-24,15:03:00,2:30-4PM,short,281.33,-1.75,0.78,0.57,2.1,1.9,-3.99,-4.33,-1.197,0
MSTR,2025-02-26,14:31:00,2:30-4PM,short,244.21,-0.08,0.95,2.01,4.1,2.2,-0.31,-2.27,-0.839,0
MSTR,2025-02-27,14:35:00,2:30-4PM,long,271.1,0.13,0.5,0.7,2.5,2.4,0.26,0.99,-0.318,0
MSTR,2025-02-28,14:31:00,2:30-4PM,short,233.56,-0.7,1.58,0.48,5.6,4.4,-0.18,-0.57,0.441,0
MSTR,2025-02-28,14:35:00,2:30-4PM,long,240.84,2.1,1.71,1.2,2.0,2.3,1.21,2.47,0.327,1
MSTR,2025-02-28,14:36:00,2:30-4PM,long,241.15,1.97,1.2,0.13,2.3,3.3,2.47,2.38,0.445,0
MSTR,2025-03-04,14:30:00,2:30-4PM,short,239.7,-1.04,0.47,0.81,17.1,4.6,-0.35,-1.0,-0.154,0
MSTR,2025-03-04,14:31:00,2:30-4PM,short,238.22,-0.1,0.81,0.57,4.6,5.6,-1.0,-1.44,-0.203,0
MSTR,2025-03-04,14:34:00,2:30-4PM,long,246.0,3.42,0.81,1.08,2.7,2.9,0.62,1.68,-0.378,1
MSTR,2025-03-04,14:35:00,2:30-4PM,long,249.58,1.93,1.08,1.4,2.9,2.5,1.68,2.97,-0.27,0
MSTR,2025-03-04,14:36:00,2:30-4PM,long,251.93,0.98,1.4,1.1,2.5,2.3,2.97,3.69,-0.074,0
MSTR,2025-03-05,14:32:00,2:30-4PM,short,273.98,-0.81,0.41,0.15,2.9,3.3,-2.24,-2.26,-0.713,0
MSTR,2025-03-07,14:30:00,2:30-4PM,short,293.33,-1.37,0.86,0.79,13.9,6.7,-0.08,-0.79,0.044,0
MSTR,2025-03-25,14:41:00,2:30-4PM,long,341.94,0.42,0.59,0.06,3.4,1.6,1.97,1.99,0.208,0
MSTR,2025-04-04,10:10:00,9:30-11AM,short,287.66,-4.93,0.45,0.57,2.2,1.9,-1.32,-1.39,-0.178,1
MSTR,2025-04-04,10:22:00,9:30-11AM,short,276.04,-0.93,0.94,0.76,2.6,2.2,-4.1,-4.6,-0.569,0
MSTR,2025-04-04,14:44:00,2:30-4PM,short,269.47,-1.55,0.67,0.66,2.1,2.0,-3.02,-3.66,-0.207,0
MSTR,2025-05-19,14:47:00,2:30-4PM,long,406.38,0.88,0.42,0.09,3.1,2.2,1.49,1.55,0.075,0
MSTR,2025-06-05,14:37:00,2:30-4PM,long,380.98,0.83,0.47,0.16,4.4,1.8,0.39,0.64,0.01,0
MSTR,2025-06-20,14:37:00,2:30-4PM,long,374.07,0.03,0.47,0.05,3.1,1.8,0.74,0.79,0.023,0
