date,side,setup,entry_time,bar_idx,ep,mfe_15m,mae_15m,mfe_30m,mae_30m,mfe_60m,mae_60m,hit_+0.25%,hit_+0.50%,hit_+0.75%,tp,sl,et,pnl,mfe,mae,month
2025-12-16,long,C2,2025-12-16 09:30:00-05:00,1,609.64,0.23143166458893275,0.3370841808280215,0.4674890099074901,0.3370841808280215,0.4674890099074901,0.4379633882291121,True,False,False,0.01,0.005,time,-0.041,0.4675,0.438,2025-12
2025-12-16,long,C2,2025-12-16 09:42:00-05:00,13,608.92,0.5173093345595631,0.21924062274189102,0.5862839125008293,0.21924062274189102,0.5862839125008293,0.3202391118701852,True,True,False,0.01,0.005,time,-0.133,0.5863,0.3202,2025-12
2025-12-16,short,C1,2025-12-16 09:32:00-05:00,3,609.24,0.271649924496089,0.29723918324468956,0.271649924496089,0.5334515133609087,0.37259536471669324,0.5334515133609087,True,False,False,0.01,0.005,sl,-0.5,0.2716,0.5335,2025-12
2025-12-16,short,C1,2025-12-16 09:43:00-05:00,14,608.4465,0.14159009871861833,0.625116587900495,0.14159009871861833,0.6645613048969785,0.24266718602210502,0.6645613048969785,False,False,False,0.01,0.005,sl,-0.5,0.1416,0.5281,2025-12
2025-12-18,long,C1,2025-12-18 09:30:00-05:00,1,610.42,0.08682546443433807,0.5291438681563357,0.08682546443433807,0.5733757085285541,0.15235411683759767,0.5733757085285541,False,False,False,0.01,0.005,sl,-0.5,0.0868,0.5291,2025-12
2025-12-18,long,C1,2025-12-18 09:40:00-05:00,11,608.35,0.17752938275662483,0.23506205309444622,0.31067641982411215,0.23506205309444622,0.7347743897427512,0.23506205309444622,True,True,False,0.01,0.005,time,0.6838,0.7348,0.2351,2025-12
2025-12-18,short,C2,2025-12-18 09:32:00-05:00,3,610.35,0.5177357254034518,0.02129925452609084,0.5619726386499654,0.02129925452609084,0.5619726386499654,0.1785860571803116,True,True,False,0.01,0.005,time,-0.1532,0.562,0.1786,2025-12
2025-12-18,short,C2,2025-12-18 09:44:00-05:00,15,607.77,0.1398555374566074,0.39653158267107097,0.1398555374566074,0.4064037382562527,0.1398555374566074,0.8309064284186565,False,False,False,0.01,0.005,sl,-0.5,0.1399,0.5173,2025-12
2025-12-19,long,C1,2025-12-19 09:30:00-05:00,1,612.66,0.6643162602422307,0.00244834002546051,0.8095844350863508,0.00244834002546051,0.8095844350863508,0.00244834002546051,True,True,True,0.01,0.005,time,0.5076,0.8096,0.0024,2025-12
2025-12-19,long,C1,2025-12-19 09:41:00-05:00,12,614.03,0.477175382310321,0.009576079344660567,0.5846619871993277,0.009576079344660567,0.5846619871993277,0.009576079344660567,True,True,False,0.01,0.005,time,0.3005,0.5847,0.0096,2025-12
2025-12-23,short,C2,2025-12-23 09:32:00-05:00,3,619.55,0.06133483980308215,0.1840045194092648,0.2856912275038305,0.18803970623841132,0.2856912275038305,0.18803970623841132,True,False,False,0.01,0.005,time,0.0549,0.2857,0.188,2025-12
2025-12-23,short,C2,2025-12-23 09:42:00-05:00,13,619.71,0.12586532410322349,0.1621726291329808,0.31143599425538776,0.1621726291329808,0.31143599425538776,0.1621726291329808,True,False,False,0.01,0.005,time,-0.0177,0.3114,0.1622,2025-12
2025-12-24,long,C2,2025-12-24 09:30:00-05:00,1,622.21,0.07232284919881259,0.07875154690538709,0.07232284919881259,0.07875154690538709,0.13902058790440672,0.07875154690538709,False,False,False,0.01,0.005,time,0.0498,0.139,0.0788,2025-12
2025-12-24,long,C2,2025-12-24 09:40:00-05:00,11,621.99,0.09003360182638714,0.03215485779514871,0.1302271740703139,0.03215485779514871,0.17444010353864794,0.03215485779514871,False,False,False,0.01,0.005,time,0.111,0.1744,0.0322,2025-12
2025-12-24,short,C1,2025-12-24 09:31:00-05:00,2,622.18,0.057057443183629264,0.07714809219197309,0.06268282490597357,0.07714809219197309,0.06268282490597357,0.1438490468996264,False,False,False,0.01,0.005,time,-0.0273,0.0627,0.1438,2025-12
2025-12-24,short,C1,2025-12-24 09:43:00-05:00,14,622.1,0.04983121684617571,0.04341745700047528,0.04983121684617571,0.12538177141938156,0.04983121684617571,0.15672721427423608,False,False,False,0.01,0.005,time,-0.0932,0.0498,0.1567,2025-12
2025-12-30,long,C2,2025-12-30 09:30:00-05:00,1,620.43,0.05963605886240263,0.16923746433924128,0.21275566945506344,0.16923746433924128,0.21275566945506344,0.16923746433924128,False,False,False,0.01,0.005,time,-0.0951,0.2128,0.1692,2025-12
2025-12-30,long,C2,2025-12-30 09:40:00-05:00,11,620.1088,0.2614379928167516,0.1175277628699961,0.2646632332906784,0.1175277628699961,0.2646632332906784,0.1175277628699961,True,False,False,0.01,0.005,time,-0.0562,0.2647,0.1175,2025-12
2025-12-30,short,C1,2025-12-30 09:31:00-05:00,2,620.25,0.1402660217654179,0.08867392180571616,0.1402660217654179,0.24183796856106407,0.1402660217654179,0.24183796856106407,False,False,False,0.01,0.005,time,0.0532,0.1403,0.2418,2025-12
2025-12-30,short,C1,2025-12-30 09:41:00-05:00,12,619.84,0.0742127000516321,0.3081440371708777,0.0742127000516321,0.3081440371708777,0.0742127000516321,0.3081440371708777,False,False,False,0.01,0.005,time,0.0055,0.0742,0.3081,2025-12
2026-01-06,long,C1,2026-01-06 09:30:00-05:00,1,620.02,0.11425437889100083,0.2387019773555721,0.3919228411986813,0.2387019773555721,0.41450275797555725,0.2387019773555721,True,False,False,0.01,0.005,time,0.329,0.4145,0.2387,2026-01
2026-01-06,long,C1,2026-01-06 09:42:00-05:00,13,619.07,0.5039817791202941,0.022614567011824193,0.5459802607136504,0.022614567011824193,0.5685948277254562,0.022614567011824193,True,True,False,0.01,0.005,time,0.4101,0.5686,0.0226,2026-01
2026-01-06,short,C2,2026-01-06 09:31:00-05:00,2,619.92,0.22260936895083164,0.20486514388954954,0.22260936895083164,0.4081171764098733,0.22260936895083164,0.4307007355787961,False,False,False,0.01,0.005,time,-0.3613,0.2226,0.4307,2026-01
2026-01-06,short,C2,2026-01-06 09:41:00-05:00,12,618.799,0.04185527125932889,0.5431489061876296,0.04185527125932889,0.590013881728973,0.04185527125932889,0.612638352679958,False,False,False,0.01,0.005,sl,-0.5,0.0419,0.5124,2026-01
2026-01-07,short,C2,2026-01-07 09:30:00-05:00,1,622.7,0.022482736470226437,0.35490605427973704,0.022482736470226437,0.39344788822867055,0.022482736470226437,0.39344788822867055,False,False,False,0.01,0.005,time,-0.3212,0.0225,0.3934,2026-01
2026-01-07,short,C2,2026-01-07 09:40:00-05:00,11,623.94,0.0032054364201839114,0.19392890342018826,0.06571144661346953,0.19392890342018826,0.06731416482355237,0.280475686764753,False,False,False,0.01,0.005,time,-0.1138,0.0673,0.2805,2026-01
2026-01-08,short,C1,2026-01-08 09:30:00-05:00,1,622.33,0.6205710796522873,0.024102967878774483,0.7038066620603209,0.024102967878774483,0.7279096299391137,0.024102967878774483,True,True,False,0.01,0.005,time,0.2386,0.7279,0.0241,2026-01
2026-01-08,short,C1,2026-01-08 09:41:00-05:00,12,620.41,0.3130188101416817,0.01934204800051652,0.4206895440112206,0.01934204800051652,0.4206895440112206,0.13539433600361564,True,False,False,0.01,0.005,time,-0.0161,0.4207,0.1354,2026-01
2026-01-09,long,C2,2026-01-09 09:32:00-05:00,3,620.37,0.46585102438866904,0.03223882521721642,0.46585102438866904,0.03223882521721642,0.7753437464738696,0.21116430517272902,True,True,True,0.01,0.005,time,0.748,0.7753,0.2112,2026-01
2026-01-09,long,C2,2026-01-09 09:42:00-05:00,13,622.6099,0.048200325757738416,0.34530449965540255,0.048200325757738416,0.570164399891504,0.4384928668818136,0.570164399891504,True,False,False,0.01,0.005,sl,-0.5,0.0482,0.5702,2026-01
2026-01-14,long,C2,2026-01-14 09:32:00-05:00,3,621.06,0.38482594274306836,0.2946575210124509,0.38482594274306836,0.61346729784561,0.38482594274306836,0.61346729784561,True,False,False,0.01,0.005,sl,-0.5,0.3848,0.6135,2026-01
2026-01-14,long,C2,2026-01-14 09:46:00-05:00,17,620.14,0.0822394943077355,0.4660238010771739,0.14190344115844736,0.4660238010771739,0.15157867578289655,0.5514883735930531,False,False,False,0.01,0.005,sl,-0.5,0.1516,0.5515,2026-01
2026-01-14,short,C1,2026-01-14 09:30:00-05:00,1,622.04,0.45173943797825633,0.22667352581828853,0.7700469423188161,0.22667352581828853,0.7700469423188161,0.22667352581828853,True,True,True,0.01,0.005,time,0.5755,0.77,0.2267,2026-01
2026-01-14,short,C1,2026-01-14 09:41:00-05:00,12,620.38,0.23372771527129266,0.04352171249878813,0.504529481930429,0.04352171249878813,0.504529481930429,0.1128340694413175,True,True,False,0.01,0.005,time,0.2498,0.5045,0.1128,2026-01
2026-01-15,long,C1,2026-01-15 09:31:00-05:00,2,626.25,0.16287425149700308,0.21556886227545274,0.16287425149700308,0.2538922155688674,0.16287425149700308,0.26187624750498784,False,False,False,0.01,0.005,time,-0.0998,0.1629,0.2619,2026-01
2026-01-15,long,C1,2026-01-15 09:41:00-05:00,12,625.61,0.2653410271574892,0.15185179265038048,0.2653410271574892,0.15984399226355078,0.2653410271574892,0.15984399226355078,True,False,False,0.01,0.005,time,0.0253,0.2653,0.1598,2026-01
2026-01-16,long,C1,2026-01-16 09:30:00-05:00,1,625.86,0.035151631355259526,0.2604416323139353,0.035151631355259526,0.6535007829227034,0.035151631355259526,0.8596171667785121,False,False,False,0.01,0.005,sl,-0.5,0.0352,0.5161,2026-01
2026-01-16,long,C1,2026-01-16 09:43:00-05:00,14,624.92,0.004800614478667094,0.44485694168853185,0.004800614478667094,0.512065544389671,0.004800614478667094,0.9665237150355188,False,False,False,0.01,0.005,sl,-0.5,0.0048,0.5041,2026-01
2026-01-21,long,C1,2026-01-21 09:30:00-05:00,1,609.89,0.04099099837675647,0.33227303284197834,0.5099280198068527,0.33227303284197834,0.7443965305218915,0.33227303284197834,True,True,False,0.01,0.005,time,0.7411,0.7444,0.3323,2026-01
2026-01-21,long,C1,2026-01-21 09:41:00-05:00,12,608.01,0.7401194059308235,0.0,0.8239996052696488,0.0,1.2878077663196397,0.0,True,True,True,0.01,0.005,tp,1.0,1.0197,0.0,2026-01
2026-01-22,long,C1,2026-01-22 09:32:00-05:00,3,621.42,0.027356699172873866,0.4634546683402523,0.027356699172873866,0.5777091178268994,0.027356699172873866,0.5857552058189287,False,False,False,0.01,0.005,sl,-0.5,0.0274,0.5182,2026-01
2026-01-22,long,C1,2026-01-22 09:44:00-05:00,15,620.36,0.04029918112063963,0.4078277129408686,0.04029918112063963,0.4158875491650076,0.04029918112063963,0.4158875491650076,False,False,False,0.01,0.005,time,0.0282,0.0403,0.4159,2026-01
2026-01-27,long,C2,2026-01-27 09:31:00-05:00,2,629.25,0.05880015891934915,0.3035359555025774,0.24473579658322825,0.3035359555025774,0.28923321414382996,0.3035359555025774,True,False,False,0.01,0.005,time,0.2384,0.2892,0.3035,2026-01
2026-01-27,long,C2,2026-01-27 09:41:00-05:00,12,628.51,0.34207888498193784,0.08432642280949751,0.4057214682343884,0.08432642280949751,0.4693640514868571,0.08432642280949751,True,False,False,0.01,0.005,time,0.4519,0.4694,0.0843,2026-01
2026-01-29,long,C2,2026-01-29 09:30:00-05:00,1,632.84,0.1311547942607811,0.8722583907464733,0.1311547942607811,1.3510682004930223,0.1311547942607811,1.6418051956260644,False,False,False,0.01,0.005,sl,-0.5,0.1312,0.5199,2026-01
2026-01-29,long,C2,2026-01-29 09:45:00-05:00,16,628.3,0.21804870284895822,0.638246060798976,0.21804870284895822,0.8912939678497388,0.21804870284895822,1.3130670062072258,False,False,False,0.01,0.005,sl,-0.5,0.218,0.6,2026-01
2026-02-03,long,C2,2026-02-03 09:30:00-05:00,1,628.41,0.24983688992855782,0.8306678760681583,0.24983688992855782,1.3510287869384652,0.24983688992855782,1.8029630336881857,False,False,False,0.01,0.005,sl,-0.5,0.0239,0.5665,2026-02
2026-02-03,long,C2,2026-02-03 09:40:00-05:00,11,625.58,0.7033472937114321,0.5770644841587028,0.7033472937114321,1.061415006873619,0.7033472937114321,1.3587390901243646,True,True,False,0.01,0.005,sl,-0.5,0.7033,0.5771,2026-02
2026-02-04,short,C2,2026-02-04 09:30:00-05:00,1,613.19,0.30985502046675434,0.3114858363639277,0.706143283484734,0.3114858363639277,0.799099789624764,0.3114858363639277,True,True,True,0.01,0.005,time,0.3947,0.7991,0.3115,2026-02
2026-02-04,short,C2,2026-02-04 09:40:00-05:00,11,613.09,0.24409140582950017,0.3278474612210264,0.7829193103785851,0.3278474612210264,0.7829193103785851,0.3278474612210264,True,True,True,0.01,0.005,time,0.292,0.7829,0.3278,2026-02
2026-02-05,short,C1,2026-02-05 09:30:00-05:00,1,598.81,0.24381690352531232,0.9026235366810986,0.24381690352531232,1.0019872747616108,0.6496217498037753,1.0019872747616108,True,True,False,0.01,0.005,sl,-0.5,0.2438,0.5444,2026-02
2026-02-05,short,C1,2026-02-05 09:41:00-05:00,12,602.285,0.2781075404501116,0.41923674008151907,1.0368845314095494,0.41923674008151907,1.222843006217988,0.41923674008151907,True,True,True,0.01,0.005,tp,1.0,1.0369,0.4192,2026-02
2026-02-06,long,C2,2026-02-06 09:31:00-05:00,2,600.06,0.7799220077992308,0.21497850214977895,0.9249075092490865,0.21497850214977895,0.9249075092490865,0.21497850214977895,True,True,True,0.01,0.005,time,0.5499,0.9249,0.215,2026-02
2026-02-06,long,C2,2026-02-06 09:42:00-05:00,13,602.66,0.489496565227499,0.05143862210864259,0.489496565227499,0.41814621843161687,0.489496565227499,0.47954070288387923,True,False,False,0.01,0.005,time,0.2638,0.4895,0.4795,2026-02
2026-02-10,long,C1,2026-02-10 09:30:00-05:00,1,615.35,0.12838222149995346,0.44202486389859874,0.12838222149995346,0.47940196636061516,0.27139026570243907,0.47940196636061516,True,False,False,0.01,0.005,time,0.195,0.2714,0.4794,2026-02
2026-02-10,long,C1,2026-02-10 09:43:00-05:00,14,613.6,0.40254237288136036,0.19556714471969447,0.5573663624511015,0.19556714471969447,0.5573663624511015,0.19556714471969447,True,True,False,0.01,0.005,time,0.4213,0.5574,0.1956,2026-02
2026-02-11,long,C1,2026-02-11 09:30:00-05:00,1,617.39,0.021056382513483445,0.46971930222387426,0.021056382513483445,0.6624661883088536,0.021056382513483445,1.5711300798522703,False,False,False,0.01,0.005,sl,-0.5,0.0211,0.6252,2026-02
2026-02-11,long,C1,2026-02-11 09:40:00-05:00,11,614.99,0.2910616432787466,0.0861802630937044,0.2910616432787466,0.5979284216003464,0.2910616432787466,1.1870111709133409,True,False,False,0.01,0.005,sl,-0.5,0.2911,0.5431,2026-02
2026-02-11,short,C2,2026-02-11 09:31:00-05:00,2,617.115,0.4253664227899176,0.0338672694716457,0.668432950098442,0.0338672694716457,1.5272680132552205,0.0338672694716457,True,True,True,0.01,0.005,tp,1.0,1.0914,0.0339,2026-02
2026-02-11,short,C2,2026-02-11 09:42:00-05:00,13,615.14,0.27961114543031296,0.2666059758754083,0.8827258835386984,0.2666059758754083,1.2111064147998718,0.2666059758754083,True,True,True,0.01,0.005,tp,1.0,1.0339,0.2666,2026-02
2026-02-13,long,C1,2026-02-13 09:31:00-05:00,2,600.53,0.2897440594141857,0.6843954506852303,0.40464256573361257,0.6843954506852303,0.5928096847784556,0.6843954506852303,True,True,False,0.01,0.005,sl,-0.5,0.2115,0.5145,2026-02
2026-02-13,long,C1,2026-02-13 09:42:00-05:00,13,597.07,0.9864839968512882,0.0033496909910220737,0.9864839968512882,0.0033496909910220737,1.311404022978868,0.0033496909910220737,True,True,True,0.01,0.005,tp,1.0,1.0543,0.0033,2026-02
2026-02-18,long,C2,2026-02-18 09:31:00-05:00,2,601.91,0.31400043195826394,0.18109019620872194,0.7143925171537386,0.18109019620872194,1.0898639331461613,0.18109019620872194,True,True,True,0.01,0.005,tp,1.0,1.0085,0.1811,2026-02
2026-02-18,long,C2,2026-02-18 09:41:00-05:00,12,602.3,0.43665947202390765,0.09463722397475285,0.9247883114726965,0.09463722397475285,1.0526315789473737,0.09463722397475285,True,True,True,0.01,0.005,tp,1.0,1.0111,0.0946,2026-02
2026-02-20,long,C2,2026-02-20 09:30:00-05:00,1,600.38,0.9260801492388252,0.02498417668809375,1.412438788767117,0.02498417668809375,1.432426130117596,0.02498417668809375,True,True,True,0.01,0.005,tp,1.0,1.4124,0.025,2026-02
2026-02-20,long,C2,2026-02-20 09:40:00-05:00,11,603.9,0.3378042722305145,0.07948335817188577,0.841198873985766,0.07948335817188577,0.841198873985766,0.07948335817188577,True,True,True,0.01,0.005,time,0.5696,0.8412,0.0795,2026-02
2026-02-20,short,C1,2026-02-20 09:34:00-05:00,5,602.28,0.04316929003121321,0.6076907750548054,0.04316929003121321,1.1124393969582331,0.04316929003121321,1.1124393969582331,False,False,False,0.01,0.005,sl,-0.5,0.0432,0.5742,2026-02
2026-02-20,short,C1,2026-02-20 09:47:00-05:00,18,604.925,0.24879117245939505,0.6703310327726684,0.24879117245939505,0.6703310327726684,0.24879117245939505,0.7000867876183021,False,False,False,0.01,0.005,sl,-0.5,0.2488,0.6505,2026-02
2026-02-24,long,C2,2026-02-24 09:30:00-05:00,1,602.58,0.5028377974708707,0.47296624514587654,0.6040691692389368,0.47296624514587654,0.837233230442424,0.47296624514587654,True,True,True,0.01,0.005,time,0.7667,0.8372,0.473,2026-02
2026-02-24,long,C2,2026-02-24 09:40:00-05:00,11,603.25,0.4923331951927107,0.016576875259017444,0.4923331951927107,0.08454206382096824,0.7310401989224978,0.08454206382096824,True,True,False,0.01,0.005,time,0.6316,0.731,0.0845,2026-02
2026-02-25,long,C1,2026-02-25 09:30:00-05:00,1,612.31,0.39359148143915373,0.00816579837009922,0.5846711632996425,0.00816579837009922,0.5846711632996425,0.00816579837009922,True,True,False,0.01,0.005,time,0.4622,0.5847,0.0082,2026-02
2026-02-25,long,C1,2026-02-25 09:40:00-05:00,11,613.41,0.3570205898175861,0.04564646810452597,0.40429728892584377,0.04564646810452597,0.40429728892584377,0.04564646810452597,True,False,False,0.01,0.005,time,0.1744,0.4043,0.0456,2026-02
2026-02-26,long,C2,2026-02-26 09:31:00-05:00,2,615.11,0.019508705759946114,0.41455999739885036,0.019508705759946114,0.7494594462779037,0.019508705759946114,1.7167661068752025,False,False,False,0.01,0.005,sl,-0.5,0.0195,0.5284,2026-02
2026-02-26,long,C2,2026-02-26 09:41:00-05:00,12,613.9,0.08144648965629582,0.332301677797681,0.08144648965629582,0.7265026877341461,0.08144648965629582,1.6158983547809023,False,False,False,0.01,0.005,sl,-0.5,0.0814,0.5538,2026-02
2026-02-26,short,C1,2026-02-26 09:30:00-05:00,1,614.39,0.2978564104233534,0.1643906964631571,0.633148325981866,0.1643906964631571,1.6015885675222632,0.1643906964631571,True,True,True,0.01,0.005,tp,1.0,1.0498,0.1644,2026-02
2026-02-26,short,C1,2026-02-26 09:40:00-05:00,11,613.38,0.24780723205842736,0.1662916951971016,0.46952949232123575,0.1662916951971016,1.5324920929929207,0.1662916951971016,True,True,True,0.01,0.005,tp,1.0,1.0239,0.1663,2026-02
2026-02-27,long,C2,2026-02-27 09:30:00-05:00,1,603.29,0.3447595683667998,0.1823335377678909,0.4417444346831669,0.1823335377678909,0.6812644002055419,0.1823335377678909,True,True,False,0.01,0.005,time,0.5165,0.6813,0.1823,2026-02
2026-02-27,long,C2,2026-02-27 09:44:00-05:00,15,603.66,0.38018089653117204,0.10270682172083699,0.6079581221217363,0.10270682172083699,0.7023821356392687,0.10270682172083699,True,True,False,0.01,0.005,time,0.6345,0.7024,0.1027,2026-02
2026-02-27,short,C1,2026-02-27 09:31:00-05:00,2,603.2299,0.1723886697260843,0.3547569508739514,0.1723886697260843,0.5172323188886989,0.1723886697260843,0.6912953088034817,False,False,False,0.01,0.005,sl,-0.5,0.1724,0.5172,2026-02
2026-02-27,short,C1,2026-02-27 09:41:00-05:00,12,603.95,0.29141485222286456,0.331981124265253,0.29141485222286456,0.5596489775643672,0.29141485222286456,0.5712393410050387,True,False,False,0.01,0.005,sl,-0.5,0.2914,0.5034,2026-02
2026-03-04,long,C2,2026-03-04 09:30:00-05:00,1,606.06,0.1435501435501443,0.43395043395043326,0.18975018975020477,0.43395043395043326,0.8448008448008457,0.43395043395043326,True,True,True,0.01,0.005,time,0.8184,0.8448,0.434,2026-03
2026-03-04,long,C2,2026-03-04 09:43:00-05:00,14,604.245,0.3351289625896743,0.13487906395585475,0.5999222169815224,0.13487906395585475,1.1477132620046415,0.13487906395585475,True,True,True,0.01,0.005,tp,1.0,1.0269,0.1349,2026-03
2026-03-05,short,C1,2026-03-05 09:37:00-05:00,8,610.26,0.2720152066332331,0.15567135319372816,0.2720152066332331,0.4096614557729492,0.6865925998754532,0.4096614557729492,True,True,False,0.01,0.005,time,0.3048,0.6866,0.4097,2026-03
2026-03-05,short,C1,2026-03-05 09:49:00-05:00,20,609.87,0.03279387410432477,0.4738714808073829,0.03279387410432477,0.4738714808073829,0.6230836079820214,0.4738714808073829,True,True,False,0.01,0.005,time,0.0295,0.6231,0.4739,2026-03
2026-03-06,short,C1,2026-03-06 09:30:00-05:00,1,600.24,0.28322004531521483,0.2065840330534468,0.28322004531521483,0.37318405970945107,0.28322004531521483,0.736372117819532,True,False,False,0.01,0.005,sl,-0.5,0.2832,0.5664,2026-03
2026-03-06,short,C1,2026-03-06 09:40:00-05:00,11,600.02,0.14499516682777316,0.28332388920370083,0.1516616112796187,0.42331922269257083,0.1516616112796187,0.8866371120962718,False,False,False,0.01,0.005,sl,-0.5,0.1517,0.5133,2026-03
2026-03-11,long,C1,2026-03-11 09:30:00-04:00,1,610.14,0.11964467171469143,0.11964467171469143,0.375323696200866,0.2784606811551374,0.375323696200866,0.41957583505424095,True,False,False,0.01,0.005,time,-0.3159,0.3753,0.4196,2026-03
2026-03-11,long,C1,2026-03-11 09:40:00-04:00,11,610.59,0.045857285576241455,0.3519546667976876,0.30134787664388835,0.3519546667976876,0.30134787664388835,0.573216069703074,True,False,False,0.01,0.005,sl,-0.5,0.3013,0.5143,2026-03
2026-03-11,short,C2,2026-03-11 09:31:00-04:00,2,609.72,0.04756281571870322,0.1886111657810105,0.2097684182903622,0.44446631240568174,0.350980778062059,0.44446631240568174,True,False,False,0.01,0.005,time,0.2936,0.351,0.4445,2026-03
2026-03-11,short,C2,2026-03-11 09:42:00-04:00,13,610.4,0.32093709043249447,0.049148099606826375,0.32093709043249447,0.3325688073394451,0.5422673656618522,0.3325688073394451,True,True,False,0.01,0.005,time,0.2416,0.5423,0.3326,2026-03
2026-03-12,long,C2,2026-03-12 09:30:00-04:00,1,602.89,0.207334671333079,0.3051966362022976,0.207334671333079,0.6070759176632501,0.207334671333079,0.6783990446018398,False,False,False,0.01,0.005,sl,-0.5,0.2073,0.549,2026-03
2026-03-12,long,C2,2026-03-12 09:40:00-04:00,11,603.73,0.0016563695691767686,0.7453663061302238,0.0016563695691767686,0.7453663061302238,0.0016563695691767686,0.9789144153843552,False,False,False,0.01,0.005,sl,-0.5,0.0017,0.5615,2026-03
2026-03-12,short,C1,2026-03-12 09:31:00-04:00,2,602.01,0.2774040298333847,0.35381472068570213,0.4617863490639645,0.35381472068570213,0.5714190794172757,0.35381472068570213,True,True,False,0.01,0.005,time,0.5448,0.5714,0.3538,2026-03
2026-03-12,short,C1,2026-03-12 09:41:00-04:00,12,603.13,0.6466267637159447,0.0074610780428695424,0.6466267637159447,0.0074610780428695424,0.8804072090593976,0.0074610780428695424,True,True,True,0.01,0.005,time,0.7975,0.8804,0.0075,2026-03
2026-03-13,long,C2,2026-03-13 09:30:00-04:00,1,600.27,0.5547337031669193,0.22323287853799656,0.5547337031669193,0.22323287853799656,0.5547337031669193,0.22323287853799656,True,True,False,0.01,0.005,time,0.2382,0.5547,0.2232,2026-03
2026-03-13,long,C2,2026-03-13 09:40:00-04:00,11,600.69,0.48442624315370536,0.011653265411451834,0.48442624315370536,0.10321463650135752,0.48442624315370536,0.2896668830844544,True,False,False,0.01,0.005,time,-0.2747,0.4844,0.2897,2026-03
2026-03-17,long,C1,2026-03-17 09:30:00-04:00,1,603.15,0.4493078007129299,0.06872253999833797,0.45593965016994115,0.06872253999833797,0.45593965016994115,0.06872253999833797,True,False,False,0.01,0.005,time,0.2122,0.4559,0.0687,2026-03
2026-03-17,long,C1,2026-03-17 09:41:00-04:00,12,604.84,0.1752529594603441,0.05786654321804489,0.1752529594603441,0.15541300178560521,0.1752529594603441,0.2942927055089092,False,False,False,0.01,0.005,time,-0.0198,0.1753,0.2943,2026-03
2026-03-17,short,C2,2026-03-17 09:34:00-04:00,5,604.53,0.0463169735166117,0.22662233470630155,0.0463169735166117,0.22662233470630155,0.24316411096223967,0.22662233470630155,False,False,False,0.01,0.005,time,-0.1026,0.2432,0.2266,2026-03
2026-03-17,short,C2,2026-03-17 09:44:00-04:00,15,604.65,0.01984619201190847,0.20673116679070538,0.2034234681220571,0.20673116679070538,0.2629620441577825,0.20673116679070538,True,False,False,0.01,0.005,time,-0.0893,0.263,0.2067,2026-03
2026-03-18,short,C1,2026-03-18 09:30:00-04:00,1,601.37,0.07316627034937802,0.2976536907394722,0.07316627034937802,0.2976536907394722,0.44232336165754327,0.2976536907394722,True,False,False,0.01,0.005,time,0.3575,0.4423,0.2977,2026-03
2026-03-18,short,C1,2026-03-18 09:41:00-04:00,12,602.57,0.18255140481604173,0.09791393531040676,0.2373168262608599,0.09791393531040676,0.6405894750817354,0.09791393531040676,True,True,False,0.01,0.005,time,0.5302,0.6406,0.0979,2026-03
2026-03-19,long,C2,2026-03-19 09:33:00-04:00,4,587.84,0.41167664670657983,0.12928688078388523,0.6974686989657088,0.12928688078388523,0.7706178551986889,0.12928688078388523,True,True,True,0.01,0.005,time,0.6464,0.7706,0.1293,2026-03
2026-03-19,long,C2,2026-03-19 09:43:00-04:00,14,589.81,0.3306149437954673,0.1959105474644311,0.43403808005969025,0.1959105474644311,0.43403808005969025,0.1959105474644311,True,False,False,0.01,0.005,time,0.117,0.434,0.1959,2026-03
2026-03-19,short,C1,2026-03-19 09:30:00-04:00,1,588.15,0.1819263793249913,0.33324832100655216,0.1819263793249913,0.6443934370483853,0.1819263793249913,0.7175040380855271,False,False,False,0.01,0.005,sl,-0.5,0.1819,0.5169,2026-03
2026-03-19,short,C1,2026-03-19 09:42:00-04:00,13,589.6407,0.16725439746612697,0.35942227190218595,0.16725439746612697,0.46287510343162647,0.16725439746612697,0.46287510343162647,False,False,False,0.01,0.005,time,-0.1593,0.1673,0.4629,2026-03
2026-03-24,long,C2,2026-03-24 09:30:00-04:00,1,585.01,0.21709030614860975,0.5059742568503165,0.21709030614860975,0.5264867267226271,0.21709030614860975,0.5264867267226271,False,False,False,0.01,0.005,sl,-0.5,0.2171,0.506,2026-03
2026-03-24,long,C2,2026-03-24 09:42:00-04:00,13,583.41,0.13198265370836665,0.25368094479011644,0.34966832930530456,0.25368094479011644,0.34966832930530456,0.25368094479011644,True,False,False,0.01,0.005,time,0.1354,0.3497,0.2537,2026-03
2026-03-24,short,C1,2026-03-24 09:32:00-04:00,3,585.64,0.6130045761901565,0.09391435011270888,0.6334949798511093,0.09391435011270888,0.6334949798511093,0.09391435011270888,True,True,False,0.01,0.005,time,0.251,0.6335,0.0939,2026-03
2026-03-24,short,C1,2026-03-24 09:43:00-04:00,14,582.84,0.15613204309932088,0.22990872280555866,0.15613204309932088,0.44780728844966255,0.15613204309932088,0.44780728844966255,False,False,False,0.01,0.005,time,-0.3191,0.1561,0.4478,2026-03
2026-03-26,short,C2,2026-03-26 09:30:00-04:00,1,581.44,0.17026692350027672,0.34569345074298136,0.17026692350027672,0.5108007705008106,0.17026692350027672,0.5486378646119876,False,False,False,0.01,0.005,sl,-0.5,0.1703,0.5108,2026-03
2026-03-26,short,C2,2026-03-26 09:46:00-04:00,17,582.56,0.06351277121667998,0.3175638560834975,0.06351277121667998,0.35532820653667435,0.2162867344136211,0.35532820653667435,False,False,False,0.01,0.005,time,0.1553,0.2163,0.3553,2026-03
2026-03-27,short,C2,2026-03-27 09:30:00-04:00,1,570.56,0.4662086371284297,0.015773976444200758,0.7729248457655581,0.015773976444200758,0.7729248457655581,0.015773976444200758,True,True,True,0.01,0.005,time,0.5889,0.7729,0.0158,2026-03
2026-03-27,short,C2,2026-03-27 09:41:00-04:00,12,569.37,0.47772098986599704,0.21866273249380974,0.5655373482972457,0.21866273249380974,0.6217398176932335,0.21866273249380974,True,True,False,0.01,0.005,time,0.5322,0.6217,0.2187,2026-03
2026-03-31,long,C1,2026-03-31 09:30:00-04:00,1,565.1,0.286674924792073,0.14156786409486255,0.6989913289683121,0.14156786409486255,0.6989913289683121,0.14156786409486255,True,True,False,0.01,0.005,time,0.5919,0.699,0.1416,2026-03
2026-03-31,long,C1,2026-03-31 09:40:00-04:00,11,565.9897,0.48416075416214244,0.19606363861391388,0.5406988855097512,0.19606363861391388,0.5689679511835756,0.19606363861391388,True,True,False,0.01,0.005,time,0.2633,0.569,0.1961,2026-03
2026-04-02,short,C2,2026-04-02 09:32:00-04:00,3,574.25,0.4057466260339645,0.06967348715715319,0.4057466260339645,0.6042664344797609,0.4057466260339645,1.349586417065738,True,False,False,0.01,0.005,sl,-0.5,0.4057,0.5538,2026-04
2026-04-02,short,C2,2026-04-02 09:42:00-04:00,13,572.58,0.0646197911208922,0.7806769359739972,0.0646197911208922,1.0810716406440917,0.0646197911208922,2.3525096929686526,False,False,False,0.01,0.005,sl,-0.5,0.0646,0.5868,2026-04
2026-04-07,short,C2,2026-04-07 09:31:00-04:00,2,584.91,0.23918209639089794,0.20686943290421372,0.5419637209143218,0.20686943290421372,0.8924449915371448,0.20686943290421372,True,True,True,0.01,0.005,time,0.5165,0.8924,0.2069,2026-04
2026-04-07,short,C2,2026-04-07 09:43:00-04:00,14,584.78,0.3642224426280004,0.0017271452512191748,0.8704128048154722,0.0017271452512191748,0.8704128048154722,0.0017271452512191748,True,True,True,0.01,0.005,time,0.5472,0.8704,0.0017,2026-04
2026-04-09,long,C1,2026-04-09 09:31:00-04:00,2,606.15,0.08578734636640796,0.27715911902993484,0.08578734636640796,0.33490060216117673,0.08578734636640796,0.5048255382331016,False,False,False,0.01,0.005,sl,-0.5,0.0858,0.5048,2026-04
2026-04-09,long,C1,2026-04-09 09:41:00-04:00,12,605.81,0.1419586999224202,0.27896535217311386,0.1419586999224202,0.2954721777454918,0.1419586999224202,0.4588897509119977,False,False,False,0.01,0.005,time,-0.3532,0.142,0.4589,2026-04
2026-04-09,short,C2,2026-04-09 09:30:00-04:00,1,605.8,0.21954440409374834,0.1436117530538139,0.2773192472763206,0.1436117530538139,0.44734235721358917,0.1436117530538139,True,False,False,0.01,0.005,time,0.4135,0.4473,0.1436,2026-04
2026-04-09,short,C2,2026-04-09 09:40:00-04:00,11,605.2735,0.19057500452275014,0.23072214461725918,0.20709646135177417,0.23072214461725918,0.37065888395907637,0.23072214461725918,True,False,False,0.01,0.005,time,0.2914,0.3707,0.2307,2026-04
2026-04-10,long,C1,2026-04-10 09:30:00-04:00,1,612.13,0.16009671148285792,0.1453939522650395,0.16009671148285792,0.17153219087448002,0.16009671148285792,0.24014506722428688,False,False,False,0.01,0.005,time,0.0907,0.1601,0.2401,2026-04
2026-04-10,long,C1,2026-04-10 09:40:00-04:00,11,611.772,0.1582288826556235,0.05181668987792956,0.1582288826556235,0.18176706354656308,0.23505488973015895,0.18176706354656308,False,False,False,0.01,0.005,time,0.1435,0.2351,0.1818,2026-04
2026-04-10,short,C2,2026-04-10 09:34:00-04:00,5,612.32,0.1763783642539915,0.08150966814737368,0.20577475829633274,0.08150966814737368,0.27110007839039746,0.14534883720930009,True,False,False,0.01,0.005,time,-0.067,0.2711,0.1453,2026-04
2026-04-10,short,C2,2026-04-10 09:48:00-04:00,19,612.4,0.21554539516654742,0.022860875244935724,0.2841280209013731,0.022860875244935724,0.2841280209013731,0.13226649248857922,True,False,False,0.01,0.005,time,0.089,0.2841,0.1323,2026-04
2026-04-14,long,C2,2026-04-14 09:30:00-04:00,1,621.0,0.2833977455716612,0.028985507246368756,0.2833977455716612,0.028985507246368756,0.4669887278582894,0.028985507246368756,True,False,False,0.01,0.005,time,0.4364,0.467,0.029,2026-04
2026-04-14,long,C2,2026-04-14 09:40:00-04:00,11,621.52,0.19949478697387601,0.017698545501353722,0.20433775260651016,0.017698545501353722,0.4006307118033224,0.017698545501353722,True,False,False,0.01,0.005,time,0.3186,0.4006,0.0177,2026-04
2026-04-15,long,C1,2026-04-15 09:32:00-04:00,3,629.11,0.14146969528381145,0.14464878955984933,0.2358411088680833,0.14464878955984933,0.49434915992433975,0.14464878955984933,True,False,False,0.01,0.005,time,0.4415,0.4943,0.1446,2026-04
2026-04-15,long,C1,2026-04-15 09:45:00-04:00,16,628.845,0.24727874118422663,0.009541301910655107,0.3601841471268733,0.009541301910655107,0.5366982324738211,0.009541301910655107,True,True,False,0.01,0.005,time,0.5208,0.5367,0.0095,2026-04
2026-04-15,short,C2,2026-04-15 09:30:00-04:00,1,629.01,0.12877378738016015,0.15739018457576337,0.12877378738016015,0.22098217834374437,0.12877378738016015,0.48011955294828096,False,False,False,0.01,0.005,time,-0.4801,0.1288,0.4801,2026-04
2026-04-15,short,C2,2026-04-15 09:41:00-04:00,12,629.74,0.24454536792961598,0.06034236351510075,0.24454536792961598,0.13556388350747983,0.24454536792961598,0.3938133197827704,False,False,False,0.01,0.005,time,-0.3319,0.2445,0.3938,2026-04
2026-04-16,long,C1,2026-04-16 09:32:00-04:00,3,638.09,0.06895578993557976,0.17527308059992558,0.06895578993557976,0.4442946919713577,0.06895578993557976,0.4442946919713577,False,False,False,0.01,0.005,time,-0.0776,0.069,0.4443,2026-04
2026-04-16,long,C1,2026-04-16 09:42:00-04:00,13,637.53,0.10292848963970519,0.35684595234733696,0.10292848963970519,0.35684595234733696,0.10292848963970519,0.35684595234733696,False,False,False,0.01,0.005,time,0.0376,0.1029,0.3568,2026-04
2026-04-16,short,C2,2026-04-16 09:30:00-04:00,1,638.17,0.18778695331964718,0.05641130106398196,0.45677484055971984,0.05641130106398196,0.45677484055971984,0.05641130106398196,True,False,False,0.01,0.005,time,0.1175,0.4568,0.0564,2026-04
2026-04-16,short,C2,2026-04-16 09:41:00-04:00,12,637.2,0.3052416823603343,0.1547708725674733,0.3052416823603343,0.1547708725674733,0.3052416823603343,0.1547708725674733,True,False,False,0.01,0.005,time,-0.0502,0.3052,0.1548,2026-04
2026-04-21,long,C2,2026-04-21 09:32:00-04:00,3,646.98,0.14992735478686006,0.08191907014126754,0.3771368512164118,0.08191907014126754,0.4976969921790515,0.08191907014126754,True,False,False,0.01,0.005,time,0.3138,0.4977,0.0819,2026-04
2026-04-21,long,C2,2026-04-21 09:42:00-04:00,13,647.19,0.26421916284242997,0.0556250869142004,0.43727498879771426,0.0556250869142004,0.46508753225482324,0.0556250869142004,True,False,False,0.01,0.005,time,0.2781,0.4651,0.0556,2026-04
2026-04-22,long,C1,2026-04-22 09:36:00-04:00,7,649.01,0.17102972219226417,0.07549960709388286,0.26964145390671945,0.07549960709388286,0.6009152401349713,0.07549960709388286,True,True,False,0.01,0.005,time,0.5593,0.6009,0.0755,2026-04
2026-04-22,long,C1,2026-04-22 09:46:00-04:00,17,649.82,0.11849435228216763,0.20005539995692165,0.2831553353236155,0.20005539995692165,0.5170662645040011,0.20005539995692165,True,True,False,0.01,0.005,time,0.4186,0.5171,0.2001,2026-04
2026-04-22,short,C2,2026-04-22 09:30:00-04:00,1,649.83,0.19751319575889134,0.036932736254098625,0.20159118538695645,0.11695366480463981,0.20159118538695645,0.4739701152609032,False,False,False,0.01,0.005,time,-0.4524,0.2016,0.474,2026-04
2026-04-22,short,C2,2026-04-22 09:41:00-04:00,12,649.19,0.10320553304888748,0.1432554413961937,0.10320553304888748,0.26493014371754625,0.10320553304888748,0.6146120550223965,False,False,False,0.01,0.005,sl,-0.5,0.1032,0.5052,2026-04
2026-04-23,short,C2,2026-04-23 09:30:00-04:00,1,653.02,0.07197329331414463,0.30473798658540463,0.07197329331414463,0.39815013322716347,0.09494349330801577,0.39815013322716347,False,False,False,0.01,0.005,time,-0.157,0.0949,0.3982,2026-04
2026-04-23,short,C2,2026-04-23 09:42:00-04:00,13,654.49,0.14363855826674654,0.17265351647847874,0.3193326101239181,0.17265351647847874,0.3193326101239181,0.17265351647847874,True,False,False,0.01,0.005,time,0.0963,0.3193,0.1727,2026-04
2026-04-24,long,C2,2026-04-24 09:31:00-04:00,2,658.5,0.18147304479879273,0.058466211085799684,0.18147304479879273,0.2991495823842145,0.20501138952164355,0.2991495823842145,False,False,False,0.01,0.005,time,-0.1002,0.205,0.2991,2026-04
2026-04-24,long,C2,2026-04-24 09:44:00-04:00,15,658.62,0.13663417448604695,0.31731499195287977,0.18675412225562818,0.31731499195287977,0.18675412225562818,0.31731499195287977,False,False,False,0.01,0.005,time,0.1306,0.1868,0.3173,2026-04
2026-04-28,short,C2,2026-04-28 09:30:00-04:00,1,655.79,0.0785312371338365,0.5474313423504524,0.0785312371338365,0.5870781805151074,0.0785312371338365,0.5870781805151074,False,False,False,0.01,0.005,sl,-0.5,0.0785,0.5291,2026-04
2026-04-28,short,C2,2026-04-28 09:43:00-04:00,14,658.92,0.2913859042068778,0.10926971407758564,0.2913859042068778,0.10926971407758564,0.6616888241364679,0.10926971407758564,True,True,False,0.01,0.005,time,0.4416,0.6617,0.1093,2026-04
2026-04-29,long,C2,2026-04-29 09:31:00-04:00,2,657.64,0.1201265129858226,0.1596770269448396,0.24785596983151809,0.1596770269448396,0.4257648561523126,0.1596770269448396,True,False,False,0.01,0.005,time,0.3938,0.4258,0.1597,2026-04
2026-04-29,long,C2,2026-04-29 09:42:00-04:00,13,658.3,0.14734923287255466,0.14426553243202297,0.14734923287255466,0.14426553243202297,0.4450858271304974,0.14426553243202297,True,False,False,0.01,0.005,time,0.3486,0.4451,0.1443,2026-04
2026-04-30,long,C2,2026-04-30 09:32:00-04:00,3,663.29,0.06633599179846743,0.4658595787664398,0.06633599179846743,0.7070813671244767,0.06633599179846743,0.8638755295572101,False,False,False,0.01,0.005,sl,-0.5,0.0663,0.5262,2026-04
2026-04-30,long,C2,2026-04-30 09:42:00-04:00,13,661.01,0.21936128046475023,0.3645935764965686,0.21936128046475023,0.37669626783256066,0.21936128046475023,0.5219285638643962,False,False,False,0.01,0.005,sl,-0.5,0.2194,0.5083,2026-04
2026-05-01,long,C1,2026-05-01 09:30:00-04:00,1,669.94,0.4672060184494127,0.025375406752854397,0.8060423321491441,0.025375406752854397,0.8687345135385163,0.025375406752854397,True,True,True,0.01,0.005,time,0.6433,0.8687,0.0254,2026-05
2026-05-01,long,C1,2026-05-01 09:40:00-04:00,11,672.99,0.22585773934233525,0.13967518090908548,0.38484970058990947,0.13967518090908548,0.41159601182781047,0.1456188056286153,True,False,False,0.01,0.005,time,-0.0134,0.4116,0.1456,2026-05
2026-05-01,short,C2,2026-05-01 09:41:00-04:00,12,672.8,0.11147443519619503,0.25416171224733003,0.11147443519619503,0.41319857312724234,0.11741973840665335,0.43995243757432173,False,False,False,0.01,0.005,time,-0.0537,0.1174,0.44,2026-05
2026-05-01,short,C2,2026-05-01 09:51:00-04:00,22,673.04,0.05943183168904928,0.37739213122549586,0.05943183168904928,0.4041364554855621,0.15303696659930655,0.4041364554855621,False,False,False,0.01,0.005,time,-0.1203,0.153,0.4041,2026-05
2026-05-06,long,C2,2026-05-06 09:31:00-04:00,2,687.68,0.3984411354118208,0.1352373196835665,0.41298278268962774,0.1352373196835665,0.41298278268962774,0.1352373196835665,True,False,False,0.01,0.005,time,0.2512,0.413,0.1352,2026-05
2026-05-06,long,C2,2026-05-06 09:41:00-04:00,12,689.2,0.19152640742889385,0.10737086477075,0.19152640742889385,0.22925130586187473,0.2510156703424121,0.22925130586187473,True,False,False,0.01,0.005,time,0.2336,0.251,0.2293,2026-05
2026-05-07,long,C1,2026-05-07 09:31:00-04:00,2,696.325,0.14576526765518777,0.11273471439343435,0.21900692923562662,0.11273471439343435,0.5521846838760512,0.11273471439343435,True,True,False,0.01,0.005,time,0.4517,0.5522,0.1127,2026-05
2026-05-07,long,C1,2026-05-07 09:43:00-04:00,14,696.62,0.17656685136803685,0.15503430851827985,0.3285866038873399,0.15503430851827985,0.5584106112371143,0.15503430851827985,True,True,False,0.01,0.005,time,0.5067,0.5584,0.155,2026-05
2026-05-08,long,C2,2026-05-08 09:30:00-04:00,1,700.17,0.574146278760886,0.03999028807289269,0.8098033334761662,0.03999028807289269,0.9440564434351678,0.03999028807289269,True,True,True,0.01,0.005,time,0.7462,0.9441,0.04,2026-05
2026-05-08,long,C2,2026-05-08 09:41:00-04:00,12,701.82,0.43099370208884236,0.0042746003248819355,0.5727964435325271,0.0042746003248819355,0.7067339203784335,0.0042746003248819355,True,True,False,0.01,0.005,time,0.5329,0.7067,0.0043,2026-05
2026-05-14,long,C2,2026-05-14 09:31:00-04:00,2,715.16,0.6068572067789071,0.0,0.6334246881816777,0.0,0.6334246881816777,0.0,True,True,False,0.01,0.005,time,0.4069,0.6334,0.0,2026-05
2026-05-14,long,C2,2026-05-14 09:41:00-04:00,12,717.85,0.25632095841750113,0.07940377516194888,0.25632095841750113,0.2758236400362218,0.25771400710455145,0.2758236400362218,True,False,False,0.01,0.005,time,0.2159,0.2577,0.2758,2026-05
2026-05-19,long,C2,2026-05-19 09:30:00-04:00,1,701.27,0.5504299342621264,0.13261653856573788,0.5504299342621264,0.13974645999401347,0.5504299342621264,0.858442539963207,True,True,False,0.01,0.005,sl,-0.5,0.5504,0.5119,2026-05
2026-05-19,long,C2,2026-05-19 09:43:00-04:00,14,702.08,0.28415565177757585,0.2549567000911687,0.28415565177757585,0.7406563354603528,0.28415565177757585,0.9728236098450378,True,False,False,0.01,0.005,sl,-0.5,0.2842,0.6025,2026-05
2026-05-19,short,C1,2026-05-19 09:34:00-04:00,5,702.43,0.30465669176999655,0.3843799382144905,0.42139430263512706,0.3843799382144905,1.0221659097703615,0.3843799382144905,True,True,True,0.01,0.005,tp,1.0,1.0193,0.3844,2026-05
2026-05-19,short,C1,2026-05-19 09:44:00-04:00,15,701.282,0.14145522058174534,0.3982705958515984,0.6761901774179396,0.3982705958515984,0.8601390025695852,0.3982705958515984,True,True,True,0.01,0.005,time,0.6584,0.8601,0.3983,2026-05
2026-05-20,long,C2,2026-05-20 09:30:00-04:00,1,705.96,0.31729843050597895,0.26205450733752944,0.32154796305739447,0.26205450733752944,0.556688764235927,0.30738285455267617,True,True,False,0.01,0.005,time,0.5298,0.5567,0.3074,2026-05
2026-05-20,long,C2,2026-05-20 09:40:00-04:00,11,706.38,0.2618986947535353,0.24349500268977423,0.2618986947535353,0.24491067131006233,0.496899685721565,0.36665817265494943,True,False,False,0.01,0.005,time,0.3228,0.4969,0.3667,2026-05
2026-05-21,long,C2,2026-05-21 09:32:00-04:00,3,708.84,0.19750578409795963,0.07618080243779658,0.4302804582134127,0.07618080243779658,0.4302804582134127,0.29202640934485213,True,False,False,0.01,0.005,time,-0.0875,0.4303,0.292,2026-05
2026-05-21,long,C2,2026-05-21 09:44:00-04:00,15,708.95,0.33852881021228254,0.09027434938995699,0.4146977925100417,0.09027434938995699,0.4146977925100417,0.30749700260950186,True,False,False,0.01,0.005,time,0.0691,0.4147,0.3075,2026-05
2026-05-21,short,C1,2026-05-21 09:30:00-04:00,1,708.62,0.09596116395246394,0.22861336118088746,0.09596116395246394,0.40077897886032454,0.26107081369422575,0.46146030312438,True,False,False,0.01,0.005,time,-0.031,0.2611,0.4615,2026-05
2026-05-21,short,C1,2026-05-21 09:41:00-04:00,12,709.5,0.16913319238901275,0.26074700493305464,0.16913319238901275,0.3368569415081024,0.38477801268499195,0.3368569415081024,True,False,False,0.01,0.005,time,0.0076,0.3848,0.3369,2026-05
2026-05-22,long,C1,2026-05-22 09:30:00-04:00,1,719.01,0.3226658878179789,0.07093086327032877,0.3226658878179789,0.17524095631493178,0.3226658878179789,0.4255851796219726,True,False,False,0.01,0.005,time,-0.1419,0.3227,0.4256,2026-05
2026-05-22,long,C1,2026-05-22 09:41:00-04:00,12,720.37,0.006954759359779433,0.3009980981995426,0.006954759359779433,0.5538820328442341,0.006954759359779433,0.6135735802434803,False,False,False,0.01,0.005,sl,-0.5,0.007,0.5539,2026-05
2026-05-22,short,C2,2026-05-22 09:32:00-04:00,3,719.56,0.1473122463727758,0.24598365667909497,0.34604480515869357,0.24598365667909497,0.5016954805714464,0.24598365667909497,True,True,False,0.01,0.005,time,0.1633,0.5017,0.246,2026-05
2026-05-22,short,C2,2026-05-22 09:42:00-04:00,13,719.21,0.1401954922762582,0.13487020480804124,0.3934872985637075,0.13487020480804124,0.45327512131366227,0.13487020480804124,True,False,False,0.01,0.005,time,0.0153,0.4533,0.1349,2026-05
2026-05-27,long,C2,2026-05-27 09:31:00-04:00,2,731.98,0.054646301811521795,0.6994726631875194,0.054646301811521795,0.6994726631875194,0.054646301811521795,0.8620454110768134,False,False,False,0.01,0.005,sl,-0.5,0.0546,0.5424,2026-05
2026-05-27,long,C2,2026-05-27 09:42:00-04:00,13,729.59,0.09457366466096587,0.37418276018037777,0.16995846982551968,0.37418276018037777,0.16995846982551968,0.5688126207870142,False,False,False,0.01,0.005,sl,-0.5,0.17,0.5291,2026-05
2026-05-28,long,C1,2026-05-28 09:30:00-04:00,1,730.68,0.06021787923578784,0.5241692669841692,0.06021787923578784,0.584387146219957,0.29698363168556313,0.584387146219957,True,False,False,0.01,0.005,sl,-0.5,0.0602,0.5242,2026-05
2026-05-28,long,C1,2026-05-28 09:42:00-04:00,13,728.096,0.03625895486309635,0.2315628708302251,0.6158528545686335,0.2315628708302251,0.6529358765877054,0.2315628708302251,True,True,False,0.01,0.005,time,0.5527,0.6529,0.2316,2026-05
2026-05-29,long,C1,2026-05-29 09:31:00-04:00,2,738.61,0.23016206116894325,0.1475744980436268,0.4088761321942543,0.1475744980436268,0.4088761321942543,0.2125614329619217,True,False,False,0.01,0.005,time,-0.0528,0.4089,0.2126,2026-05
2026-05-29,long,C1,2026-05-29 09:41:00-04:00,12,739.56,0.20282330034074314,0.08518578614311152,0.2798961544702323,0.08518578614311152,0.2798961544702323,0.45297203742764747,True,False,False,0.01,0.005,time,-0.407,0.2799,0.453,2026-05
2026-05-29,short,C2,2026-05-29 09:30:00-04:00,1,737.8414,0.04355949666148303,0.2952667063680569,0.04355949666148303,0.5134707811190825,0.10861412764315716,0.5134707811190825,False,False,False,0.01,0.005,sl,-0.5,0.0436,0.5135,2026-05
2026-05-29,short,C2,2026-05-29 09:42:00-04:00,13,739.3899,0.06219992996929786,0.22587541431116845,0.06219992996929786,0.30296599940031427,0.44494792260483795,0.30296599940031427,True,False,False,0.01,0.005,time,0.4382,0.4449,0.303,2026-05
2026-06-02,long,C1,2026-06-02 09:31:00-04:00,2,741.42,0.06339186965552956,0.29537913733105947,0.3075180059885202,0.29537913733105947,0.43699927166788183,0.29537913733105947,True,False,False,0.01,0.005,time,0.2616,0.437,0.2954,2026-06
2026-06-02,long,C1,2026-06-02 09:41:00-04:00,12,740.224,0.391232924087838,0.03566487982016389,0.5803648625280908,0.03566487982016389,0.5992780563721146,0.03566487982016389,True,True,False,0.01,0.005,time,0.4554,0.5993,0.0357,2026-06
2026-06-02,short,C2,2026-06-02 09:30:00-04:00,1,741.14,0.2577110937204804,0.09040127371346292,0.2577110937204804,0.34541382194997694,0.2577110937204804,0.47494400518120494,True,False,False,0.01,0.005,time,-0.2806,0.2577,0.4749,2026-06
2026-06-02,short,C2,2026-06-02 09:40:00-04:00,11,739.84,0.08245025951557278,0.44333910034601703,0.08245025951557278,0.5717452422145353,0.08245025951557278,0.6514922145328633,False,False,False,0.01,0.005,sl,-0.5,0.0825,0.5082,2026-06
2026-06-03,long,C1,2026-06-03 09:30:00-04:00,1,747.69,0.12839545801066252,0.6433147427409834,0.12839545801066252,0.8934183953242738,0.12839545801066252,0.8934183953242738,False,False,False,0.01,0.005,sl,-0.5,0.1284,0.543,2026-06
2026-06-03,long,C1,2026-06-03 09:49:00-04:00,20,741.68,0.40044223924064654,0.09033545464350652,0.6053823751483132,0.09033545464350652,0.7105490238377866,0.09033545464350652,True,True,False,0.01,0.005,time,0.4436,0.7105,0.0903,2026-06
2026-06-04,short,C1,2026-06-04 09:30:00-04:00,1,734.855,0.1762252417143617,0.4021201461512716,0.1762252417143617,0.4021201461512716,0.30414163338345845,0.4021201461512716,True,False,False,0.01,0.005,time,-0.2347,0.3041,0.4021,2026-06
2026-06-04,short,C1,2026-06-04 09:40:00-04:00,11,736.18,0.3558912222554273,0.0611263549675413,0.48357738596538147,0.0611263549675413,0.48357738596538147,0.1589285229156012,True,False,False,0.01,0.005,time,-0.1141,0.4836,0.1589,2026-06
2026-06-05,long,C2,2026-06-05 09:31:00-04:00,2,731.51,0.02460663558940598,0.7012891142978217,0.02460663558940598,1.1168678486965262,0.02460663558940598,1.1168678486965262,False,False,False,0.01,0.005,sl,-0.5,0.0246,0.5113,2026-06
2026-06-05,long,C2,2026-06-05 09:42:00-04:00,13,728.08,0.057685968574876255,0.5274145698274958,0.057685968574876255,0.651027359630811,0.057685968574876255,0.651027359630811,False,False,False,0.01,0.005,sl,-0.5,0.0577,0.5274,2026-06
2026-06-05,short,C1,2026-06-05 09:30:00-04:00,1,729.68,0.3919526367722701,0.2754632167525634,0.8688740269707158,0.2754632167525634,0.8688740269707158,0.2754632167525634,True,True,True,0.01,0.005,time,0.5304,0.8689,0.2755,2026-06
2026-06-05,short,C1,2026-06-05 09:40:00-04:00,11,729.08,0.5281999231908706,0.009601141164198213,0.7872935754649708,0.009601141164198213,0.7872935754649708,0.009601141164198213,True,True,True,0.01,0.005,time,0.4211,0.7873,0.0096,2026-06
2026-06-09,long,C1,2026-06-09 09:35:00-04:00,6,722.28,0.4679625629949598,0.15714127485185675,0.4679625629949598,0.2630558786066314,0.4679625629949598,1.1449853242509804,True,False,False,0.01,0.005,sl,-0.5,0.468,0.5538,2026-06
2026-06-09,long,C1,2026-06-09 09:45:00-04:00,16,724.14,0.20990416217858177,0.5192366117049177,0.20990416217858177,1.3837103322561912,0.20990416217858177,1.9333278095395918,False,False,False,0.01,0.005,sl,-0.5,0.2099,0.5192,2026-06
2026-06-09,short,C2,2026-06-09 09:30:00-04:00,1,722.7,0.30579770305798204,0.2559845025598324,0.32101840321019093,0.40957520409574133,1.2024353120243607,0.40957520409574133,True,True,True,0.01,0.005,tp,1.0,1.1872,0.4096,2026-06
2026-06-09,short,C2,2026-06-09 09:40:00-04:00,11,721.4526,0.04263620368129237,0.5831845363091085,0.43975168985460567,0.5831845363091085,1.0316131648842863,0.5831845363091085,True,True,True,0.01,0.005,sl,-0.5,0.0426,0.5205,2026-06
