date,side,level,gap_regime,gap_pct,touch_lbl,ep,mfe15,mfe30,mfe60,hit_>=0.50%,hit_>=0.75%
2025-12-16,long,PML,Flat,-0.419,1st,610.6012,0.240549805666956,0.3093344723200774,0.3093344723200774,False,False
2025-12-16,long,PML,Flat,-0.419,2nd,609.8,0.1877664808133971,0.1877664808133971,0.1877664808133971,False,False
2025-12-16,short,PMH,Flat,-0.419,1st,609.74,0.3066880965657501,0.3099681831600332,0.3099681831600332,False,False
2025-12-18,short,PMH,Gap Up,1.424,1st,608.02,0.12828525377454242,0.12828525377454242,0.12828525377454242,False,False
2025-12-18,short,PDH,Gap Up,1.424,1st,612.1,0.12824701846103057,0.12824701846103057,0.6485868322169625,True,False
2025-12-23,long,PDL,Flat,-0.211,1st,619.4,0.11301259283178003,0.20503713270907034,0.21795285760413668,False,False
2025-12-30,long,PDL,Flat,-0.171,1st,620.44,0.2111404809489951,0.2111404809489951,0.2111404809489951,False,False
2026-01-06,long,PML,Flat,0.244,1st,620.15,0.13061356123519458,0.13061356123519458,0.15641377086189265,False,False
2026-01-06,long,1H_Sup,Flat,0.244,1st,620.44,0.32396363870801215,0.32396363870801215,0.3465282702598119,False,False
2026-01-06,short,PDH,Flat,0.244,1st,619.18,0.10336251170903234,0.10336251170903234,0.10336251170903234,False,False
2026-01-07,long,1H_Sup,Flat,-0.099,1st,625.51,0.12150085530207207,0.1278956371600701,0.26378475164265597,False,False
2026-01-07,long,4H_Sup,Flat,-0.099,1st,625.51,0.12150085530207207,0.1278956371600701,0.26378475164265597,False,False
2026-01-09,long,PML,Flat,0.097,1st,623.57,0.2838494475359593,0.2838494475359593,0.3704475840723488,False,False
2026-01-09,long,1H_Sup,Flat,0.097,1st,622.41,0.4257643675390783,0.47075079127907066,0.5575103227775947,True,False
2026-01-09,long,4H_Sup,Flat,0.097,2nd,622.41,0.4257643675390783,0.47075079127907066,0.5575103227775947,True,False
2026-01-09,short,PDH,Flat,0.097,1st,621.33,0.36534530764651557,0.36534530764651557,0.36534530764651557,False,False
2026-01-13,short,PMH,Flat,0.003,1st,627.7,0.2915405448462706,0.4046519037757013,0.6085709733949418,True,False
2026-01-13,short,PDH,Flat,0.003,1st,627.18,0.22959915813641077,0.5165981058069288,0.5261647373959556,True,False
2026-01-15,long,PML,Gap Up,1.058,1st,626.36,0.046299252825845134,0.5811354492624028,0.5811354492624028,True,False
2026-01-15,short,PMH,Gap Up,1.058,1st,625.18,0.083176045298951,0.09117374196230467,0.1887456412553105,False,False
2026-01-15,short,PMH,Gap Up,1.058,2nd,625.4501,0.0,0.0,0.0,False,False
2026-01-21,short,PMH,Flat,0.196,1st,608.01,0.024094998437516873,0.024094998437516873,0.024094998437516873,False,False
2026-01-22,long,1H_Sup,Gap Up,0.926,1st,620.53,0.029007461363683252,0.049151531755122824,0.1547064606062618,False,False
2026-01-22,long,4H_Sup,Gap Up,0.926,1st,620.3101,0.0644677557241132,0.0644677557241132,0.18053873377201435,False,False
2026-01-22,long,4H_Sup,Gap Up,0.926,2nd,620.28,0.1313116656993723,0.16926226865286317,0.22409234539240122,False,False
2026-01-22,short,PMH,Gap Up,0.926,1st,620.82,0.04349086691796261,0.04349086691796261,0.04349086691796261,False,False
2026-01-22,short,PDH,Gap Up,0.926,1st,618.09,0.029121972528282882,0.029121972528282882,0.029121972528282882,False,False
2026-01-22,short,4H_Res,Gap Up,0.926,1st,618.09,0.029121972528282882,0.029121972528282882,0.029121972528282882,False,False
2026-01-30,long,PML,Gap Down,-0.634,1st,626.78,0.23548932639841716,0.23548932639841716,0.23548932639841716,False,False
2026-01-30,long,4H_Sup,Gap Down,-0.634,1st,625.01,0.49599206412697766,0.49599206412697766,0.49599206412697766,False,False
2026-01-30,long,4H_Sup,Gap Down,-0.634,2nd,625.1,0.1919692849144028,0.1919692849144028,0.1919692849144028,False,False
2026-01-30,short,PMH,Gap Down,-0.634,1st,624.32,0.3275403639159562,0.3507816504356827,0.3507816504356827,False,False
2026-02-03,long,PDL,Flat,0.395,1st,620.63,0.05156051109357427,0.05156051109357427,0.05156051109357427,False,False
2026-02-03,short,PMH,Flat,0.395,1st,623.87,0.615512847227793,0.859153349255456,1.0883677689262128,True,True
2026-02-03,short,PDH,Flat,0.395,1st,623.87,0.615512847227793,0.859153349255456,1.0883677689262128,True,True
2026-02-04,short,PMH,Flat,-0.285,1st,612.8,0.7359660574412518,0.7359660574412518,0.7359660574412518,True,False
2026-02-05,long,PML,Gap Down,-0.988,1st,602.99,0.30182921773162674,0.30182921773162674,0.30182921773162674,False,False
2026-02-05,long,PML,Gap Down,-0.988,2nd,601.57,0.12301145336368093,0.12301145336368093,0.24602290672738075,False,False
2026-02-05,long,PDL,Gap Down,-0.988,1st,602.06,0.006643856094089843,0.0647775969172674,0.16443543832840732,False,False
2026-02-05,short,PMH,Gap Down,-0.988,1st,600.9575,0.8582137671965201,1.004646751226172,1.004646751226172,True,True
2026-02-06,long,PML,Flat,0.43,1st,602.29,0.239087482774088,0.38851715950788357,0.6110013448671012,True,False
2026-02-06,long,4H_Sup,Flat,0.43,1st,604.33,0.2118048086310414,0.2118048086310414,0.2118048086310414,False,False
2026-02-06,long,4H_Sup,Flat,0.43,2nd,604.28,0.32269808697955343,0.42529953001920473,0.4881842854306026,False,False
2026-02-06,short,PMH,Flat,0.43,1st,600.43,0.10992122312342292,0.10992122312342292,0.10992122312342292,False,False
2026-02-06,short,PDH,Flat,0.43,1st,603.15,0.4990466716405522,0.5603912791179633,0.5603912791179633,True,False
2026-02-06,short,PDH,Flat,0.43,2nd,602.67,0.17090613436872132,0.17090613436872132,0.17090613436872132,False,False
2026-02-10,long,PML,Flat,0.117,1st,615.57,0.235554039345636,0.235554039345636,0.235554039345636,False,False
2026-02-10,short,PMH,Flat,0.117,1st,614.15,0.04477733452739189,0.08792640234469813,0.08792640234469813,False,False
2026-02-10,short,PDH,Flat,0.117,1st,614.73,0.004880191303494659,0.07970979129048673,0.13908545214972723,False,False
2026-02-11,long,PDL,Gap Up,0.747,1st,612.58,0.057135394560695586,0.057135394560695586,0.057135394560695586,False,False
2026-02-11,short,PMH,Gap Up,0.747,1st,614.76,0.04391957837204467,0.4538356431778196,1.1500422929273109,True,True
2026-02-11,short,PMH,Gap Up,0.747,2nd,615.38,0.4745035587766842,1.137508531313985,1.2496343722577823,True,True
2026-02-11,short,PDH,Gap Up,0.747,1st,614.76,0.04391957837204467,0.4538356431778196,1.1500422929273109,True,True
2026-02-11,short,PDH,Gap Up,0.747,2nd,615.38,0.4745035587766842,1.137508531313985,1.2496343722577823,True,True
2026-02-12,short,PMH,Flat,0.276,1st,614.89,0.588723186260958,0.7188277578103334,1.052220722405638,True,True
2026-02-13,long,PDL,Flat,0.017,1st,601.83,0.12295831048635146,0.5101108286393061,0.5101108286393061,True,False
2026-02-13,long,PDL,Flat,0.017,2nd,601.85,0.30617263437732367,0.3372933455179816,0.432001329234863,False,False
2026-02-13,long,1H_Sup,Flat,0.017,1st,601.83,0.12295831048635146,0.5101108286393061,0.5101108286393061,True,False
2026-02-13,long,1H_Sup,Flat,0.017,2nd,601.85,0.30617263437732367,0.3372933455179816,0.432001329234863,False,False
2026-02-13,long,1H_Sup,Flat,0.017,1st,604.36,0.10589714739558977,0.20352108015090645,0.34251108610760744,False,False
2026-02-13,long,4H_Sup,Flat,0.017,1st,601.83,0.12295831048635146,0.5101108286393061,0.5101108286393061,True,False
2026-02-13,long,4H_Sup,Flat,0.017,2nd,601.85,0.30617263437732367,0.3372933455179816,0.432001329234863,False,False
2026-02-13,short,PMH,Flat,0.017,1st,600.26,0.22490254223170336,0.22490254223170336,0.22490254223170336,False,False
2026-02-13,short,PMH,Flat,0.017,2nd,599.5,0.0050041701417802694,0.0050041701417802694,0.0050041701417802694,False,False
2026-02-13,short,PMH,Flat,0.017,3rd+,600.21,0.016660835374289456,0.061645090884857714,0.061645090884857714,False,False
2026-02-18,long,1H_Sup,Flat,0.118,1st,603.968,0.6460607184486669,0.7454037299989513,0.8381404312811253,True,True
2026-02-19,long,PML,Flat,-0.449,1st,604.04,0.26157208131912474,0.26157208131912474,0.26157208131912474,False,False
2026-02-19,long,PDL,Flat,-0.449,1st,602.36,0.5412045952586478,0.5412045952586478,0.5412045952586478,True,False
2026-02-19,short,PMH,Flat,-0.449,1st,602.12,0.013286388095403064,0.013286388095403064,0.12455988839433998,False,False
2026-02-20,long,1H_Sup,Gap Down,-0.545,1st,605.27,0.6129495927437403,0.6129495927437403,0.7913823582863786,True,True
2026-02-20,long,1H_Sup,Gap Down,-0.545,2nd,606.89,0.1664222511493007,0.4102885201601623,0.5701197910659322,True,False
2026-02-20,long,4H_Sup,Gap Down,-0.545,1st,606.98,0.13344756005139305,0.15157006820652394,0.5502652476193667,True,False
2026-02-20,long,4H_Sup,Gap Down,-0.545,2nd,606.89,0.1664222511493007,0.4102885201601623,0.5701197910659322,True,False
2026-02-24,long,PML,Flat,0.145,1st,604.51,0.5210831913450527,0.549205141354163,0.6120659707862641,True,False
2026-02-24,long,4H_Sup,Flat,0.145,1st,604.17,0.26648128837910084,0.5776519853683582,0.612410414287377,True,False
2026-02-27,long,PML,Gap Down,-0.99,1st,605.01,0.22148394241418026,0.38346473612007237,0.4776780549081811,False,False
2026-02-27,long,PDL,Gap Down,-0.99,1st,605.71,0.267454722557,0.27901140809957586,0.3615591619751929,False,False
2026-03-03,long,PML,Gap Down,-1.927,1st,596.75,0.03519061583578322,0.03519061583578322,0.03519061583578322,False,False
2026-03-03,short,PMH,Gap Down,-1.927,1st,594.91,0.19666840362407073,0.5110016641172553,0.5110016641172553,True,False
2026-03-03,short,PMH,Gap Down,-1.927,2nd,594.72,0.47921711057304656,0.47921711057304656,0.47921711057304656,False,False
2026-03-04,long,PML,Flat,0.439,1st,605.98,0.2772368725040348,0.6452358163635711,0.8581141291791695,True,True
2026-03-04,short,PMH,Flat,0.439,1st,603.92,0.008279242283738662,0.008279242283738662,0.008279242283738662,False,False
2026-03-05,long,PML,Flat,-0.459,1st,608.66,0.08050471527618196,0.33351953471561896,0.33351953471561896,False,False
2026-03-05,short,PMH,Flat,-0.459,1st,607.7,0.22873128188252426,0.22873128188252426,0.22873128188252426,False,False
2026-03-05,short,PDH,Flat,-0.459,1st,610.88,0.7873886851754756,0.7873886851754756,0.7873886851754756,True,True
2026-03-06,long,PML,Gap Down,-1.38,1st,600.2,0.2532489170276544,0.3932022659113462,0.856381206264576,True,True
2026-03-06,long,PML,Gap Down,-1.38,2nd,601.71,0.2310082930315245,0.49026939887984766,0.6032806501470801,True,False
2026-03-06,long,PDL,Gap Down,-1.38,1st,604.91,0.09753517052123983,0.09753517052123983,0.16035443289084778,False,False
2026-03-06,long,PDL,Gap Down,-1.38,2nd,604.08,0.2979737783075014,0.31783869686133603,0.31783869686133603,False,False
2026-03-06,long,1H_Sup,Gap Down,-1.38,1st,605.09,0.06775851526218714,0.06775851526218714,0.15039085094778762,False,False
2026-03-06,long,1H_Sup,Gap Down,-1.38,2nd,605.25,0.12391573729863693,0.12391573729863693,0.12391573729863693,False,False
2026-03-10,long,PML,Flat,-0.099,1st,608.15,0.3617528570254124,0.5434514511222666,0.6988407465263504,True,False
2026-03-10,long,1H_Sup,Flat,-0.099,1st,608.15,0.3617528570254124,0.5434514511222666,0.6988407465263504,True,False
2026-03-10,long,4H_Sup,Flat,-0.099,1st,607.91,0.32897961869356074,0.5313286506226281,0.738596173775725,True,False
2026-03-10,short,PMH,Flat,-0.099,1st,606.37,0.15667001995482058,0.15667001995482058,0.15667001995482058,False,False
2026-03-10,short,PDH,Flat,-0.099,1st,607.67,0.3603929764510245,0.370266756627775,0.370266756627775,False,False
2026-03-10,short,1H_Res,Flat,-0.099,1st,607.67,0.3603929764510245,0.370266756627775,0.370266756627775,False,False
2026-03-10,short,4H_Res,Flat,-0.099,1st,607.67,0.3603929764510245,0.370266756627775,0.370266756627775,False,False
2026-03-11,long,1H_Sup,Flat,0.174,1st,611.04,0.10964912280702946,0.10964912280702946,0.10964912280702946,False,False
2026-03-13,long,1H_Sup,Flat,0.377,1st,600.68,0.17328694146635126,0.17328694146635126,0.17328694146635126,False,False
2026-03-13,long,4H_Sup,Flat,0.377,1st,603.2,0.009946949602112967,0.009946949602112967,0.009946949602112967,False,False
2026-03-13,short,PMH,Flat,0.377,1st,599.03,0.5308582207902692,0.6276814182929054,0.7912792347628681,True,True
2026-03-13,short,PDH,Flat,0.377,1st,602.35,0.3785174732298452,0.47978749896239503,1.079106831576326,True,True
2026-03-18,long,PML,Flat,-0.354,1st,602.09,0.11626168845188123,0.11626168845188123,0.11626168845188123,False,False
2026-03-18,short,PMH,Flat,-0.354,1st,601.75,0.10137100124636704,0.1927710843373441,0.5051931865392544,True,False
2026-03-19,long,PML,Gap Down,-0.923,1st,591.28,0.18434582600460558,0.18434582600460558,0.18434582600460558,False,False
2026-03-19,long,PML,Gap Down,-0.923,2nd,591.29,0.15559201068850698,0.15559201068850698,0.3111840213769947,False,False
2026-03-19,long,PML,Gap Down,-0.923,3rd+,591.19,0.26932119961432605,0.3281516940408229,0.3281516940408229,False,False
2026-03-19,short,PMH,Gap Down,-0.923,1st,589.65,0.14415331128636016,0.14415331128636016,0.14415331128636016,False,False
2026-03-24,long,PML,Flat,-0.499,1st,586.5,0.24381926683716112,0.24381926683716112,0.24381926683716112,False,False
2026-03-24,long,PDL,Flat,-0.499,1st,587.66,0.0,0.0,0.0,False,False
2026-03-24,short,PMH,Flat,-0.499,1st,585.38,0.389490587310802,0.389490587310802,0.389490587310802,False,False
2026-03-24,short,PMH,Flat,-0.499,2nd,585.71,0.10585443308121843,0.10585443308121843,0.19292824093834754,False,False
2026-03-25,long,4H_Sup,Gap Up,0.871,1st,588.39,0.34500926256394104,0.4316864664593151,0.4775743979333536,False,False
2026-03-25,short,PMH,Gap Up,0.871,1st,588.39,0.23623786944033487,0.2855249069494638,0.2855249069494638,False,False
2026-03-26,long,PML,Gap Down,-0.93,1st,583.88,0.1284510515859423,0.1284510515859423,0.1284510515859423,False,False
2026-03-26,short,PMH,Gap Down,-0.93,1st,580.81,0.1997210791825155,0.1997210791825155,0.1997210791825155,False,False
2026-03-26,short,PMH,Gap Down,-0.93,2nd,580.82,0.1206914362453121,0.12396267346166234,0.2685857925002684,False,False
2026-03-27,short,PMH,Gap Down,-0.535,1st,569.13,0.47967951083232624,0.5236062059634913,0.5798323757313715,True,False
2026-03-27,short,PMH,Gap Down,-0.535,2nd,568.89,0.23378860588163633,0.29706973228566874,0.5238271019001949,True,False
2026-03-31,short,PDH,Gap Up,1.129,1st,566.555,0.41390509306244117,0.41390509306244117,0.41390509306244117,False,False
2026-04-01,long,PML,Gap Up,0.735,1st,582.02,0.23195079206900499,0.402048039586274,0.5498092849043066,True,False
2026-04-09,long,PML,Flat,0.003,1st,606.2,0.05113823820520379,0.24579346750247594,0.6862421643022052,True,False
2026-04-10,long,PML,Flat,0.317,1st,612.279,0.04262762564124643,0.04262762564124643,0.1520548638774219,False,False
2026-04-10,long,PML,Flat,0.317,2nd,612.24,0.10126747680648186,0.18783483601201773,0.23356853521494023,False,False
2026-04-10,long,1H_Sup,Flat,0.317,1st,611.98,0.12663812542893185,0.2009869603581846,0.23039968626425178,False,False
2026-04-10,long,4H_Sup,Flat,0.317,1st,611.98,0.12663812542893185,0.2009869603581846,0.23039968626425178,False,False
2026-04-10,short,PMH,Flat,0.317,1st,610.35,0.02129925452609084,0.02129925452609084,0.1261571229622318,False,False
2026-04-15,long,PML,Flat,0.132,1st,629.69,0.14351506296748526,0.22868395559718918,0.4017850053200738,False,False
2026-04-15,long,1H_Sup,Flat,0.132,1st,629.88,0.11330729662793185,0.2794183018987729,0.4286530767765361,False,False
2026-04-15,long,4H_Sup,Flat,0.132,1st,629.78,0.1292038489631363,0.21436057035790637,0.4443774016323286,False,False
2026-04-16,long,1H_Sup,Flat,0.372,1st,638.95,0.2535409656467649,0.28171218405195314,0.45073949448313566,False,False
2026-04-16,long,4H_Sup,Flat,0.372,1st,638.6203,0.30529878239072683,0.33348454472868416,0.5025991187564814,True,False
2026-04-16,short,PMH,Flat,0.372,1st,636.67,0.22225014528719175,0.22225014528719175,0.22225014528719175,False,False
2026-04-21,long,1H_Sup,Flat,0.264,1st,648.33,0.006169697530572952,0.006169697530572952,0.006169697530572952,False,False
2026-04-21,short,PDH,Flat,0.264,1st,647.06,0.22872685686024552,0.22872685686024552,0.22872685686024552,False,False
2026-04-22,long,PML,Gap Up,0.985,1st,650.67,0.27662255828608867,0.3442605314521968,0.38575622051116404,False,False
2026-04-22,long,1H_Sup,Gap Up,0.985,1st,649.33,0.22022700321869462,0.4835599772072769,0.5929188548195692,True,False
2026-04-22,long,4H_Sup,Gap Up,0.985,1st,649.33,0.22022700321869462,0.4835599772072769,0.5929188548195692,True,False
2026-04-29,long,1H_Sup,Flat,0.199,1st,660.52,0.10749106764368019,0.10749106764368019,0.10749106764368019,False,False
2026-04-30,long,1H_Sup,Gap Up,0.512,1st,663.06,0.08747323017525427,0.170421982927655,0.170421982927655,False,False
2026-04-30,long,4H_Sup,Gap Up,0.512,1st,663.38,0.03919322258735429,0.12210196267600154,0.12210196267600154,False,False
2026-04-30,short,PDH,Gap Up,0.512,1st,660.31,0.2589692720085903,0.416471051475822,0.416471051475822,False,False
2026-05-06,long,PML,Gap Up,0.919,1st,690.29,0.03331932955714528,0.03331932955714528,0.17963464630807474,False,False
2026-05-06,short,PMH,Gap Up,0.919,1st,688.38,0.11040413724977352,0.11040413724977352,0.11040413724977352,False,False
2026-05-12,long,PML,Gap Down,-0.695,1st,707.93,0.3178280338451542,0.3178280338451542,0.3178280338451542,False,False
2026-05-12,short,PMH,Gap Down,-0.695,1st,706.63,0.20760511158597633,0.20760511158597633,0.49672388661675715,False,False
2026-05-12,short,PMH,Gap Down,-0.695,2nd,706.67,0.5023561209616871,0.5023561209616871,1.0047122419233743,True,True
2026-05-13,short,PDH,Flat,0.466,1st,708.16,0.4702327157704371,0.4702327157704371,0.4702327157704371,False,False
2026-05-14,long,1H_Sup,Flat,0.028,1st,717.76,0.20759028087383094,0.3120820329915305,0.48275189478377617,False,False
2026-05-14,long,4H_Sup,Flat,0.028,1st,718.5,0.10438413361169101,0.3061795407098061,0.44537230340988804,False,False
2026-05-15,long,PML,Gap Down,-1.342,1st,711.91,0.028093438777379933,0.028093438777379933,0.0941130199042116,False,False
2026-05-15,long,PML,Gap Down,-1.342,2nd,711.84,0.10395594515621616,0.10395594515621616,0.10395594515621616,False,False
2026-05-15,short,PMH,Gap Down,-1.342,1st,707.62,0.29252988892344056,0.29252988892344056,0.29252988892344056,False,False
2026-05-19,short,1H_Res,Gap Down,-0.814,2nd,701.96,0.6097213516439806,0.9558949227876284,0.9558949227876284,True,True
2026-05-20,long,PML,Gap Up,0.568,1st,708.27,0.228726333178026,0.228726333178026,0.6861789995340779,True,False
2026-05-20,long,4H_Sup,Gap Up,0.568,1st,708.27,0.228726333178026,0.228726333178026,0.6861789995340779,True,False
2026-05-20,short,PDH,Gap Up,0.568,1st,704.67,0.12488115004186294,0.12488115004186294,0.12488115004186294,False,False
2026-05-21,long,PML,Gap Down,-0.507,1st,711.09,0.11250333994289816,0.11250333994289816,0.11250333994289816,False,False
2026-05-21,short,PMH,Gap Down,-0.507,1st,707.85,0.01695274422547214,0.14127286854559581,0.14127286854559581,False,False
2026-05-22,long,PML,Flat,0.457,1st,719.12,0.0959506062965765,0.23640004449883822,0.3003671153632173,False,False
2026-05-22,long,4H_Sup,Flat,0.457,1st,717.29,0.28998034267869915,0.3594083285700468,0.5172245535278669,True,False
2026-05-28,long,PML,Flat,0.051,1st,728.57,0.5874521322590791,0.5874521322590791,0.7754917166504217,True,True
2026-05-28,long,1H_Sup,Flat,0.051,1st,732.26,0.01911889219675885,0.05653729549613351,0.267664490754655,False,False
2026-05-28,long,1H_Sup,Flat,0.051,2nd,732.18,0.08194706219782333,0.2786200114725993,0.441148351498268,False,False
2026-05-28,long,4H_Sup,Flat,0.051,1st,732.26,0.01911889219675885,0.05653729549613351,0.267664490754655,False,False
2026-05-28,long,4H_Sup,Flat,0.051,2nd,732.18,0.08194706219782333,0.2786200114725993,0.441148351498268,False,False
2026-05-28,short,PDH,Flat,0.051,1st,731.39,0.2054307551374699,0.2054307551374699,0.2054307551374699,False,False
2026-05-29,long,PML,Flat,0.324,1st,737.76,0.2155172413793147,0.2155172413793147,0.2155172413793147,False,False
2026-05-29,long,1H_Sup,Flat,0.324,1st,738.04,0.1341390710530607,0.17749715462577356,0.17749715462577356,False,False
2026-05-29,long,1H_Sup,Flat,0.324,2nd,738.18,0.15849792733480625,0.15849792733480625,0.15849792733480625,False,False
2026-05-29,long,4H_Sup,Flat,0.324,1st,738.49,0.10562092919335032,0.10562092919335032,0.11645384500805883,False,False
2026-06-02,long,PML,Flat,0.004,1st,743.94,0.09678199854825839,0.09678199854825839,0.10350297066967522,False,False
2026-06-03,short,PDH,Flat,0.166,1st,744.33,0.05239611462657509,0.20924858597665075,0.2243628498112494,False,False
2026-06-04,short,PMH,Gap Down,-1.181,1st,734.95,0.3170283692768271,0.3170283692768271,0.3170283692768271,False,False
2026-06-09,long,PDL,Gap Up,1.006,1st,715.1,0.39435044049782353,0.39435044049782353,0.39435044049782353,False,False
2026-06-09,long,4H_Sup,Gap Up,1.006,1st,722.66,0.4151329809315585,0.4151329809315585,0.4151329809315585,False,False
2026-06-09,short,PMH,Gap Up,1.006,1st,721.09,0.9818469261812035,0.9818469261812035,1.9317976951559532,True,True
2026-06-09,short,PDH,Gap Up,1.006,1st,721.045,0.9604116247945627,0.975667260711879,1.925677315562828,True,True
2026-06-09,short,1H_Res,Gap Up,1.006,1st,715.95,0.6299322578392332,1.2277393672742618,2.0182973671345827,True,True
2026-06-10,long,PML,Gap Down,-0.887,1st,699.89,0.3929188872537113,0.3929188872537113,0.3929188872537113,False,False
2026-06-10,long,1H_Sup,Gap Down,-0.887,1st,706.21,0.4191387830815087,0.4191387830815087,0.7179167669673236,True,False
2026-06-10,short,PMH,Gap Down,-0.887,1st,702.205,0.4478749083245057,0.7277077206798603,0.858011549333897,True,True
2026-06-10,short,1H_Res,Gap Down,-0.887,1st,706.19,0.0007080247525608036,0.0007080247525608036,0.7179370990809909,True,False
2026-06-10,short,1H_Res,Gap Down,-0.887,2nd,705.86,0.7154393222452141,1.2417476553424174,1.371376760264084,True,True
2026-06-10,short,4H_Res,Gap Down,-0.887,2nd,702.77,0.8075188183900786,0.8075188183900786,0.937717887786905,True,True
2026-06-10,short,4H_Res,Gap Down,-0.887,1st,706.19,0.0007080247525608036,0.0007080247525608036,0.7179370990809909,True,False
2026-06-10,short,4H_Res,Gap Down,-0.887,2nd,705.86,0.7154393222452141,1.2417476553424174,1.371376760264084,True,True
2026-06-11,long,PML,Gap Up,0.895,2nd,699.89,0.2729000271471186,0.4443555415851082,0.6501021589106957,True,False
2026-06-11,long,4H_Sup,Gap Up,0.895,1st,704.37,0.291040220338736,0.291040220338736,0.291040220338736,False,False
2026-06-11,short,PMH,Gap Up,0.895,1st,700.52,0.1356135442242808,0.787986067492717,0.787986067492717,True,True
2026-06-11,short,PMH,Gap Up,0.895,2nd,700.67,0.24262491615167367,0.24262491615167367,0.24262491615167367,False,False
2026-06-11,short,PMH,Gap Up,0.895,3rd+,701.04,0.17688006390505664,0.17688006390505664,0.17688006390505664,False,False
2026-06-12,long,PML,Flat,0.27,1st,716.36,0.6218940197666034,0.6218940197666034,0.7719582332905205,True,True
2026-06-12,long,4H_Sup,Flat,0.27,1st,714.81,0.7470516640785708,0.8400833787999761,0.8967417915250322,True,True
2026-06-12,long,4H_Sup,Flat,0.27,1st,719.25,0.2175877650330281,0.2175877650330281,0.39902676399026826,False,False
2026-06-12,short,PMH,Flat,0.27,1st,718.33,0.1266827224256375,0.5777288989740218,0.5777288989740218,True,False
2026-06-12,short,PMH,Flat,0.27,2nd,718.18,0.5569634353504693,0.5569634353504693,0.5569634353504693,True,False
2026-06-12,short,PMH,Flat,0.27,3rd+,717.95,0.3314994080367707,0.3314994080367707,0.3314994080367707,False,False
2026-06-12,short,1H_Res,Flat,0.27,1st,715.61,0.19982951607720179,0.19982951607720179,0.19982951607720179,False,False
