sym,date,gap_pct,gap_bucket,level,entry_time,ret_eod,TP1.0_SL0.5_result,TP1.0_SL0.5_ret,TP1.5_SL0.5_result,TP1.5_SL0.5_ret,TP2.0_SL1.0_result,TP2.0_SL1.0_ret
AAPL,2026-01-26,1.424,gap_1_2,PMH,09:39,1.102,TP,1.0,TP,1.5,EOD,1.1025
AAPL,2026-01-27,1.456,gap_1_2,PMH,09:32,-0.866,SL,-0.5,SL,-0.5,EOD,-0.8656
AAPL,2026-04-17,1.409,gap_1_2,PDH,09:31,1.021,TP,1.0,TP,1.5,EOD,1.0211
AAPL,2026-05-01,2.821,gap_2plus,PMH,09:32,-1.014,SL,-0.5,SL,-0.5,SL,-1.0
AAPL,2026-06-15,1.02,gap_1_2,PMH,09:40,0.472,EOD,0.4715,EOD,0.4715,EOD,0.4715
ABT,2026-03-13,1.165,gap_1_2,PMH,09:47,-0.781,SL,-0.5,SL,-0.5,SL,-1.0
ABT,2026-03-25,1.336,gap_1_2,PMH,09:37,-0.494,SL,-0.5,SL,-0.5,SL,-1.0
ABT,2026-04-08,1.282,gap_1_2,PDH,10:13,0.685,EOD,0.685,EOD,0.685,EOD,0.685
ABT,2026-04-28,1.066,gap_1_2,PMH,09:32,-0.356,SL,-0.5,SL,-0.5,EOD,-0.3557
ABT,2026-05-12,1.029,gap_1_2,PMH,09:48,0.946,TP,1.0,TP,1.5,EOD,0.9457
ABT,2026-05-15,1.178,gap_1_2,PMH,09:39,-1.665,SL,-0.5,SL,-0.5,SL,-1.0
ABT,2026-06-05,1.135,gap_1_2,PMH,09:32,-0.709,TP,1.0,SL,-0.5,EOD,-0.7086
AMZN,2025-12-18,2.047,gap_2plus,PMH,09:32,0.332,SL,-0.5,SL,-0.5,EOD,0.3318
AMZN,2026-01-05,1.033,gap_1_2,PMH,09:36,1.724,TP,1.0,TP,1.5,TP,2.0
AMZN,2026-01-22,1.165,gap_1_2,PDH,10:12,0.839,TP,1.0,EOD,0.8393,EOD,0.8393
AMZN,2026-03-23,2.182,gap_2plus,PMH,09:49,-0.767,SL,-0.5,SL,-0.5,EOD,-0.7675
AMZN,2026-03-25,2.113,gap_2plus,PMH,09:33,-0.346,SL,-0.5,SL,-0.5,SL,-1.0
AMZN,2026-03-30,1.079,gap_1_2,PMH,09:38,-0.672,SL,-0.5,SL,-0.5,SL,-1.0
AMZN,2026-03-31,1.986,gap_1_2,PMH,09:34,1.39,TP,1.0,TP,1.5,TP,2.0
AMZN,2026-04-01,1.027,gap_1_2,PDH,09:34,0.026,SL,-0.5,SL,-0.5,SL,-1.0
AMZN,2026-04-09,1.8,gap_1_2,PMH,09:46,3.477,SL,-0.5,SL,-0.5,TP,2.0
AMZN,2026-04-17,2.062,gap_2plus,PMH,10:33,-1.869,SL,-0.5,SL,-0.5,SL,-1.0
AMZN,2026-04-22,1.036,gap_1_2,PMH,10:02,0.865,TP,1.0,EOD,0.8651,EOD,0.8651
AMZN,2026-04-24,1.905,gap_1_2,PDH,09:33,1.61,SL,-0.5,SL,-0.5,EOD,1.6097
AMZN,2026-05-05,1.48,gap_1_2,PMH,09:32,-1.246,SL,-0.5,SL,-0.5,SL,-1.0
AMZN,2026-06-04,1.284,gap_1_2,PMH,09:57,-0.156,EOD,-0.1563,EOD,-0.1563,EOD,-0.1563
AMZN,2026-06-09,1.036,gap_1_2,PMH,09:31,-1.644,SL,-0.5,SL,-0.5,SL,-1.0
AMZN,2026-06-15,2.708,gap_2plus,PMH,09:31,-0.006,EOD,-0.0061,EOD,-0.0061,EOD,-0.0061
APH,2025-12-18,2.15,gap_2plus,PDH,09:34,-0.338,SL,-0.5,SL,-0.5,SL,-1.0
APH,2026-01-02,1.465,gap_1_2,PDH,09:31,1.837,TP,1.0,TP,1.5,TP,2.0
APH,2026-01-12,1.085,gap_1_2,PMH,09:31,1.596,TP,1.0,TP,1.5,TP,2.0
APH,2026-01-15,2.275,gap_2plus,PMH,09:31,2.498,TP,1.0,TP,1.5,TP,2.0
APH,2026-01-27,1.485,gap_1_2,PMH,09:32,5.516,TP,1.0,TP,1.5,TP,2.0
APH,2026-01-29,1.558,gap_1_2,PMH,09:42,0.416,TP,1.0,TP,1.5,SL,-1.0
APH,2026-02-06,3.566,gap_2plus,PMH,09:31,2.252,TP,1.0,TP,1.5,TP,2.0
APH,2026-02-10,1.283,gap_1_2,PDH,09:35,-1.125,SL,-0.5,SL,-0.5,SL,-1.0
APH,2026-02-12,2.256,gap_2plus,BOTH,09:32,-3.071,SL,-0.5,SL,-0.5,SL,-1.0
APH,2026-03-05,2.433,gap_2plus,PMH,09:31,-1.257,SL,-0.5,SL,-0.5,SL,-1.0
APH,2026-03-23,1.838,gap_1_2,PDH,09:49,-0.282,TP,1.0,TP,1.5,EOD,-0.2824
APH,2026-03-25,1.469,gap_1_2,PMH,10:18,-1.379,SL,-0.5,SL,-0.5,SL,-1.0
APH,2026-03-30,1.465,gap_1_2,PDH,09:31,-5.505,SL,-0.5,SL,-0.5,SL,-1.0
APH,2026-03-31,2.644,gap_2plus,PMH,09:37,3.134,TP,1.0,SL,-0.5,TP,2.0
APH,2026-04-14,1.818,gap_1_2,PMH,10:46,0.561,EOD,0.5609,EOD,0.5609,EOD,0.5609
APH,2026-05-26,3.543,gap_2plus,PMH,09:33,0.838,TP,1.0,TP,1.5,SL,-1.0
APH,2026-06-08,3.772,gap_2plus,PMH,09:32,-0.616,SL,-0.5,SL,-0.5,SL,-1.0
APH,2026-06-15,1.748,gap_1_2,PDH,09:48,1.764,TP,1.0,TP,1.5,TP,2.0
BAC,2026-02-11,1.047,gap_1_2,PMH,09:32,-3.995,SL,-0.5,SL,-0.5,SL,-1.0
BAC,2026-03-17,1.264,gap_1_2,PDH,09:31,-0.911,SL,-0.5,SL,-0.5,SL,-1.0
BAC,2026-03-30,1.278,gap_1_2,PMH,09:36,-0.82,SL,-0.5,SL,-0.5,SL,-1.0
BAC,2026-04-17,1.262,gap_1_2,PMH,10:24,-0.655,SL,-0.5,SL,-0.5,EOD,-0.6546
BAC,2026-05-06,1.28,gap_1_2,PMH,09:38,-1.117,SL,-0.5,SL,-0.5,SL,-1.0
BAC,2026-06-04,1.354,gap_1_2,PMH,09:32,1.653,TP,1.0,TP,1.5,TP,2.0
BAC,2026-06-15,1.114,gap_1_2,PDH,09:41,-0.658,SL,-0.5,SL,-0.5,EOD,-0.6575
CSCO,2026-01-15,1.102,gap_1_2,PMH,09:32,-0.119,EOD,-0.1194,EOD,-0.1194,EOD,-0.1194
CSCO,2026-01-26,2.534,gap_2plus,PMH,09:40,0.502,SL,-0.5,SL,-0.5,EOD,0.5024
CSCO,2026-02-04,1.005,gap_1_2,PMH,09:35,-3.496,SL,-0.5,SL,-0.5,SL,-1.0
CSCO,2026-02-06,1.451,gap_1_2,PDH,09:31,1.387,SL,-0.5,SL,-0.5,EOD,1.3872
CSCO,2026-03-10,1.234,gap_1_2,PDH,09:59,0.18,TP,1.0,TP,1.5,EOD,0.1805
CSCO,2026-03-23,1.217,gap_1_2,PDH,10:19,-0.36,SL,-0.5,SL,-0.5,EOD,-0.3605
CSCO,2026-05-05,1.252,gap_1_2,PMH,09:32,0.533,EOD,0.533,EOD,0.533,EOD,0.533
CSCO,2026-05-12,1.033,gap_1_2,PDH,09:32,0.349,SL,-0.5,SL,-0.5,SL,-1.0
CSCO,2026-06-08,1.57,gap_1_2,PMH,10:01,0.534,TP,1.0,TP,1.5,TP,2.0
CVX,2026-01-21,1.028,gap_1_2,PMH,09:31,-0.299,SL,-0.5,SL,-0.5,EOD,-0.299
CVX,2026-01-29,1.607,gap_1_2,PMH,09:34,-1.582,SL,-0.5,SL,-0.5,SL,-1.0
CVX,2026-03-02,1.917,gap_1_2,PDH,09:46,0.911,TP,1.0,EOD,0.9105,EOD,0.9105
CVX,2026-04-02,2.615,gap_2plus,PMH,09:35,-2.491,SL,-0.5,SL,-0.5,SL,-1.0
CVX,2026-04-13,1.543,gap_1_2,PDH,09:33,0.282,SL,-0.5,SL,-0.5,EOD,0.2824
CVX,2026-04-28,1.867,gap_1_2,PMH,09:31,-0.236,SL,-0.5,SL,-0.5,SL,-1.0
CVX,2026-05-15,1.05,gap_1_2,PMH,09:37,0.948,SL,-0.5,SL,-0.5,EOD,0.9483
CVX,2026-05-21,1.27,gap_1_2,PMH,09:48,-1.368,SL,-0.5,SL,-0.5,SL,-1.0
CVX,2026-06-01,1.061,gap_1_2,PMH,09:40,0.421,TP,1.0,TP,1.5,EOD,0.4215
CVX,2026-06-10,1.317,gap_1_2,PDH,09:31,0.198,SL,-0.5,SL,-0.5,EOD,0.1979
CVX,2026-06-11,1.038,gap_1_2,PMH,09:39,-3.242,SL,-0.5,SL,-0.5,SL,-1.0
FCX,2025-12-17,1.178,gap_1_2,PDH,09:45,0.304,TP,1.0,SL,-0.5,EOD,0.304
FCX,2025-12-22,1.771,gap_1_2,PMH,09:31,0.436,TP,1.0,SL,-0.5,EOD,0.4363
FCX,2025-12-23,1.915,gap_1_2,PMH,10:16,0.659,TP,1.0,EOD,0.6594,EOD,0.6594
FCX,2026-01-02,1.841,gap_1_2,PMH,10:06,-0.355,SL,-0.5,SL,-0.5,SL,-1.0
FCX,2026-01-05,3.254,gap_2plus,PMH,09:33,0.89,SL,-0.5,SL,-0.5,SL,-1.0
FCX,2026-01-06,2.95,gap_2plus,PMH,10:56,0.178,TP,1.0,TP,1.5,EOD,0.1784
FCX,2026-01-09,2.269,gap_2plus,PMH,09:43,1.866,TP,1.0,TP,1.5,TP,2.0
FCX,2026-01-13,2.257,gap_2plus,PDH,10:21,0.756,SL,-0.5,SL,-0.5,EOD,0.7558
FCX,2026-01-14,1.492,gap_1_2,PDH,09:47,0.416,SL,-0.5,SL,-0.5,SL,-1.0
FCX,2026-01-21,2.481,gap_2plus,PMH,09:38,-1.878,SL,-0.5,SL,-0.5,SL,-1.0
FCX,2026-01-28,2.004,gap_2plus,PMH,09:41,-1.402,SL,-0.5,SL,-0.5,SL,-1.0
FCX,2026-01-29,9.035,gap_2plus,PDH,11:14,0.556,SL,-0.5,SL,-0.5,EOD,0.556
FCX,2026-02-03,5.481,gap_2plus,PMH,09:41,0.717,SL,-0.5,SL,-0.5,SL,-1.0
FCX,2026-02-06,1.908,gap_1_2,PMH,09:36,0.083,SL,-0.5,SL,-0.5,SL,-1.0
FCX,2026-02-09,1.162,gap_1_2,PMH,09:32,2.399,TP,1.0,TP,1.5,TP,2.0
FCX,2026-02-11,2.909,gap_2plus,PDH,10:21,2.765,SL,-0.5,SL,-0.5,TP,2.0
FCX,2026-02-18,2.717,gap_2plus,PMH,09:54,-0.683,SL,-0.5,SL,-0.5,SL,-1.0
FCX,2026-02-25,1.65,gap_1_2,PDH,09:38,-0.232,SL,-0.5,SL,-0.5,SL,-1.0
FCX,2026-03-04,1.99,gap_1_2,PMH,09:31,-1.839,SL,-0.5,SL,-0.5,SL,-1.0
FCX,2026-03-16,1.508,gap_1_2,PMH,09:35,0.661,SL,-0.5,SL,-0.5,SL,-1.0
FCX,2026-03-23,4.165,gap_2plus,PDH,09:41,1.816,TP,1.0,TP,1.5,TP,2.0
FCX,2026-03-30,2.428,gap_2plus,PMH,09:31,-5.679,SL,-0.5,SL,-0.5,SL,-1.0
FCX,2026-03-31,3.102,gap_2plus,PMH,09:35,4.257,TP,1.0,TP,1.5,TP,2.0
FCX,2026-04-01,3.351,gap_2plus,PMH,10:29,0.352,TP,1.0,TP,1.5,EOD,0.3524
FCX,2026-04-08,7.364,gap_2plus,PMH,09:46,-0.253,SL,-0.5,SL,-0.5,SL,-1.0
FCX,2026-04-10,1.174,gap_1_2,PMH,09:33,0.236,SL,-0.5,SL,-0.5,EOD,0.2363
FCX,2026-04-17,1.596,gap_1_2,PDH,10:10,0.898,TP,1.0,TP,1.5,EOD,0.8981
FCX,2026-04-22,2.686,gap_2plus,PMH,09:43,0.904,TP,1.0,EOD,0.904,EOD,0.904
FCX,2026-05-05,2.554,gap_2plus,PMH,09:31,0.566,SL,-0.5,SL,-0.5,SL,-1.0
FCX,2026-05-07,1.216,gap_1_2,PDH,09:52,-1.174,TP,1.0,TP,1.5,SL,-1.0
FCX,2026-05-08,1.93,gap_1_2,PMH,09:35,-0.82,SL,-0.5,SL,-0.5,SL,-1.0
FCX,2026-05-13,1.204,gap_1_2,PDH,09:34,1.168,SL,-0.5,SL,-0.5,TP,2.0
FCX,2026-05-26,1.71,gap_1_2,PMH,09:35,0.688,TP,1.0,TP,1.5,EOD,0.6883
FCX,2026-06-02,1.253,gap_1_2,PMH,09:33,4.769,TP,1.0,TP,1.5,TP,2.0
FCX,2026-06-08,1.925,gap_1_2,PMH,09:33,-1.798,SL,-0.5,SL,-0.5,SL,-1.0
FCX,2026-06-09,2.003,gap_2plus,PDH,09:33,-2.282,SL,-0.5,SL,-0.5,SL,-1.0
FCX,2026-06-11,1.53,gap_1_2,PMH,09:46,4.035,TP,1.0,TP,1.5,TP,2.0
FCX,2026-06-12,1.342,gap_1_2,PMH,09:35,0.066,SL,-0.5,SL,-0.5,SL,-1.0
FCX,2026-06-15,4.087,gap_2plus,PMH,09:47,-1.964,SL,-0.5,SL,-0.5,SL,-1.0
GOOGL,2025-12-18,1.682,gap_1_2,PMH,10:42,-0.063,EOD,-0.0628,EOD,-0.0628,EOD,-0.0628
GOOGL,2026-01-02,1.246,gap_1_2,PMH,10:09,-0.926,SL,-0.5,SL,-0.5,SL,-1.0
GOOGL,2026-01-08,2.154,gap_2plus,PDH,09:35,-0.422,SL,-0.5,SL,-0.5,SL,-1.0
GOOGL,2026-01-22,1.681,gap_1_2,PDH,09:31,-0.64,SL,-0.5,SL,-0.5,SL,-1.0
GOOGL,2026-02-03,1.03,gap_1_2,PDH,09:38,-1.493,SL,-0.5,SL,-0.5,SL,-1.0
GOOGL,2026-02-23,1.274,gap_1_2,PDH,09:48,-1.705,SL,-0.5,SL,-0.5,SL,-1.0
GOOGL,2026-03-31,1.759,gap_1_2,PMH,09:33,3.268,TP,1.0,TP,1.5,TP,2.0
GOOGL,2026-04-14,1.102,gap_1_2,PMH,09:44,2.157,TP,1.0,TP,1.5,TP,2.0
GOOGL,2026-05-06,1.552,gap_1_2,PMH,10:59,-0.058,SL,-0.5,SL,-0.5,EOD,-0.0578
GOOGL,2026-06-09,1.038,gap_1_2,PDH,10:19,-0.691,SL,-0.5,SL,-0.5,SL,-1.0
GOOGL,2026-06-12,1.404,gap_1_2,PDH,09:58,0.061,TP,1.0,TP,1.5,EOD,0.0612
GOOGL,2026-06-15,2.305,gap_2plus,PMH,09:32,-0.654,SL,-0.5,SL,-0.5,SL,-1.0
JNJ,2026-03-30,1.302,gap_1_2,PDH,10:46,-0.113,SL,-0.5,SL,-0.5,EOD,-0.1133
JNJ,2026-04-28,1.074,gap_1_2,PDH,09:36,-0.127,TP,1.0,SL,-0.5,EOD,-0.1272
JNJ,2026-06-04,1.57,gap_1_2,PMH,10:15,0.313,SL,-0.5,SL,-0.5,EOD,0.3133
JPM,2026-02-11,1.587,gap_1_2,PMH,09:45,-3.741,SL,-0.5,SL,-0.5,SL,-1.0
JPM,2026-03-16,1.023,gap_1_2,PMH,09:39,-0.176,SL,-0.5,SL,-0.5,EOD,-0.1762
JPM,2026-03-17,1.007,gap_1_2,PDH,10:04,-0.848,SL,-0.5,SL,-0.5,SL,-1.0
JPM,2026-03-31,1.628,gap_1_2,PDH,09:41,2.345,TP,1.0,TP,1.5,TP,2.0
JPM,2026-04-28,1.133,gap_1_2,PDH,10:06,-0.366,EOD,-0.3663,EOD,-0.3663,EOD,-0.3663
JPM,2026-06-04,1.622,gap_1_2,PMH,09:31,1.623,TP,1.0,TP,1.5,TP,2.0
JPM,2026-06-05,1.094,gap_1_2,PDH,10:04,-0.179,SL,-0.5,SL,-0.5,SL,-1.0
KO,2026-04-23,1.085,gap_1_2,BOTH,09:31,0.751,TP,1.0,EOD,0.7509,EOD,0.7509
KO,2026-04-28,5.408,gap_2plus,PMH,09:31,-1.471,SL,-0.5,SL,-0.5,SL,-1.0
KO,2026-05-15,1.093,gap_1_2,PDH,09:32,-0.345,SL,-0.5,SL,-0.5,EOD,-0.3452
KO,2026-06-10,1.66,gap_1_2,PMH,09:33,0.905,SL,-0.5,SL,-0.5,EOD,0.9054
MDT,2026-03-23,1.206,gap_1_2,PDH,10:55,-0.126,SL,-0.5,SL,-0.5,EOD,-0.126
MDT,2026-04-08,1.672,gap_1_2,PDH,09:41,1.821,TP,1.0,TP,1.5,TP,2.0
META,2025-12-18,1.169,gap_1_2,PMH,09:45,0.602,TP,1.0,TP,1.5,EOD,0.6019
META,2026-01-22,2.659,gap_2plus,PMH,09:33,2.304,SL,-0.5,SL,-0.5,TP,2.0
META,2026-03-16,3.085,gap_2plus,PDH,09:33,-0.518,SL,-0.5,SL,-0.5,SL,-1.0
META,2026-03-23,1.961,gap_1_2,PDH,09:53,-0.069,SL,-0.5,SL,-0.5,EOD,-0.0687
META,2026-03-30,2.03,gap_2plus,PMH,09:31,-0.107,SL,-0.5,SL,-0.5,SL,-1.0
META,2026-04-01,1.402,gap_1_2,PMH,09:34,-0.448,SL,-0.5,SL,-0.5,SL,-1.0
META,2026-04-09,2.331,gap_2plus,BOTH,09:44,-0.315,SL,-0.5,SL,-0.5,SL,-1.0
META,2026-04-14,1.371,gap_1_2,PMH,09:35,2.833,TP,1.0,TP,1.5,TP,2.0
META,2026-06-09,1.148,gap_1_2,PDH,09:35,-1.411,SL,-0.5,SL,-0.5,SL,-1.0
MRK,2026-01-08,1.851,gap_1_2,BOTH,09:36,-0.818,SL,-0.5,SL,-0.5,SL,-1.0
MRK,2026-02-13,1.861,gap_1_2,PMH,09:31,-0.781,SL,-0.5,SL,-0.5,SL,-1.0
MRK,2026-03-23,1.752,gap_1_2,PDH,09:35,0.425,TP,1.0,EOD,0.4253,EOD,0.4253
MRK,2026-04-28,1.161,gap_1_2,PMH,09:33,-1.464,SL,-0.5,SL,-0.5,SL,-1.0
MRK,2026-05-01,2.951,gap_2plus,PMH,09:35,-0.737,TP,1.0,SL,-0.5,EOD,-0.7367
MRK,2026-05-22,4.039,gap_2plus,PMH,09:35,0.77,SL,-0.5,SL,-0.5,SL,-1.0
MRK,2026-06-04,2.074,gap_2plus,PDH,09:34,1.537,TP,1.0,SL,-0.5,EOD,1.5365
MSFT,2026-02-10,1.447,gap_1_2,PMH,09:58,-1.748,SL,-0.5,SL,-0.5,SL,-1.0
MSFT,2026-02-26,1.054,gap_1_2,PDH,09:39,-0.264,TP,1.0,SL,-0.5,SL,-1.0
MSFT,2026-03-30,1.471,gap_1_2,PDH,10:24,-1.024,SL,-0.5,SL,-0.5,SL,-1.0
MSFT,2026-04-15,1.244,gap_1_2,PMH,09:33,2.897,TP,1.0,TP,1.5,TP,2.0
MSFT,2026-04-16,2.098,gap_2plus,PDH,10:06,1.357,TP,1.0,TP,1.5,EOD,1.3573
MSFT,2026-04-17,1.137,gap_1_2,PMH,10:41,-1.227,SL,-0.5,SL,-0.5,SL,-1.0
MSFT,2026-05-01,1.224,gap_1_2,PDH,09:34,-0.029,SL,-0.5,SL,-0.5,SL,-1.0
MSFT,2026-05-15,1.155,gap_1_2,PMH,09:34,1.648,TP,1.0,TP,1.5,TP,2.0
MSFT,2026-05-19,1.47,gap_1_2,PDH,09:36,-1.965,TP,1.0,SL,-0.5,SL,-1.0
NEE,2026-01-29,1.142,gap_1_2,PDH,09:35,-1.1,SL,-0.5,SL,-0.5,SL,-1.0
NEE,2026-02-04,1.042,gap_1_2,PMH,11:44,0.52,TP,1.0,EOD,0.5195,EOD,0.5195
NEE,2026-02-06,1.48,gap_1_2,BOTH,09:31,-1.509,SL,-0.5,SL,-0.5,SL,-1.0
NEE,2026-03-13,1.123,gap_1_2,PDH,11:05,0.038,EOD,0.0377,EOD,0.0377,EOD,0.0377
NEE,2026-03-23,1.641,gap_1_2,PMH,09:52,-1.074,SL,-0.5,SL,-0.5,SL,-1.0
NEE,2026-03-30,1.467,gap_1_2,PMH,09:31,-0.481,SL,-0.5,SL,-0.5,SL,-1.0
NEE,2026-04-28,1.065,gap_1_2,PMH,10:56,0.51,EOD,0.5103,EOD,0.5103,EOD,0.5103
NFLX,2025-12-17,1.539,gap_1_2,PMH,09:33,-2.36,SL,-0.5,SL,-0.5,SL,-1.0
NFLX,2026-01-07,1.049,gap_1_2,PMH,09:31,-1.224,SL,-0.5,SL,-0.5,SL,-1.0
NFLX,2026-01-20,1.051,gap_1_2,PMH,09:38,-2.769,SL,-0.5,SL,-0.5,SL,-1.0
NFLX,2026-02-05,1.465,gap_1_2,PMH,09:33,-1.995,TP,1.0,SL,-0.5,SL,-1.0
NFLX,2026-03-27,1.317,gap_1_2,PMH,09:32,-1.926,SL,-0.5,SL,-0.5,SL,-1.0
NFLX,2026-04-06,2.34,gap_2plus,PDH,10:40,0.208,SL,-0.5,SL,-0.5,EOD,0.2075
NVDA,2025-12-18,2.13,gap_2plus,PMH,10:26,-0.367,SL,-0.5,SL,-0.5,SL,-1.0
NVDA,2025-12-19,1.526,gap_1_2,PMH,09:32,1.823,TP,1.0,TP,1.5,TP,2.0
NVDA,2025-12-31,1.077,gap_1_2,PMH,09:31,-2.025,SL,-0.5,SL,-0.5,SL,-1.0
NVDA,2026-01-02,1.794,gap_1_2,BOTH,09:31,-1.064,TP,1.0,SL,-0.5,SL,-1.0
NVDA,2026-01-05,1.568,gap_1_2,PDH,09:31,-2.669,SL,-0.5,SL,-0.5,SL,-1.0
NVDA,2026-01-06,1.276,gap_1_2,PMH,09:47,-2.053,SL,-0.5,SL,-0.5,SL,-1.0
NVDA,2026-01-15,1.801,gap_1_2,PMH,09:39,-0.112,TP,1.0,SL,-0.5,EOD,-0.1121
NVDA,2026-01-16,1.021,gap_1_2,BOTH,09:35,-1.891,SL,-0.5,SL,-0.5,SL,-1.0
NVDA,2026-01-23,1.439,gap_1_2,PMH,09:31,-0.877,SL,-0.5,SL,-0.5,SL,-1.0
NVDA,2026-01-28,1.457,gap_1_2,PDH,11:54,0.761,TP,1.0,EOD,0.7612,EOD,0.7612
NVDA,2026-02-06,2.798,gap_2plus,PDH,09:33,4.722,TP,1.0,TP,1.5,TP,2.0
NVDA,2026-02-11,2.025,gap_2plus,PDH,09:31,-1.362,SL,-0.5,SL,-0.5,SL,-1.0
NVDA,2026-02-18,2.005,gap_2plus,PMH,10:04,-0.978,SL,-0.5,SL,-0.5,SL,-1.0
NVDA,2026-03-13,1.044,gap_1_2,PMH,09:31,-3.013,SL,-0.5,SL,-0.5,SL,-1.0
NVDA,2026-03-16,1.492,gap_1_2,PMH,09:33,-0.589,TP,1.0,TP,1.5,TP,2.0
NVDA,2026-03-23,2.538,gap_2plus,PDH,11:11,-1.565,SL,-0.5,SL,-0.5,SL,-1.0
NVDA,2026-03-25,1.021,gap_1_2,PMH,09:34,-0.05,TP,1.0,SL,-0.5,EOD,-0.0503
NVDA,2026-03-31,1.163,gap_1_2,PMH,09:34,3.35,TP,1.0,TP,1.5,TP,2.0
NVDA,2026-05-06,1.73,gap_1_2,PDH,09:32,3.196,SL,-0.5,SL,-0.5,TP,2.0
NVDA,2026-05-13,1.82,gap_1_2,PMH,09:34,-0.423,SL,-0.5,SL,-0.5,SL,-1.0
NVDA,2026-05-14,1.78,gap_1_2,PMH,10:22,0.853,TP,1.0,EOD,0.8535,EOD,0.8535
PG,2025-12-17,1.026,gap_1_2,PMH,09:31,0.777,TP,1.0,EOD,0.7773,EOD,0.7773
PG,2026-01-22,1.404,gap_1_2,PMH,09:31,0.531,SL,-0.5,SL,-0.5,EOD,0.5306
PG,2026-02-05,1.103,gap_1_2,PMH,09:33,-0.139,SL,-0.5,SL,-0.5,SL,-1.0
PG,2026-04-08,1.324,gap_1_2,PDH,09:32,0.597,SL,-0.5,SL,-0.5,EOD,0.597
PG,2026-04-28,1.092,gap_1_2,PMH,09:33,-0.686,SL,-0.5,SL,-0.5,SL,-1.0
PG,2026-05-06,1.021,gap_1_2,PMH,10:12,1.025,TP,1.0,TP,1.5,EOD,1.0245
PG,2026-06-05,1.019,gap_1_2,PDH,09:37,2.3,TP,1.0,TP,1.5,TP,2.0
SCHW,2026-01-22,1.208,gap_1_2,PDH,10:16,-0.881,SL,-0.5,SL,-0.5,SL,-1.0
SCHW,2026-02-06,1.235,gap_1_2,PMH,09:31,1.556,TP,1.0,TP,1.5,EOD,1.5562
SCHW,2026-03-04,1.008,gap_1_2,BOTH,10:12,-0.052,EOD,-0.052,EOD,-0.052,EOD,-0.052
SCHW,2026-03-16,1.139,gap_1_2,PDH,10:48,-0.266,TP,1.0,SL,-0.5,EOD,-0.2664
SCHW,2026-03-31,1.016,gap_1_2,PDH,09:50,0.107,SL,-0.5,SL,-0.5,SL,-1.0
SCHW,2026-04-01,1.096,gap_1_2,PDH,11:43,-1.943,SL,-0.5,SL,-0.5,SL,-1.0
SCHW,2026-04-15,1.037,gap_1_2,PMH,09:31,0.582,TP,1.0,SL,-0.5,EOD,0.5817
SCHW,2026-05-15,1.151,gap_1_2,PDH,09:54,-1.549,SL,-0.5,SL,-0.5,SL,-1.0
SCHW,2026-06-04,1.016,gap_1_2,BOTH,09:57,0.399,TP,1.0,EOD,0.3995,EOD,0.3995
T,2026-01-30,1.573,gap_1_2,PMH,09:32,2.482,SL,-0.5,SL,-0.5,SL,-1.0
T,2026-04-28,1.646,gap_1_2,PMH,09:49,0.366,TP,1.0,EOD,0.3657,EOD,0.3657
T,2026-06-04,1.358,gap_1_2,PMH,09:39,-4.863,SL,-0.5,SL,-0.5,SL,-1.0
TSLA,2025-12-18,2.346,gap_2plus,PMH,09:43,0.826,SL,-0.5,SL,-0.5,TP,2.0
TSLA,2025-12-22,1.849,gap_1_2,BOTH,09:31,-1.102,SL,-0.5,SL,-0.5,SL,-1.0
TSLA,2026-01-05,2.214,gap_2plus,PMH,09:33,0.409,TP,1.0,TP,1.5,EOD,0.409
TSLA,2026-01-29,1.432,gap_1_2,PDH,09:31,-5.004,SL,-0.5,SL,-0.5,SL,-1.0
TSLA,2026-01-30,2.24,gap_2plus,PMH,10:06,0.363,TP,1.0,TP,1.5,TP,2.0
TSLA,2026-03-04,1.401,gap_1_2,PMH,09:33,0.732,SL,-0.5,SL,-0.5,SL,-1.0
TSLA,2026-03-16,1.291,gap_1_2,PMH,09:31,-0.793,TP,1.0,SL,-0.5,SL,-1.0
TSLA,2026-03-23,1.413,gap_1_2,PDH,09:39,0.158,TP,1.0,SL,-0.5,EOD,0.1578
TSLA,2026-03-25,1.801,gap_1_2,PMH,09:32,-1.868,SL,-0.5,SL,-0.5,SL,-1.0
TSLA,2026-03-30,1.133,gap_1_2,PMH,09:31,-3.175,SL,-0.5,SL,-0.5,SL,-1.0
TSLA,2026-04-01,1.867,gap_1_2,PMH,10:58,-0.063,SL,-0.5,SL,-0.5,SL,-1.0
TSLA,2026-04-08,4.972,gap_2plus,PDH,10:34,-1.379,SL,-0.5,SL,-0.5,SL,-1.0
TSLA,2026-04-14,1.491,gap_1_2,PMH,09:31,0.884,SL,-0.5,SL,-0.5,SL,-1.0
TSLA,2026-04-17,1.834,gap_1_2,PDH,09:37,1.574,TP,1.0,TP,1.5,TP,2.0
TXN,2025-12-18,1.485,gap_1_2,PMH,09:40,-0.525,SL,-0.5,SL,-0.5,EOD,-0.5252
TXN,2025-12-22,1.804,gap_1_2,PDH,10:32,0.255,EOD,0.2551,EOD,0.2551,EOD,0.2551
TXN,2026-01-02,1.141,gap_1_2,BOTH,09:33,0.305,SL,-0.5,SL,-0.5,SL,-1.0
TXN,2026-01-06,1.645,gap_1_2,PDH,09:32,4.859,TP,1.0,TP,1.5,TP,2.0
TXN,2026-01-22,1.476,gap_1_2,PDH,10:10,-0.588,SL,-0.5,SL,-0.5,SL,-1.0
TXN,2026-03-16,1.944,gap_1_2,PDH,10:00,0.186,SL,-0.5,SL,-0.5,EOD,0.1858
TXN,2026-03-23,3.91,gap_2plus,PDH,09:43,-1.003,SL,-0.5,SL,-0.5,SL,-1.0
TXN,2026-03-25,1.485,gap_1_2,PMH,09:31,-0.694,SL,-0.5,SL,-0.5,SL,-1.0
TXN,2026-03-31,2.087,gap_2plus,PMH,09:58,1.564,SL,-0.5,SL,-0.5,SL,-1.0
TXN,2026-04-06,1.088,gap_1_2,PMH,10:09,1.298,TP,1.0,EOD,1.2979,EOD,1.2979
TXN,2026-04-08,3.57,gap_2plus,PMH,09:31,-0.186,SL,-0.5,SL,-0.5,SL,-1.0
TXN,2026-04-09,1.733,gap_1_2,PMH,09:53,0.755,TP,1.0,EOD,0.7548,EOD,0.7548
TXN,2026-04-17,2.317,gap_2plus,PMH,11:53,-0.113,SL,-0.5,SL,-0.5,EOD,-0.113
TXN,2026-04-20,1.014,gap_1_2,PDH,09:34,1.344,TP,1.0,EOD,1.3443,EOD,1.3443
TXN,2026-04-22,1.387,gap_1_2,PDH,09:32,0.085,SL,-0.5,SL,-0.5,EOD,0.0847
TXN,2026-04-23,10.114,gap_2plus,PMH,09:31,5.22,TP,1.0,TP,1.5,TP,2.0
TXN,2026-04-29,1.764,gap_1_2,PMH,09:31,-1.0,SL,-0.5,SL,-0.5,SL,-1.0
TXN,2026-05-11,1.132,gap_1_2,PMH,09:31,1.898,TP,1.0,SL,-0.5,SL,-1.0
TXN,2026-05-13,2.54,gap_2plus,PMH,09:33,0.405,TP,1.0,EOD,0.4047,EOD,0.4047
TXN,2026-05-18,1.949,gap_1_2,BOTH,09:32,-2.378,SL,-0.5,SL,-0.5,SL,-1.0
TXN,2026-05-26,2.988,gap_2plus,PMH,09:35,1.34,TP,1.0,TP,1.5,EOD,1.3398
TXN,2026-06-02,2.892,gap_2plus,BOTH,09:38,1.905,SL,-0.5,SL,-0.5,SL,-1.0
TXN,2026-06-08,3.141,gap_2plus,PMH,11:05,-1.444,SL,-0.5,SL,-0.5,SL,-1.0
TXN,2026-06-11,2.525,gap_2plus,PMH,09:46,2.128,SL,-0.5,SL,-0.5,SL,-1.0
TXN,2026-06-15,3.009,gap_2plus,PMH,09:50,-0.147,SL,-0.5,SL,-0.5,SL,-1.0
UNH,2026-01-06,1.818,gap_1_2,PMH,09:36,-0.033,SL,-0.5,SL,-0.5,SL,-1.0
UNH,2026-02-25,1.21,gap_1_2,PMH,09:34,2.007,TP,1.0,TP,1.5,TP,2.0
UNH,2026-04-01,1.342,gap_1_2,PDH,09:44,0.608,SL,-0.5,SL,-0.5,EOD,0.6078
UNH,2026-04-17,1.157,gap_1_2,PDH,09:31,1.62,TP,1.0,TP,1.5,EOD,1.6205
UNH,2026-04-21,9.119,gap_2plus,PMH,09:44,-2.449,SL,-0.5,SL,-0.5,SL,-1.0
UNH,2026-04-22,1.439,gap_1_2,PDH,11:09,-1.219,SL,-0.5,SL,-0.5,SL,-1.0
V,2026-03-30,1.09,gap_1_2,PMH,09:35,0.201,SL,-0.5,SL,-0.5,SL,-1.0
V,2026-04-08,1.736,gap_1_2,PMH,09:33,-0.4,SL,-0.5,SL,-0.5,EOD,-0.3997
V,2026-04-29,8.758,gap_2plus,PMH,10:15,-0.455,TP,1.0,SL,-0.5,EOD,-0.4548
VZ,2026-01-30,5.514,gap_2plus,PMH,09:31,4.019,SL,-0.5,SL,-0.5,SL,-1.0
VZ,2026-02-04,1.212,gap_1_2,PDH,09:33,0.513,SL,-0.5,SL,-0.5,SL,-1.0
VZ,2026-02-19,1.759,gap_1_2,PMH,09:31,-0.542,SL,-0.5,SL,-0.5,EOD,-0.5421
VZ,2026-06-04,1.04,gap_1_2,PMH,09:31,-5.157,SL,-0.5,SL,-0.5,SL,-1.0
VZ,2026-06-10,1.508,gap_1_2,PMH,09:39,0.858,SL,-0.5,SL,-0.5,SL,-1.0
VZ,2026-06-12,1.044,gap_1_2,PMH,09:33,1.499,TP,1.0,TP,1.5,EOD,1.4985
WMT,2026-02-19,1.335,gap_1_2,BOTH,09:38,-3.442,SL,-0.5,SL,-0.5,SL,-1.0
XOM,2026-01-05,2.096,gap_2plus,PDH,10:10,2.092,TP,1.0,TP,1.5,TP,2.0
XOM,2026-01-20,1.263,gap_1_2,PMH,10:04,-0.836,SL,-0.5,SL,-0.5,SL,-1.0
XOM,2026-01-23,1.07,gap_1_2,PMH,09:33,-0.586,SL,-0.5,SL,-0.5,EOD,-0.5856
XOM,2026-01-29,1.992,gap_1_2,PMH,09:31,-0.362,TP,1.0,SL,-0.5,SL,-1.0
XOM,2026-02-11,1.59,gap_1_2,PMH,09:31,0.761,TP,1.0,TP,1.5,EOD,0.7611
XOM,2026-02-18,1.306,gap_1_2,PMH,09:31,1.284,SL,-0.5,SL,-0.5,EOD,1.2842
XOM,2026-02-27,1.642,gap_1_2,PDH,09:36,0.903,SL,-0.5,SL,-0.5,SL,-1.0
XOM,2026-03-02,4.437,gap_2plus,PDH,10:31,0.127,SL,-0.5,SL,-0.5,EOD,0.1266
XOM,2026-04-02,2.301,gap_2plus,PMH,09:40,-3.727,SL,-0.5,SL,-0.5,SL,-1.0
XOM,2026-04-28,2.261,gap_2plus,PMH,09:31,-0.83,SL,-0.5,SL,-0.5,SL,-1.0
XOM,2026-05-11,1.122,gap_1_2,BOTH,09:49,2.063,TP,1.0,TP,1.5,TP,2.0
XOM,2026-06-01,1.163,gap_1_2,PMH,09:40,0.905,TP,1.0,EOD,0.9047,EOD,0.9047
XOM,2026-06-10,1.619,gap_1_2,PDH,09:32,-0.324,SL,-0.5,SL,-0.5,SL,-1.0
