Sym,Setup,Level,TimeWindow,ExitCfg,N,WR%,PF,EV_pts,MaxDD_pts
ES,breakout,PriorRTHHigh,10:30-11:00,TP12_SL6,1,100.0,inf,12.0,0.0
ES,breakout,PriorRTHHigh,10:30-11:00,TP8_SL4,1,100.0,inf,8.0,0.0
ES,breakout,PriorRTHHigh,12:00-14:00,TP8_SL4,2,100.0,inf,8.0,0.0
ES,reject,OR15High,14:00-close,TP8_SL4,2,100.0,inf,8.0,0.0
ES,reject,GlobexHigh,10:30-11:00,TP12_SL6,12,66.7,4.0,6.0,-6.0
ES,reject,OR15Low,12:00-14:00,TP12_SL6,3,66.7,4.0,6.0,-6.0
ES,reject,OR15Low,12:00-14:00,TP8_SL4,3,66.7,4.0,4.0,-4.0
ES,reject,GlobexHigh,09:45-10:00,TP12_SL6,21,61.9,3.25,5.14,-12.0
ES,breakout,GlobexLow,09:45-10:00,TP12_SL6,15,60.0,3.0,4.8,-24.0
ES,breakout,PriorRTHLow,12:00-14:00,TP12_SL6,10,60.0,2.86,4.47,-6.0
ES,reject,PriorRTHLow,14:00-close,TP8_SL4,9,55.6,2.5,2.67,-8.0
ES,breakout,VWAP,09:30-09:45,TP8_SL4,25,52.0,2.17,2.24,-12.0
ES,breakout,OR15High,09:45-10:00,TP12_SL6,2,50.0,2.0,3.0,-6.0
ES,breakout,OR15High,09:45-10:00,TP8_SL4,2,50.0,2.0,2.0,-4.0
ES,breakout,PriorRTHHigh,09:45-10:00,TP12_SL6,4,50.0,2.0,3.0,-12.0
ES,breakout,PriorRTHHigh,09:45-10:00,TP8_SL4,4,50.0,2.0,2.0,-8.0
ES,breakout,PriorRTHHigh,12:00-14:00,TP12_SL6,2,50.0,2.0,3.0,0.0
ES,breakout,PriorRTHLow,12:00-14:00,TP8_SL4,10,50.0,2.0,2.0,-12.0
ES,breakout,VWAP,09:45-10:00,TP12_SL6,2,50.0,2.0,3.0,-6.0
ES,breakout,VWAP,09:45-10:00,TP8_SL4,2,50.0,2.0,2.0,-4.0
ES,reject,GlobexLow,12:00-14:00,TP8_SL4,12,50.0,2.0,2.0,-12.0
ES,reject,OR15High,14:00-close,TP12_SL6,2,50.0,2.0,3.0,-6.0
ES,reject,OR15Low,10:30-11:00,TP12_SL6,4,50.0,2.0,3.0,-12.0
ES,reject,OR15Low,10:30-11:00,TP8_SL4,4,50.0,2.0,2.0,-8.0
ES,reject,OR15Low,11:00-12:00,TP12_SL6,4,50.0,2.0,3.0,-6.0
ES,reject,OR15Low,11:00-12:00,TP8_SL4,4,50.0,2.0,2.0,-4.0
ES,reject,PriorRTHHigh,11:00-12:00,TP8_SL4,14,50.0,2.0,2.0,-16.0
ES,reject,VWAP,09:45-10:00,TP12_SL6,10,50.0,2.0,3.0,-12.0
ES,reject,VWAP,09:45-10:00,TP8_SL4,10,50.0,2.0,2.0,-8.0
ES,reject,GlobexHigh,09:45-10:00,TP8_SL4,21,47.6,1.82,1.71,-12.0
ES,breakout,GlobexLow,09:45-10:00,TP8_SL4,15,46.7,1.75,1.6,-20.0
ES,reject,PriorRTHLow,14:00-close,TP12_SL6,9,44.4,1.6,2.0,-12.0
ES,breakout,PriorRTHLow,09:30-09:45,TP12_SL6,39,43.6,1.55,1.85,-42.0
ES,reject,GlobexLow,09:45-10:00,TP12_SL6,23,43.5,1.54,1.83,-18.0
ES,breakout,GlobexLow,11:00-12:00,TP8_SL4,14,42.9,1.5,1.14,-16.0
ES,reject,PriorRTHHigh,09:45-10:00,TP12_SL6,19,42.1,1.45,1.58,-24.0
ES,breakout,GlobexLow,14:00-close,TP12_SL6,11,45.5,1.43,1.41,-26.5
ES,reject,GlobexHigh,10:30-11:00,TP8_SL4,12,41.7,1.43,1.0,-8.0
ES,reject,PriorRTHLow,10:00-10:30,TP12_SL6,12,41.7,1.43,1.5,-18.0
ES,reject,OR15High,09:45-10:00,TP12_SL6,29,41.4,1.41,1.45,-24.0
ES,reject,GlobexHigh,10:00-10:30,TP12_SL6,17,41.2,1.4,1.41,-18.0
ES,reject,GlobexHigh,10:00-10:30,TP8_SL4,17,41.2,1.4,0.94,-8.0
ES,reject,PriorRTHLow,09:30-09:45,TP12_SL6,34,41.2,1.4,1.41,-30.0
ES,breakout,GlobexLow,09:30-09:45,TP8_SL4,86,40.7,1.37,0.88,-40.0
ES,reject,OR15High,09:30-09:45,TP12_SL6,215,40.5,1.34,1.23,-84.0
ES,breakout,GlobexHigh,09:30-09:45,TP8_SL4,5,40.0,1.33,0.8,-12.0
ES,breakout,GlobexLow,12:00-14:00,TP12_SL6,15,40.0,1.33,1.2,-24.0
ES,breakout,PriorRTHLow,09:45-10:00,TP8_SL4,10,40.0,1.33,0.8,-8.0
ES,reject,GlobexLow,10:30-11:00,TP12_SL6,10,40.0,1.33,1.2,-18.0
ES,reject,GlobexLow,10:30-11:00,TP8_SL4,10,40.0,1.33,0.8,-12.0
ES,breakout,GlobexLow,09:30-09:45,TP12_SL6,86,38.4,1.28,1.01,-32.5
ES,reject,GlobexHigh,09:30-09:45,TP12_SL6,57,38.6,1.26,0.95,-42.0
ES,reject,PriorRTHHigh,09:30-09:45,TP12_SL6,70,38.6,1.26,0.94,-42.0
ES,reject,PriorRTHHigh,09:30-09:45,TP8_SL4,70,38.6,1.26,0.63,-52.0
ES,reject,PriorRTHLow,09:30-09:45,TP8_SL4,34,38.2,1.24,0.59,-20.0
ES,reject,VWAP,09:30-09:45,TP12_SL6,240,37.9,1.21,0.78,-72.0
ES,reject,GlobexHigh,09:30-09:45,TP8_SL4,57,36.8,1.17,0.42,-36.0
ES,breakout,GlobexLow,14:00-close,TP8_SL4,11,36.4,1.14,0.36,-24.0
ES,reject,PriorRTHHigh,14:00-close,TP8_SL4,11,36.4,1.14,0.36,-16.0
ES,breakout,VWAP,09:30-09:45,TP12_SL6,25,36.0,1.12,0.48,-30.0
ES,reject,GlobexHigh,14:00-close,TP12_SL6,23,47.8,1.11,0.32,-27.5
ES,reject,PriorRTHHigh,11:00-12:00,TP12_SL6,14,35.7,1.11,0.43,-24.0
ES,reject,GlobexHigh,11:00-12:00,TP8_SL4,17,35.3,1.09,0.24,-24.0
ES,reject,GlobexLow,09:45-10:00,TP8_SL4,23,34.8,1.07,0.17,-12.0
ES,reject,OR15High,09:30-09:45,TP8_SL4,215,34.9,1.06,0.15,-60.0
ES,reject,OR15High,09:45-10:00,TP8_SL4,29,34.5,1.05,0.14,-20.0
ES,breakout,GlobexHigh,09:45-10:00,TP8_SL4,3,33.3,1.0,0.0,-8.0
ES,breakout,GlobexLow,10:30-11:00,TP12_SL6,6,33.3,1.0,0.0,-12.0
ES,breakout,GlobexLow,10:30-11:00,TP8_SL4,6,33.3,1.0,0.0,-8.0
ES,breakout,PriorRTHHigh,10:00-10:30,TP12_SL6,3,33.3,1.0,0.0,-6.0
ES,breakout,PriorRTHLow,09:30-09:45,TP8_SL4,39,33.3,1.0,0.0,-36.0
ES,reject,GlobexLow,11:00-12:00,TP12_SL6,15,33.3,1.0,0.0,-30.0
ES,reject,PriorRTHLow,09:45-10:00,TP8_SL4,12,33.3,1.0,0.0,-16.0
ES,reject,PriorRTHLow,10:00-10:30,TP8_SL4,12,33.3,1.0,0.0,-12.0
ES,reject,PriorRTHLow,11:00-12:00,TP12_SL6,15,33.3,1.0,0.0,-30.0
ES,reject,PriorRTHLow,11:00-12:00,TP8_SL4,15,33.3,1.0,0.0,-20.0
ES,reject,VWAP,10:00-10:30,TP8_SL4,3,33.3,1.0,0.0,-4.0
ES,reject,GlobexLow,14:00-close,TP12_SL6,15,33.3,0.93,-0.23,-33.5
ES,reject,VWAP,09:30-09:45,TP8_SL4,240,32.1,0.93,-0.18,-92.0
ES,reject,PriorRTHHigh,09:45-10:00,TP8_SL4,19,31.6,0.92,-0.21,-16.0
ES,reject,GlobexHigh,14:00-close,TP8_SL4,23,39.1,0.88,-0.3,-19.75
ES,reject,GlobexLow,09:30-09:45,TP12_SL6,37,29.7,0.87,-0.51,-73.0
ES,reject,GlobexLow,09:30-09:45,TP8_SL4,37,29.7,0.87,-0.35,-32.0
ES,breakout,PriorRTHHigh,09:30-09:45,TP8_SL4,30,30.0,0.86,-0.4,-32.0
ES,breakout,PriorRTHLow,09:45-10:00,TP12_SL6,10,30.0,0.86,-0.6,-18.0
ES,reject,GlobexHigh,11:00-12:00,TP12_SL6,17,29.4,0.83,-0.71,-42.0
ES,breakout,PriorRTHLow,10:00-10:30,TP12_SL6,7,28.6,0.8,-0.86,-18.0
ES,breakout,PriorRTHLow,10:00-10:30,TP8_SL4,7,28.6,0.8,-0.57,-12.0
ES,breakout,OR15Low,09:30-09:45,TP8_SL4,194,27.8,0.77,-0.66,-156.0
ES,reject,PriorRTHHigh,14:00-close,TP12_SL6,11,27.3,0.75,-1.09,-42.0
ES,reject,PriorRTHLow,10:30-11:00,TP12_SL6,11,27.3,0.75,-1.09,-30.0
ES,reject,PriorRTHLow,10:30-11:00,TP8_SL4,11,27.3,0.75,-0.73,-20.0
ES,reject,OR15Low,09:45-10:00,TP8_SL4,52,26.9,0.74,-0.77,-36.0
ES,breakout,GlobexLow,12:00-14:00,TP8_SL4,15,26.7,0.73,-0.8,-16.0
ES,breakout,PriorRTHHigh,09:30-09:45,TP12_SL6,30,26.7,0.73,-1.2,-66.0
ES,reject,GlobexLow,11:00-12:00,TP8_SL4,15,26.7,0.73,-0.8,-20.0
ES,breakout,GlobexLow,10:00-10:30,TP12_SL6,20,25.0,0.67,-1.5,-78.0
ES,breakout,GlobexLow,10:00-10:30,TP8_SL4,20,25.0,0.67,-1.0,-40.0
ES,breakout,PriorRTHLow,14:00-close,TP12_SL6,8,25.0,0.67,-1.25,-18.0
ES,reject,GlobexLow,12:00-14:00,TP12_SL6,12,25.0,0.67,-1.5,-30.0
ES,reject,OR15High,10:00-10:30,TP12_SL6,4,25.0,0.67,-1.5,-6.0
ES,reject,OR15Low,09:45-10:00,TP12_SL6,52,25.0,0.67,-1.5,-96.0
ES,reject,PriorRTHHigh,10:00-10:30,TP12_SL6,16,25.0,0.67,-1.5,-36.0
ES,reject,PriorRTHHigh,10:00-10:30,TP8_SL4,16,25.0,0.67,-1.0,-24.0
ES,reject,PriorRTHHigh,10:30-11:00,TP12_SL6,8,25.0,0.67,-1.5,-18.0
ES,reject,PriorRTHHigh,10:30-11:00,TP8_SL4,8,25.0,0.67,-1.0,-24.0
ES,reject,PriorRTHLow,12:00-14:00,TP8_SL4,8,25.0,0.67,-1.0,-12.0
ES,breakout,OR15Low,09:30-09:45,TP12_SL6,194,24.7,0.66,-1.55,-336.0
ES,reject,GlobexHigh,12:00-14:00,TP12_SL6,20,25.0,0.58,-1.9,-56.0
ES,reject,GlobexLow,14:00-close,TP8_SL4,15,26.7,0.56,-1.3,-31.5
ES,reject,OR15Low,10:00-10:30,TP8_SL4,14,21.4,0.55,-1.43,-28.0
ES,reject,OR15Low,09:30-09:45,TP12_SL6,148,21.6,0.54,-2.19,-341.5
ES,reject,GlobexLow,10:00-10:30,TP12_SL6,18,16.7,0.4,-3.0,-72.0
ES,reject,GlobexLow,10:00-10:30,TP8_SL4,18,16.7,0.4,-2.0,-48.0
ES,reject,PriorRTHLow,09:45-10:00,TP12_SL6,12,16.7,0.4,-3.0,-42.0
ES,reject,OR15Low,09:30-09:45,TP8_SL4,148,16.9,0.39,-2.02,-311.5
ES,reject,GlobexHigh,12:00-14:00,TP8_SL4,20,15.0,0.35,-2.2,-52.0
ES,breakout,GlobexLow,11:00-12:00,TP12_SL6,14,14.3,0.33,-3.43,-54.0
ES,breakout,PriorRTHLow,14:00-close,TP8_SL4,8,12.5,0.33,-2.0,-16.0
ES,reject,OR15Low,10:00-10:30,TP12_SL6,14,14.3,0.33,-3.43,-42.0
ES,reject,PriorRTHHigh,12:00-14:00,TP12_SL6,11,18.2,0.29,-3.5,-50.5
ES,reject,PriorRTHLow,12:00-14:00,TP12_SL6,8,12.5,0.29,-3.75,-36.0
ES,reject,PriorRTHHigh,12:00-14:00,TP8_SL4,11,9.1,0.2,-2.91,-40.0
ES,breakout,PriorRTHLow,10:30-11:00,TP12_SL6,12,8.3,0.18,-4.5,-48.0
ES,breakout,GlobexHigh,09:30-09:45,TP12_SL6,5,0.0,0.0,-6.0,-24.0
ES,breakout,GlobexHigh,09:45-10:00,TP12_SL6,3,0.0,0.0,-6.0,-12.0
ES,breakout,OR15Low,10:00-10:30,TP12_SL6,1,0.0,0.0,-6.0,0.0
ES,breakout,OR15Low,10:00-10:30,TP8_SL4,1,0.0,0.0,-4.0,0.0
ES,breakout,PriorRTHHigh,10:00-10:30,TP8_SL4,3,0.0,0.0,-4.0,-8.0
ES,breakout,PriorRTHHigh,11:00-12:00,TP12_SL6,1,0.0,0.0,-6.0,0.0
ES,breakout,PriorRTHHigh,11:00-12:00,TP8_SL4,1,0.0,0.0,-4.0,0.0
ES,breakout,PriorRTHLow,10:30-11:00,TP8_SL4,12,0.0,0.0,-4.0,-44.0
ES,breakout,PriorRTHLow,11:00-12:00,TP12_SL6,5,0.0,0.0,-6.0,-24.0
ES,breakout,PriorRTHLow,11:00-12:00,TP8_SL4,5,0.0,0.0,-4.0,-16.0
ES,reject,OR15High,10:00-10:30,TP8_SL4,4,0.0,0.0,-4.0,-12.0
ES,reject,OR15High,11:00-12:00,TP12_SL6,1,0.0,0.0,-6.0,0.0
ES,reject,OR15High,11:00-12:00,TP8_SL4,1,0.0,0.0,-4.0,0.0
ES,reject,OR15High,12:00-14:00,TP12_SL6,1,0.0,0.0,-6.0,0.0
ES,reject,OR15High,12:00-14:00,TP8_SL4,1,0.0,0.0,-4.0,0.0
ES,reject,OR15Low,14:00-close,TP12_SL6,2,0.0,0.0,-3.0,-6.0
ES,reject,OR15Low,14:00-close,TP8_SL4,2,0.0,0.0,-4.0,-4.0
ES,reject,VWAP,10:00-10:30,TP12_SL6,3,0.0,0.0,-6.0,-12.0
NQ,breakout,PriorRTHHigh,14:00-close,TP25_SL12,2,100.0,inf,25.0,0.0
NQ,breakout,PriorRTHHigh,14:00-close,TP40_SL20,2,100.0,inf,40.0,0.0
NQ,reject,VWAP,10:00-10:30,TP25_SL12,1,100.0,inf,25.0,0.0
NQ,reject,VWAP,10:00-10:30,TP40_SL20,1,100.0,inf,40.0,0.0
NQ,reject,PriorRTHHigh,14:00-close,TP25_SL12,8,87.5,12.81,17.72,-12.0
NQ,breakout,GlobexLow,14:00-close,TP25_SL12,7,71.4,5.21,14.43,-12.0
NQ,reject,PriorRTHLow,12:00-14:00,TP25_SL12,9,66.7,4.17,12.67,-12.0
NQ,breakout,OR15High,09:45-10:00,TP40_SL20,3,66.7,4.0,20.0,-20.0
NQ,reject,OR15Low,11:00-12:00,TP40_SL20,6,66.7,4.0,20.0,-20.0
NQ,breakout,OR15Low,09:45-10:00,TP25_SL12,4,50.0,2.08,6.5,-12.0
NQ,breakout,PriorRTHHigh,10:30-11:00,TP25_SL12,2,50.0,2.08,6.5,0.0
NQ,breakout,PriorRTHHigh,11:00-12:00,TP25_SL12,2,50.0,2.08,6.5,0.0
NQ,reject,OR15Low,11:00-12:00,TP25_SL12,6,50.0,2.08,6.5,-36.0
NQ,reject,VWAP,09:45-10:00,TP25_SL12,2,50.0,2.08,6.5,-12.0
NQ,reject,GlobexHigh,09:30-09:45,TP40_SL20,59,50.8,2.07,10.51,-140.0
NQ,breakout,PriorRTHHigh,09:45-10:00,TP40_SL20,6,50.0,2.0,10.0,-20.0
NQ,breakout,PriorRTHLow,14:00-close,TP40_SL20,2,50.0,2.0,10.0,0.0
NQ,reject,VWAP,09:45-10:00,TP40_SL20,2,50.0,2.0,10.0,-20.0
NQ,reject,GlobexLow,10:00-10:30,TP25_SL12,17,47.1,1.85,5.41,-24.0
NQ,reject,OR15High,09:45-10:00,TP25_SL12,15,46.7,1.82,5.27,-24.0
NQ,reject,GlobexHigh,10:30-11:00,TP25_SL12,13,46.2,1.79,5.08,-72.0
NQ,reject,GlobexHigh,09:45-10:00,TP25_SL12,11,45.5,1.74,4.82,-24.0
NQ,breakout,VWAP,09:30-09:45,TP25_SL12,27,44.4,1.67,4.44,-72.0
NQ,reject,OR15High,09:30-09:45,TP40_SL20,223,45.3,1.67,7.25,-180.0
NQ,reject,PriorRTHLow,12:00-14:00,TP40_SL20,9,44.4,1.6,6.67,-40.0
NQ,breakout,GlobexLow,11:00-12:00,TP25_SL12,14,42.9,1.56,3.86,-36.0
NQ,reject,OR15Low,10:00-10:30,TP40_SL20,16,43.8,1.56,6.25,-80.0
NQ,reject,PriorRTHLow,10:30-11:00,TP25_SL12,14,42.9,1.56,3.86,-48.0
NQ,breakout,PriorRTHLow,10:00-10:30,TP25_SL12,12,41.7,1.49,3.42,-60.0
NQ,reject,GlobexHigh,11:00-12:00,TP25_SL12,12,41.7,1.49,3.42,-36.0
NQ,reject,GlobexLow,12:00-14:00,TP25_SL12,17,41.2,1.46,3.24,-36.0
NQ,breakout,PriorRTHLow,10:00-10:30,TP40_SL20,12,41.7,1.43,5.0,-100.0
NQ,breakout,VWAP,09:30-09:45,TP40_SL20,27,40.7,1.38,4.44,-100.0
NQ,reject,PriorRTHHigh,14:00-close,TP40_SL20,8,50.0,1.36,3.59,-52.75
NQ,reject,GlobexLow,11:00-12:00,TP40_SL20,10,40.0,1.33,4.0,-60.0
NQ,reject,OR15High,09:30-09:45,TP25_SL12,223,37.7,1.27,1.98,-198.0
NQ,breakout,PriorRTHHigh,09:30-09:45,TP40_SL20,31,38.7,1.26,3.23,-180.0
NQ,reject,GlobexHigh,10:30-11:00,TP40_SL20,13,38.5,1.25,3.08,-120.0
NQ,reject,OR15Low,10:00-10:30,TP25_SL12,16,37.5,1.25,1.88,-59.0
NQ,reject,PriorRTHLow,09:45-10:00,TP25_SL12,8,37.5,1.25,1.88,-24.0
NQ,reject,GlobexHigh,09:30-09:45,TP25_SL12,59,37.3,1.24,1.8,-106.0
NQ,reject,GlobexHigh,12:00-14:00,TP25_SL12,15,40.0,1.2,1.45,-67.25
NQ,reject,PriorRTHLow,09:45-10:00,TP40_SL20,8,37.5,1.2,2.5,-40.0
NQ,breakout,PriorRTHLow,09:30-09:45,TP40_SL20,35,37.1,1.18,2.29,-200.0
NQ,reject,PriorRTHLow,09:30-09:45,TP40_SL20,35,37.1,1.18,2.29,-120.0
NQ,reject,VWAP,09:30-09:45,TP40_SL20,249,36.9,1.18,2.24,-540.0
NQ,breakout,PriorRTHHigh,09:30-09:45,TP25_SL12,31,35.5,1.15,1.13,-80.0
NQ,breakout,GlobexLow,09:45-10:00,TP25_SL12,17,35.3,1.14,1.06,-48.0
NQ,reject,GlobexHigh,09:45-10:00,TP40_SL20,11,36.4,1.14,1.82,-40.0
NQ,reject,GlobexLow,09:45-10:00,TP25_SL12,17,35.3,1.14,1.06,-48.0
NQ,reject,PriorRTHLow,10:30-11:00,TP40_SL20,14,35.7,1.11,1.43,-80.0
NQ,breakout,GlobexLow,09:45-10:00,TP40_SL20,17,35.3,1.09,1.18,-80.0
NQ,reject,GlobexLow,12:00-14:00,TP40_SL20,17,35.3,1.09,1.18,-60.0
NQ,reject,PriorRTHHigh,09:30-09:45,TP40_SL20,68,35.3,1.09,1.18,-320.0
NQ,reject,GlobexLow,14:00-close,TP40_SL20,10,40.0,1.08,0.92,-60.0
NQ,breakout,GlobexHigh,09:30-09:45,TP25_SL12,3,33.3,1.04,0.33,-12.0
NQ,breakout,OR15High,09:45-10:00,TP25_SL12,3,33.3,1.04,0.33,-24.0
NQ,breakout,PriorRTHHigh,09:45-10:00,TP25_SL12,6,33.3,1.04,0.33,-12.0
NQ,breakout,PriorRTHHigh,10:00-10:30,TP25_SL12,3,33.3,1.04,0.33,-12.0
NQ,breakout,PriorRTHLow,10:30-11:00,TP25_SL12,6,33.3,1.04,0.33,-48.0
NQ,reject,OR15High,10:00-10:30,TP25_SL12,3,33.3,1.04,0.33,-12.0
NQ,reject,OR15High,12:00-14:00,TP25_SL12,3,33.3,1.04,0.33,-12.0
NQ,reject,OR15Low,10:30-11:00,TP25_SL12,6,33.3,1.04,0.33,-48.0
NQ,reject,PriorRTHHigh,10:30-11:00,TP25_SL12,12,33.3,1.04,0.33,-36.0
NQ,reject,VWAP,09:30-09:45,TP25_SL12,249,32.9,1.03,0.22,-281.0
NQ,breakout,GlobexHigh,09:30-09:45,TP40_SL20,3,33.3,1.0,0.0,-20.0
NQ,breakout,GlobexLow,12:00-14:00,TP40_SL20,12,33.3,1.0,0.0,-80.0
NQ,breakout,PriorRTHHigh,10:00-10:30,TP40_SL20,3,33.3,1.0,0.0,-20.0
NQ,breakout,PriorRTHLow,10:30-11:00,TP40_SL20,6,33.3,1.0,0.0,-80.0
NQ,breakout,PriorRTHLow,11:00-12:00,TP40_SL20,9,33.3,1.0,0.0,-60.0
NQ,reject,GlobexHigh,11:00-12:00,TP40_SL20,12,33.3,1.0,0.0,-60.0
NQ,reject,OR15High,09:45-10:00,TP40_SL20,15,33.3,1.0,0.0,-60.0
NQ,reject,OR15High,10:00-10:30,TP40_SL20,3,33.3,1.0,0.0,-20.0
NQ,reject,OR15High,12:00-14:00,TP40_SL20,3,33.3,1.0,0.0,-20.0
NQ,reject,OR15Low,10:30-11:00,TP40_SL20,6,33.3,1.0,0.0,-80.0
NQ,reject,PriorRTHHigh,09:45-10:00,TP40_SL20,15,33.3,1.0,0.0,-120.0
NQ,reject,PriorRTHHigh,10:30-11:00,TP40_SL20,12,33.3,1.0,0.0,-80.0
NQ,reject,GlobexLow,09:30-09:45,TP25_SL12,48,31.2,0.97,-0.24,-96.0
NQ,breakout,GlobexLow,09:30-09:45,TP25_SL12,70,30.0,0.89,-0.9,-142.0
NQ,breakout,GlobexLow,10:30-11:00,TP25_SL12,10,30.0,0.89,-0.9,-48.0
NQ,reject,GlobexLow,11:00-12:00,TP25_SL12,10,30.0,0.89,-0.9,-36.0
NQ,reject,PriorRTHHigh,10:00-10:30,TP40_SL20,13,30.8,0.89,-1.54,-80.0
NQ,breakout,GlobexLow,09:30-09:45,TP40_SL20,70,30.0,0.86,-2.0,-340.0
NQ,breakout,OR15Low,09:30-09:45,TP25_SL12,214,29.0,0.85,-1.28,-594.0
NQ,reject,OR15Low,09:45-10:00,TP40_SL20,64,29.7,0.84,-2.19,-240.0
NQ,reject,GlobexLow,10:00-10:30,TP40_SL20,17,29.4,0.83,-2.35,-80.0
NQ,reject,PriorRTHLow,09:30-09:45,TP25_SL12,35,28.6,0.83,-1.43,-107.0
NQ,reject,PriorRTHLow,11:00-12:00,TP25_SL12,7,28.6,0.83,-1.43,-24.0
NQ,reject,PriorRTHLow,14:00-close,TP25_SL12,7,28.6,0.83,-1.43,-24.0
NQ,reject,OR15Low,09:45-10:00,TP25_SL12,64,28.1,0.82,-1.59,-128.0
NQ,reject,PriorRTHHigh,09:30-09:45,TP25_SL12,68,27.9,0.81,-1.66,-227.0
NQ,breakout,GlobexLow,11:00-12:00,TP40_SL20,14,28.6,0.8,-2.86,-140.0
NQ,breakout,GlobexLow,14:00-close,TP40_SL20,7,28.6,0.8,-2.86,-80.0
NQ,reject,GlobexHigh,10:00-10:30,TP40_SL20,21,28.6,0.8,-2.86,-180.0
NQ,reject,PriorRTHLow,11:00-12:00,TP40_SL20,7,28.6,0.8,-2.86,-40.0
NQ,reject,PriorRTHLow,14:00-close,TP40_SL20,7,28.6,0.8,-2.86,-40.0
NQ,reject,GlobexHigh,14:00-close,TP25_SL12,17,29.4,0.79,-1.65,-110.5
NQ,breakout,PriorRTHLow,09:45-10:00,TP25_SL12,11,27.3,0.78,-1.91,-72.0
NQ,reject,GlobexHigh,12:00-14:00,TP40_SL20,15,33.3,0.77,-3.08,-80.0
NQ,reject,PriorRTHHigh,09:45-10:00,TP25_SL12,15,26.7,0.76,-2.13,-36.0
NQ,reject,PriorRTHLow,10:00-10:30,TP25_SL12,15,26.7,0.76,-2.13,-72.0
NQ,breakout,PriorRTHLow,09:30-09:45,TP25_SL12,35,25.7,0.72,-2.49,-117.0
NQ,reject,GlobexLow,14:00-close,TP25_SL12,10,30.0,0.71,-2.48,-36.0
NQ,breakout,GlobexLow,12:00-14:00,TP25_SL12,12,25.0,0.69,-2.75,-72.0
NQ,reject,GlobexLow,10:30-11:00,TP25_SL12,12,25.0,0.69,-2.75,-60.0
NQ,reject,PriorRTHHigh,12:00-14:00,TP25_SL12,16,25.0,0.69,-2.75,-132.0
NQ,reject,GlobexLow,09:30-09:45,TP40_SL20,48,25.0,0.68,-4.64,-400.0
NQ,reject,GlobexLow,10:30-11:00,TP40_SL20,12,25.0,0.67,-5.0,-60.0
NQ,reject,PriorRTHHigh,12:00-14:00,TP40_SL20,16,25.0,0.67,-5.0,-160.0
NQ,reject,GlobexHigh,10:00-10:30,TP25_SL12,21,23.8,0.65,-3.19,-131.0
NQ,reject,GlobexLow,09:45-10:00,TP40_SL20,17,23.5,0.62,-5.88,-100.0
NQ,reject,PriorRTHHigh,10:00-10:30,TP25_SL12,13,23.1,0.62,-3.46,-83.0
NQ,breakout,OR15Low,09:30-09:45,TP40_SL20,214,23.4,0.61,-5.98,-1420.0
NQ,breakout,GlobexLow,10:00-10:30,TP25_SL12,18,22.2,0.6,-3.78,-131.0
NQ,breakout,PriorRTHLow,11:00-12:00,TP25_SL12,9,22.2,0.6,-3.78,-72.0
NQ,reject,PriorRTHHigh,11:00-12:00,TP25_SL12,9,22.2,0.6,-3.78,-36.0
NQ,reject,PriorRTHHigh,11:00-12:00,TP40_SL20,9,22.2,0.57,-6.67,-100.0
NQ,breakout,GlobexLow,10:30-11:00,TP40_SL20,10,20.0,0.5,-8.0,-100.0
NQ,reject,PriorRTHLow,10:00-10:30,TP40_SL20,15,20.0,0.5,-8.0,-120.0
NQ,breakout,PriorRTHLow,09:45-10:00,TP40_SL20,11,18.2,0.44,-9.09,-120.0
NQ,breakout,GlobexLow,10:00-10:30,TP40_SL20,18,16.7,0.4,-10.0,-240.0
NQ,reject,GlobexHigh,14:00-close,TP40_SL20,17,17.6,0.37,-8.75,-210.0
NQ,reject,OR15Low,09:30-09:45,TP40_SL20,128,14.8,0.35,-10.99,-1447.25
NQ,reject,OR15Low,09:30-09:45,TP25_SL12,128,14.1,0.34,-6.8,-858.0
NQ,breakout,PriorRTHLow,12:00-14:00,TP25_SL12,10,10.0,0.23,-8.3,-108.0
NQ,breakout,PriorRTHLow,12:00-14:00,TP40_SL20,10,10.0,0.22,-14.0,-180.0
NQ,breakout,GlobexHigh,09:45-10:00,TP25_SL12,1,0.0,0.0,-12.0,0.0
NQ,breakout,GlobexHigh,09:45-10:00,TP40_SL20,1,0.0,0.0,-20.0,0.0
NQ,breakout,GlobexHigh,10:30-11:00,TP25_SL12,1,0.0,0.0,-12.0,0.0
NQ,breakout,GlobexHigh,10:30-11:00,TP40_SL20,1,0.0,0.0,-20.0,0.0
NQ,breakout,GlobexHigh,11:00-12:00,TP25_SL12,1,0.0,0.0,-12.0,0.0
NQ,breakout,GlobexHigh,11:00-12:00,TP40_SL20,1,0.0,0.0,-20.0,0.0
NQ,breakout,OR15Low,09:45-10:00,TP40_SL20,4,0.0,0.0,-20.0,-60.0
NQ,breakout,OR15Low,10:00-10:30,TP25_SL12,2,0.0,0.0,-12.0,-12.0
NQ,breakout,OR15Low,10:00-10:30,TP40_SL20,2,0.0,0.0,-20.0,-20.0
NQ,breakout,OR15Low,11:00-12:00,TP25_SL12,1,0.0,0.0,-12.0,0.0
NQ,breakout,OR15Low,11:00-12:00,TP40_SL20,1,0.0,0.0,-20.0,0.0
NQ,breakout,PriorRTHHigh,10:30-11:00,TP40_SL20,2,0.0,0.0,-20.0,-20.0
NQ,breakout,PriorRTHHigh,11:00-12:00,TP40_SL20,2,0.0,0.0,-20.0,-20.0
NQ,breakout,PriorRTHLow,14:00-close,TP25_SL12,2,0.0,0.0,-12.0,-12.0
NQ,reject,OR15High,11:00-12:00,TP25_SL12,2,0.0,0.0,-12.0,-12.0
NQ,reject,OR15High,11:00-12:00,TP40_SL20,2,0.0,0.0,-20.0,-20.0
NQ,reject,OR15Low,12:00-14:00,TP25_SL12,1,0.0,0.0,-12.0,0.0
NQ,reject,OR15Low,12:00-14:00,TP40_SL20,1,0.0,0.0,-20.0,0.0
NQ,reject,VWAP,11:00-12:00,TP25_SL12,1,0.0,0.0,-12.0,0.0
NQ,reject,VWAP,11:00-12:00,TP40_SL20,1,0.0,0.0,-20.0,0.0
