sym,date,gap_pct,gap_bucket,level,time_bucket,break_time,rvol,std_result,std_ret,ret_30m,ret_1h,ret_2h,ret_3h,retest_found,rt_result,rt_ret
AAPL,2026-01-26,1.424,gap_1_2,PMH,early,09:39,1.28,TP,1.0,0.434,0.837,0.94,0.79,1,TP,1.0
AAPL,2026-01-27,1.456,gap_1_2,PMH,early,09:32,1.1,SL,-0.5,0.342,-0.278,0.056,0.296,1,SL,-0.5
AAPL,2026-04-17,1.409,gap_1_2,PDH,early,09:31,1.54,TP,1.0,0.586,0.5,1.763,1.599,1,TP,1.0
AAPL,2026-05-01,2.821,gap_2plus,PMH,early,09:32,2.22,SL,-0.5,0.647,0.396,0.106,0.315,0,,
AAPL,2026-06-15,1.02,gap_1_2,PMH,early,09:40,0.85,EOD,0.4715,0.18,0.165,0.585,0.665,1,EOD,0.3622
ABT,2026-03-13,1.165,gap_1_2,PMH,early,09:47,1.14,SL,-0.5,-0.758,-0.455,-0.815,-0.669,1,SL,-0.5
ABT,2026-03-25,1.336,gap_1_2,PMH,early,09:37,0.69,SL,-0.5,-0.598,-0.759,-0.778,-0.456,1,SL,-0.5
ABT,2026-04-08,1.282,gap_1_2,PDH,mid,10:13,0.9,EOD,0.685,0.257,0.301,0.146,0.593,1,EOD,0.6214
ABT,2026-04-28,1.066,gap_1_2,PMH,early,09:32,0.98,SL,-0.5,0.069,-0.552,-0.52,-0.467,1,SL,-0.5
ABT,2026-05-12,1.029,gap_1_2,PMH,early,09:48,1.23,TP,1.0,-0.095,-0.125,0.311,1.065,1,SL,-0.5
ABT,2026-05-15,1.178,gap_1_2,PMH,early,09:39,0.99,SL,-0.5,-1.275,-0.838,-1.839,-1.621,0,,
ABT,2026-06-05,1.135,gap_1_2,PMH,early,09:32,1.09,TP,1.0,0.327,0.18,0.016,0.082,1,SL,-0.5
AMZN,2025-12-18,2.047,gap_2plus,PMH,early,09:32,1.1,SL,-0.5,0.382,0.734,1.119,-0.128,0,,
AMZN,2026-01-05,1.033,gap_1_2,PMH,early,09:36,1.5,TP,1.0,1.019,1.523,1.384,1.928,1,TP,1.0
AMZN,2026-01-22,1.165,gap_1_2,PDH,mid,10:12,0.88,TP,1.0,0.68,1.11,1.205,1.252,1,TP,1.0
AMZN,2026-03-23,2.182,gap_2plus,PMH,early,09:49,0.97,SL,-0.5,0.295,0.21,-0.201,-0.201,1,SL,-0.5
AMZN,2026-03-25,2.113,gap_2plus,PMH,early,09:33,0.84,SL,-0.5,-0.104,-0.113,-0.548,-0.104,1,SL,-0.5
AMZN,2026-03-30,1.079,gap_1_2,PMH,early,09:38,0.98,SL,-0.5,-0.465,-0.331,0.44,0.269,0,,
AMZN,2026-03-31,1.986,gap_1_2,PMH,early,09:34,1.12,TP,1.0,0.57,0.353,0.275,0.411,1,SL,-0.5
AMZN,2026-04-01,1.027,gap_1_2,PDH,early,09:34,1.01,SL,-0.5,-0.302,-0.017,0.781,1.178,1,SL,-0.5
AMZN,2026-04-09,1.8,gap_1_2,PMH,early,09:46,1.72,SL,-0.5,-0.199,0.507,2.263,2.197,1,SL,-0.5
AMZN,2026-04-17,2.062,gap_2plus,PMH,mid,10:33,1.11,SL,-0.5,-0.378,-0.435,-0.676,-0.599,1,SL,-0.5
AMZN,2026-04-22,1.036,gap_1_2,PMH,mid,10:02,0.79,TP,1.0,-0.008,-0.194,-0.346,0.036,1,SL,-0.5
AMZN,2026-04-24,1.905,gap_1_2,PDH,early,09:33,1.21,SL,-0.5,-0.36,0.129,0.764,0.976,1,SL,-0.5
AMZN,2026-05-05,1.48,gap_1_2,PMH,early,09:32,0.84,SL,-0.5,-0.311,-0.285,-0.43,-1.04,1,SL,-0.5
AMZN,2026-06-04,1.284,gap_1_2,PMH,early,09:57,0.93,EOD,-0.1563,-0.178,-0.213,-0.087,-0.174,1,SL,-0.5
AMZN,2026-06-09,1.036,gap_1_2,PMH,early,09:31,1.08,SL,-0.5,0.274,-0.387,-2.217,-1.89,1,SL,-0.5
AMZN,2026-06-15,2.708,gap_2plus,PMH,early,09:31,0.92,EOD,-0.0061,0.193,-0.173,-0.093,0.114,1,EOD,-0.1055
APH,2025-12-18,2.15,gap_2plus,PDH,early,09:34,0.8,SL,-0.5,-0.7,-0.4,-0.384,-0.9,1,SL,-0.5
APH,2026-01-02,1.465,gap_1_2,PDH,early,09:31,1.27,TP,1.0,0.59,0.918,0.408,0.357,1,TP,1.0
APH,2026-01-12,1.085,gap_1_2,PMH,early,09:31,1.51,TP,1.0,2.625,2.8,1.484,1.442,0,,
APH,2026-01-15,2.275,gap_2plus,PMH,early,09:31,1.44,TP,1.0,2.711,2.704,3.561,3.521,1,TP,1.0
APH,2026-01-27,1.485,gap_1_2,PMH,early,09:32,2.5,TP,1.0,1.087,2.06,2.654,2.932,1,TP,1.0
APH,2026-01-29,1.558,gap_1_2,PMH,early,09:42,1.83,TP,1.0,0.025,-1.278,-0.111,-0.003,1,SL,-0.5
APH,2026-02-06,3.566,gap_2plus,PMH,early,09:31,0.92,TP,1.0,1.149,1.764,3.187,3.528,1,TP,1.0
APH,2026-02-10,1.283,gap_1_2,PDH,early,09:35,0.83,SL,-0.5,0.062,1.046,0.158,0.137,0,,
APH,2026-02-12,2.256,gap_2plus,BOTH,early,09:32,0.84,SL,-0.5,-1.032,-1.318,-1.803,-1.379,1,SL,-0.5
APH,2026-03-05,2.433,gap_2plus,PMH,early,09:31,1.26,SL,-0.5,1.438,-0.75,-1.243,-1.384,0,,
APH,2026-03-23,1.838,gap_1_2,PDH,early,09:49,0.64,TP,1.0,1.358,1.526,0.321,-0.153,1,TP,1.0
APH,2026-03-25,1.469,gap_1_2,PMH,mid,10:18,1.15,SL,-0.5,0.643,-0.881,-2.474,-2.239,1,SL,-0.5
APH,2026-03-30,1.465,gap_1_2,PDH,early,09:31,0.81,SL,-0.5,-3.696,-3.99,-4.275,-5.199,0,,
APH,2026-03-31,2.644,gap_2plus,PMH,early,09:37,0.9,TP,1.0,0.588,0.441,0.041,0.257,1,SL,-0.5
APH,2026-04-14,1.818,gap_1_2,PMH,mid,10:46,1.03,EOD,0.5609,0.007,0.453,0.223,0.517,1,EOD,0.5405
APH,2026-05-26,3.543,gap_2plus,PMH,early,09:33,1.54,TP,1.0,0.434,1.698,2.406,3.602,1,SL,-0.5
APH,2026-06-08,3.772,gap_2plus,PMH,early,09:32,0.6,SL,-0.5,-0.761,-1.156,-1.232,-0.682,0,,
APH,2026-06-15,1.748,gap_1_2,PDH,early,09:48,0.75,TP,1.0,0.391,0.436,1.068,1.296,0,,
AVGO,2025-12-19,1.004,gap_1_2,PMH,early,09:31,0.94,TP,1.0,1.22,0.441,-0.223,-0.213,1,SL,-0.5
AVGO,2026-01-02,1.979,gap_1_2,PDH,mid,11:13,0.66,SL,-0.5,-0.094,-0.519,-1.016,-0.635,1,SL,-0.5
AVGO,2026-01-09,1.662,gap_1_2,PMH,mid,10:02,0.67,SL,-0.5,1.234,1.837,1.643,1.902,0,,
AVGO,2026-01-27,1.545,gap_1_2,PDH,early,09:31,1.06,SL,-0.5,0.457,0.021,1.003,1.203,0,,
AVGO,2026-01-28,1.818,gap_1_2,PDH,early,09:55,1.0,SL,-0.5,-1.243,-1.526,-2.197,-1.183,0,,
AVGO,2026-02-03,1.697,gap_1_2,BOTH,early,09:35,1.57,SL,-0.5,-4.738,-6.443,-6.551,-8.326,0,,
AVGO,2026-02-05,2.118,gap_2plus,PDH,early,09:38,1.76,TP,1.0,-1.964,-1.061,0.028,0.031,1,SL,-0.5
AVGO,2026-02-06,3.122,gap_2plus,PMH,early,09:38,1.31,TP,1.0,-0.162,-0.188,1.88,2.972,1,TP,1.0
AVGO,2026-02-25,1.662,gap_1_2,PMH,early,09:39,0.77,SL,-0.5,0.457,0.036,-0.463,-0.041,1,TP,1.0
AVGO,2026-03-16,1.276,gap_1_2,PMH,mid,11:08,1.05,SL,-0.5,0.522,0.185,0.479,0.415,1,SL,-0.5
AVGO,2026-03-23,2.381,gap_2plus,PMH,early,09:32,0.97,TP,1.0,1.059,1.554,0.861,-0.1,1,TP,1.0
AVGO,2026-03-25,1.347,gap_1_2,PMH,mid,10:22,0.7,SL,-0.5,-0.957,-1.322,-1.589,-1.308,0,,
AVGO,2026-03-31,2.161,gap_2plus,PMH,early,09:53,0.92,TP,1.0,0.885,0.123,0.278,2.18,1,SL,-0.5
AVGO,2026-04-07,3.958,gap_2plus,PMH,early,09:38,1.33,SL,-0.5,-1.35,-1.429,-0.514,1.04,0,,
AVGO,2026-04-08,5.473,gap_2plus,PMH,early,09:34,1.44,SL,-0.5,-2.173,-1.876,-1.052,-1.273,0,,
AVGO,2026-04-15,2.363,gap_2plus,PMH,early,09:48,1.24,SL,-0.5,0.302,0.5,-0.396,-1.035,1,SL,-0.5
AVGO,2026-04-22,1.176,gap_1_2,PMH,mid,10:20,1.12,TP,1.0,0.77,1.005,1.953,1.997,1,TP,1.0
AVGO,2026-04-30,2.48,gap_2plus,PMH,early,09:32,0.86,SL,-0.5,-0.669,-2.056,-0.938,-0.693,0,,
AVGO,2026-05-05,1.186,gap_1_2,PMH,early,09:41,0.87,SL,-0.5,-0.144,-0.109,1.285,1.687,1,SL,-0.5
AVGO,2026-05-08,1.752,gap_1_2,PMH,early,09:38,1.09,SL,-0.5,-0.028,-0.219,0.502,1.883,1,SL,-0.5
AVGO,2026-05-29,1.449,gap_1_2,PMH,early,09:31,1.63,TP,1.0,1.649,0.127,0.242,0.379,0,,
AVGO,2026-06-03,2.748,gap_2plus,PDH,mid,11:19,1.88,SL,-0.5,-0.753,-0.783,-1.071,-0.515,0,,
AVGO,2026-06-09,1.263,gap_1_2,PDH,early,09:43,1.44,SL,-0.5,-2.405,-3.44,-5.216,-7.705,1,SL,-0.5
AXP,2025-12-18,1.19,gap_1_2,PMH,early,09:45,1.1,SL,-0.5,-0.161,0.069,-0.145,-0.723,1,SL,-0.5
AXP,2026-01-16,1.055,gap_1_2,PDH,early,09:31,1.45,TP,1.0,-0.146,0.505,0.809,1.089,1,SL,-0.5
AXP,2026-02-06,1.095,gap_1_2,PDH,early,09:33,0.88,SL,-0.5,-0.223,0.265,0.444,0.722,0,,
AXP,2026-02-11,1.214,gap_1_2,PMH,early,09:33,1.09,SL,-0.5,-2.16,-2.597,-2.676,-3.103,0,,
AXP,2026-03-17,1.915,gap_1_2,PMH,mid,10:04,0.65,SL,-0.5,-0.313,-0.603,-0.86,-0.413,1,SL,-0.5
AXP,2026-03-31,1.835,gap_1_2,PDH,early,09:49,0.88,SL,-0.5,-0.691,-1.099,-0.678,0.07,1,SL,-0.5
AXP,2026-04-01,1.378,gap_1_2,PMH,early,09:32,0.85,SL,-0.5,-1.492,-1.746,-0.803,-0.864,0,,
AXP,2026-04-17,1.317,gap_1_2,PMH,early,09:31,1.57,TP,1.0,0.872,1.518,1.789,1.86,1,TP,1.0
AXP,2026-05-06,1.033,gap_1_2,PDH,mid,11:33,0.85,EOD,0.4008,0.242,0.07,-0.023,0.217,1,EOD,0.3898
AXP,2026-05-14,1.128,gap_1_2,PMH,early,09:37,0.93,SL,-0.5,-0.391,-0.339,-0.131,-0.182,1,SL,-0.5
AXP,2026-05-22,1.153,gap_1_2,PMH,early,09:41,0.8,SL,-0.5,-0.647,-0.418,-0.366,-0.065,1,SL,-0.5
AXP,2026-05-27,1.001,gap_1_2,PDH,early,09:39,1.13,SL,-0.5,-0.01,0.801,-0.054,-0.399,1,SL,-0.5
AXP,2026-06-04,1.717,gap_1_2,PMH,early,09:31,1.04,TP,1.0,2.24,1.699,2.805,2.528,1,TP,1.0
AXP,2026-06-12,1.046,gap_1_2,PMH,early,09:32,0.77,SL,-0.5,-0.695,-0.118,0.529,0.521,0,,
AXP,2026-06-15,1.315,gap_1_2,PMH,early,09:31,1.19,TP,1.0,2.239,1.844,2.311,1.982,0,,
BAC,2026-02-11,1.047,gap_1_2,PMH,early,09:32,1.27,SL,-0.5,-1.4,-1.792,-2.635,-3.282,0,,
BAC,2026-03-17,1.264,gap_1_2,PDH,early,09:31,0.72,SL,-0.5,-0.021,-0.409,-0.597,-0.629,1,SL,-0.5
BAC,2026-03-30,1.278,gap_1_2,PMH,early,09:36,0.81,SL,-0.5,-1.051,-0.82,-0.284,-0.568,1,SL,-0.5
BAC,2026-04-17,1.262,gap_1_2,PMH,mid,10:24,1.05,SL,-0.5,-0.111,-0.387,0.269,0.166,1,SL,-0.5
BAC,2026-05-06,1.28,gap_1_2,PMH,early,09:38,0.69,SL,-0.5,-0.452,-0.84,-0.646,-0.701,1,SL,-0.5
BAC,2026-06-04,1.354,gap_1_2,PMH,early,09:32,1.32,TP,1.0,0.808,0.103,1.503,1.672,1,TP,1.0
BAC,2026-06-15,1.114,gap_1_2,PDH,early,09:41,0.79,SL,-0.5,-0.124,-0.293,-0.151,-0.08,1,SL,-0.5
BKNG,2026-03-05,6.432,gap_2plus,PMH,early,09:31,1.33,SL,-0.5,-0.178,-1.264,-0.657,0.109,1,SL,-0.5
BKNG,2026-04-08,4.399,gap_2plus,PMH,early,09:31,7.89,TP,1.0,0.852,-0.239,-0.482,-0.615,1,SL,-0.5
BKNG,2026-04-15,1.259,gap_1_2,PMH,early,09:33,2.1,SL,-0.5,-0.298,-0.119,0.487,0.571,1,SL,-0.5
BKNG,2026-04-17,2.342,gap_2plus,PMH,early,09:35,2.23,SL,-0.5,0.87,0.997,1.15,1.139,1,SL,-0.5
BKNG,2026-05-26,1.074,gap_1_2,PMH,early,09:32,0.83,TP,1.0,1.256,-0.921,0.018,-0.354,0,,
BKNG,2026-06-04,2.409,gap_2plus,PDH,early,09:35,0.95,TP,1.0,1.148,0.763,1.293,0.472,1,TP,1.0
BKNG,2026-06-12,1.645,gap_1_2,PDH,early,09:37,1.02,SL,-0.5,-1.597,-1.373,-1.162,-0.387,1,SL,-0.5
BLK,2026-03-13,1.1,gap_1_2,PMH,early,09:34,1.45,SL,-0.5,0.003,0.567,-0.052,-0.68,1,SL,-0.5
BLK,2026-03-17,1.572,gap_1_2,PMH,early,09:50,1.43,SL,-0.5,-0.413,-0.191,-0.15,0.521,1,SL,-0.5
BLK,2026-03-23,1.994,gap_1_2,PDH,early,09:39,0.8,TP,1.0,1.305,1.173,1.112,0.178,1,TP,1.0
BLK,2026-03-25,1.224,gap_1_2,PDH,mid,10:18,0.64,SL,-0.5,-0.371,-1.296,-0.542,0.078,0,,
BLK,2026-03-31,1.742,gap_1_2,PMH,mid,10:04,0.69,SL,-0.5,-0.44,-0.405,-0.813,0.618,0,,
BLK,2026-04-01,1.337,gap_1_2,PMH,early,09:33,0.61,SL,-0.5,-0.562,-0.904,-0.217,-0.582,0,,
BLK,2026-04-14,2.591,gap_2plus,PMH,early,09:39,1.77,SL,-0.5,0.09,0.069,0.812,0.379,1,SL,-0.5
BLK,2026-04-17,1.329,gap_1_2,PMH,early,09:35,1.33,TP,1.0,0.739,1.252,1.973,2.071,1,TP,1.0
BLK,2026-04-22,1.092,gap_1_2,PMH,early,09:37,0.69,EOD,0.4892,0.36,0.092,-0.005,-0.042,1,EOD,0.4816
BLK,2026-06-09,1.148,gap_1_2,PMH,early,09:37,1.01,SL,-0.5,0.982,0.277,-0.542,-0.863,1,SL,-0.5
BLK,2026-06-12,1.138,gap_1_2,PDH,early,09:31,0.91,TP,1.0,0.05,0.715,1.058,0.121,0,,
BLK,2026-06-15,1.701,gap_1_2,PDH,mid,10:36,0.73,TP,1.0,0.056,0.493,0.847,0.939,1,TP,1.0
CAT,2025-12-18,1.173,gap_1_2,PMH,early,09:57,0.64,SL,-0.5,0.35,0.101,-0.423,-0.542,1,SL,-0.5
CAT,2025-12-19,1.218,gap_1_2,PMH,early,09:31,1.18,TP,1.0,1.241,0.775,0.375,0.025,0,,
CAT,2026-01-29,1.812,gap_1_2,PDH,mid,11:08,2.04,TP,1.0,2.631,2.841,2.903,1.795,0,,
CAT,2026-02-11,2.22,gap_2plus,PMH,mid,10:21,1.46,TP,1.0,-0.109,1.604,1.42,0.767,1,TP,1.0
CAT,2026-03-04,2.012,gap_2plus,PMH,early,09:37,0.93,SL,-0.5,0.278,0.517,0.524,0.256,0,,
CAT,2026-03-10,1.105,gap_1_2,PMH,early,09:31,1.01,SL,-0.5,-0.069,0.444,1.437,0.778,1,TP,1.0
CAT,2026-03-16,1.634,gap_1_2,PDH,early,09:31,0.71,SL,-0.5,0.031,-0.525,-0.767,-1.333,0,,
CAT,2026-03-23,2.719,gap_2plus,PMH,early,09:42,0.99,TP,1.0,0.78,0.492,0.173,-1.019,1,TP,1.0
CAT,2026-03-25,1.482,gap_1_2,PDH,early,09:45,0.6,SL,-0.5,0.211,0.657,0.211,-0.044,1,SL,-0.5
CAT,2026-03-30,1.032,gap_1_2,PMH,early,09:33,0.98,SL,-0.5,-3.177,-3.37,-3.304,-4.158,0,,
CAT,2026-03-31,1.847,gap_1_2,PMH,early,09:33,1.05,SL,-0.5,1.299,1.431,0.612,0.784,1,TP,1.0
CAT,2026-04-08,5.536,gap_2plus,PMH,early,09:32,1.38,TP,1.0,0.299,-0.438,0.011,0.254,1,SL,-0.5
CAT,2026-04-17,1.104,gap_1_2,PMH,mid,10:07,1.23,TP,1.0,0.379,0.176,1.15,1.119,1,TP,1.0
CAT,2026-04-30,5.325,gap_2plus,PMH,early,09:34,2.37,TP,1.0,1.651,2.175,2.658,2.59,1,SL,-0.5
CAT,2026-05-05,1.537,gap_1_2,PDH,early,09:39,1.1,TP,1.0,1.168,1.215,0.785,0.697,1,TP,1.0
CAT,2026-05-08,1.717,gap_1_2,PMH,early,09:42,0.84,SL,-0.5,-0.813,-1.096,-1.302,-1.154,0,,
CAT,2026-05-20,1.259,gap_1_2,PDH,mid,10:31,0.91,SL,-0.5,-0.09,0.256,0.371,0.514,1,SL,-0.5
CAT,2026-05-22,1.417,gap_1_2,PDH,early,09:45,0.86,TP,1.0,0.773,1.402,1.665,1.752,1,TP,1.0
CAT,2026-06-08,1.353,gap_1_2,PMH,early,09:32,0.92,SL,-0.5,-1.791,-1.322,-1.911,-1.71,0,,
CAT,2026-06-09,1.293,gap_1_2,BOTH,early,09:37,1.24,SL,-0.5,0.218,-1.054,-3.78,-4.594,1,SL,-0.5
CAT,2026-06-11,1.896,gap_1_2,PMH,early,09:31,1.36,SL,-0.5,0.093,0.628,0.683,0.389,0,,
CAT,2026-06-15,2.694,gap_2plus,PMH,early,09:44,0.76,SL,-0.5,-0.475,-0.668,-0.323,-0.159,1,SL,-0.5
CME,2026-02-27,1.062,gap_1_2,PMH,early,09:35,0.88,SL,-0.5,-1.255,-0.922,-1.196,-0.705,1,SL,-0.5
CME,2026-03-02,1.029,gap_1_2,PMH,early,09:38,0.88,TP,1.0,0.564,0.491,0.506,0.441,1,TP,1.0
CME,2026-03-12,1.619,gap_1_2,PDH,early,09:31,1.02,TP,1.0,1.036,1.169,0.799,1.075,1,TP,1.0
CME,2026-03-26,1.201,gap_1_2,PMH,mid,11:43,0.94,EOD,-0.1006,-0.154,0.096,0.345,0.59,1,EOD,-0.1643
CME,2026-05-12,1.161,gap_1_2,PDH,mid,10:18,1.47,TP,1.0,-0.116,0.47,0.63,0.682,1,TP,1.0
CME,2026-05-15,1.203,gap_1_2,PMH,early,09:45,1.01,SL,-0.5,-0.628,-0.872,-1.286,-1.483,1,SL,-0.5
CME,2026-05-21,1.33,gap_1_2,PMH,early,09:39,0.96,SL,-0.5,0.42,0.264,-0.663,-0.4,1,SL,-0.5
CME,2026-06-03,1.473,gap_1_2,PMH,early,09:32,1.76,SL,-0.5,0.834,0.329,-1.011,-0.484,0,,
CME,2026-06-04,1.476,gap_1_2,BOTH,early,09:31,1.21,SL,-0.5,-0.418,-0.281,-1.189,-0.738,1,SL,-0.5
CME,2026-06-10,1.256,gap_1_2,PMH,early,09:32,0.86,SL,-0.5,0.825,0.326,1.082,0.929,0,,
CSCO,2026-01-15,1.102,gap_1_2,PMH,early,09:32,1.14,EOD,-0.1194,0.484,0.173,0.849,0.484,1,EOD,-0.1989
CSCO,2026-01-26,2.534,gap_2plus,PMH,early,09:40,1.46,SL,-0.5,-0.117,-0.437,0.144,0.431,1,SL,-0.5
CSCO,2026-02-04,1.005,gap_1_2,PMH,early,09:35,2.39,SL,-0.5,-1.13,-1.002,-1.68,-2.663,1,SL,-0.5
CSCO,2026-02-06,1.451,gap_1_2,PDH,early,09:31,1.16,SL,-0.5,0.06,-0.401,0.203,0.359,1,SL,-0.5
CSCO,2026-03-10,1.234,gap_1_2,PDH,early,09:59,0.81,TP,1.0,0.902,1.611,1.521,1.257,1,TP,1.0
CSCO,2026-03-23,1.217,gap_1_2,PDH,mid,10:19,0.71,SL,-0.5,0.417,0.323,-0.272,-0.493,1,SL,-0.5
CSCO,2026-05-05,1.252,gap_1_2,PMH,early,09:32,0.79,EOD,0.533,0.512,0.16,-0.336,0.533,1,SL,-0.5
CSCO,2026-05-12,1.033,gap_1_2,PDH,early,09:32,1.87,SL,-0.5,0.02,-0.202,-1.152,-0.732,1,SL,-0.5
CSCO,2026-06-08,1.57,gap_1_2,PMH,mid,10:01,0.81,TP,1.0,1.279,1.967,2.056,1.093,1,TP,1.0
CVX,2026-01-21,1.028,gap_1_2,PMH,early,09:31,0.98,SL,-0.5,-0.096,-0.048,0.293,0.012,1,SL,-0.5
CVX,2026-01-29,1.607,gap_1_2,PMH,early,09:34,1.33,SL,-0.5,-0.273,-0.788,-0.673,-0.477,1,SL,-0.5
CVX,2026-03-02,1.917,gap_1_2,PDH,early,09:46,1.59,TP,1.0,1.118,0.674,1.041,0.272,1,TP,1.0
CVX,2026-04-02,2.615,gap_2plus,PMH,early,09:35,0.82,SL,-0.5,-0.496,-1.652,-2.091,-2.462,1,SL,-0.5
CVX,2026-04-13,1.543,gap_1_2,PDH,early,09:33,0.77,SL,-0.5,-0.319,-0.466,-0.031,0.194,1,SL,-0.5
CVX,2026-04-28,1.867,gap_1_2,PMH,early,09:31,0.95,SL,-0.5,-0.493,-0.392,0.493,0.217,0,,
CVX,2026-05-15,1.05,gap_1_2,PMH,early,09:37,1.06,SL,-0.5,-0.008,-0.161,-0.103,0.003,1,TP,1.0
CVX,2026-05-21,1.27,gap_1_2,PMH,early,09:48,0.81,SL,-0.5,-0.762,-0.996,-1.061,-0.687,0,,
CVX,2026-06-01,1.061,gap_1_2,PMH,early,09:40,1.01,TP,1.0,0.859,1.362,0.411,0.962,1,TP,1.0
CVX,2026-06-10,1.317,gap_1_2,PDH,early,09:31,1.17,SL,-0.5,0.087,0.113,0.789,1.159,1,SL,-0.5
CVX,2026-06-11,1.038,gap_1_2,PMH,early,09:39,0.88,SL,-0.5,-0.846,-1.039,-1.018,-0.893,1,SL,-0.5
FCX,2025-12-17,1.178,gap_1_2,PDH,early,09:45,1.07,TP,1.0,0.608,0.063,0.168,0.409,1,SL,-0.5
FCX,2025-12-22,1.771,gap_1_2,PMH,early,09:31,0.99,TP,1.0,0.565,0.02,0.704,0.615,1,TP,1.0
FCX,2025-12-23,1.915,gap_1_2,PMH,mid,10:16,0.97,TP,1.0,0.116,0.931,1.139,0.785,1,TP,1.0
FCX,2026-01-02,1.841,gap_1_2,PMH,mid,10:06,0.78,SL,-0.5,-0.441,-1.036,-1.554,-1.449,1,SL,-0.5
FCX,2026-01-05,3.254,gap_2plus,PMH,early,09:33,2.16,SL,-0.5,0.334,-0.009,-0.593,0.102,1,SL,-0.5
FCX,2026-01-06,2.95,gap_2plus,PMH,mid,10:56,2.13,TP,1.0,0.772,1.035,0.749,0.137,1,TP,1.0
FCX,2026-01-09,2.269,gap_2plus,PMH,early,09:43,1.29,TP,1.0,0.261,-0.009,1.143,1.861,1,TP,1.0
FCX,2026-01-13,2.257,gap_2plus,PDH,mid,10:21,1.45,SL,-0.5,-0.229,-0.195,0.45,-0.713,1,SL,-0.5
FCX,2026-01-14,1.492,gap_1_2,PDH,early,09:47,1.29,SL,-0.5,-0.49,-0.432,-1.238,-1.047,1,SL,-0.5
FCX,2026-01-21,2.481,gap_2plus,PMH,early,09:38,1.56,SL,-0.5,-0.081,-1.004,-1.475,-2.834,1,SL,-0.5
FCX,2026-01-28,2.004,gap_2plus,PMH,early,09:41,1.15,SL,-0.5,-2.704,-2.58,-2.611,-2.13,0,,
FCX,2026-01-29,9.035,gap_2plus,PDH,mid,11:14,2.35,SL,-0.5,0.263,0.247,0.568,0.201,1,SL,-0.5
FCX,2026-02-03,5.481,gap_2plus,PMH,early,09:41,1.31,SL,-0.5,-0.367,0.312,0.537,-1.27,0,,
FCX,2026-02-06,1.908,gap_1_2,PMH,early,09:36,0.81,SL,-0.5,-1.114,0.165,0.553,0.173,1,SL,-0.5
FCX,2026-02-09,1.162,gap_1_2,PMH,early,09:32,0.55,TP,1.0,1.091,1.957,3.035,2.665,0,,
FCX,2026-02-11,2.909,gap_2plus,PDH,mid,10:21,0.64,SL,-0.5,0.118,0.864,1.477,1.304,1,SL,-0.5
FCX,2026-02-18,2.717,gap_2plus,PMH,early,09:54,0.7,SL,-0.5,-0.373,-0.389,-0.834,-0.27,0,,
FCX,2026-02-25,1.65,gap_1_2,PDH,early,09:38,0.68,SL,-0.5,-1.044,-0.58,-0.043,0.35,1,SL,-0.5
FCX,2026-03-04,1.99,gap_1_2,PMH,early,09:31,0.91,SL,-0.5,-0.223,0.849,-0.819,-1.095,1,SL,-0.5
FCX,2026-03-16,1.508,gap_1_2,PMH,early,09:35,1.0,SL,-0.5,-0.07,0.07,-0.365,-1.112,1,SL,-0.5
FCX,2026-03-23,4.165,gap_2plus,PDH,early,09:41,1.27,TP,1.0,1.353,1.186,0.945,0.63,1,TP,1.0
FCX,2026-03-30,2.428,gap_2plus,PMH,early,09:31,0.76,SL,-0.5,-2.693,-3.211,-3.556,-4.436,0,,
FCX,2026-03-31,3.102,gap_2plus,PMH,early,09:35,0.99,TP,1.0,1.454,2.146,1.064,0.993,1,TP,1.0
FCX,2026-04-01,3.351,gap_2plus,PMH,mid,10:29,1.26,TP,1.0,0.606,0.738,0.77,1.508,1,TP,1.0
FCX,2026-04-08,7.364,gap_2plus,PMH,early,09:46,1.1,SL,-0.5,0.146,-1.057,-0.101,0.705,0,,
FCX,2026-04-10,1.174,gap_1_2,PMH,early,09:33,0.87,SL,-0.5,0.177,0.739,0.118,-0.695,1,SL,-0.5
FCX,2026-04-17,1.596,gap_1_2,PDH,mid,10:10,1.27,TP,1.0,1.226,0.539,1.458,0.762,1,TP,1.0
FCX,2026-04-22,2.686,gap_2plus,PMH,early,09:43,0.95,TP,1.0,0.689,0.1,0.014,-0.029,0,,
FCX,2026-05-05,2.554,gap_2plus,PMH,early,09:31,0.9,SL,-0.5,-1.281,-0.776,0.2,0.401,1,SL,-0.5
FCX,2026-05-07,1.216,gap_1_2,PDH,early,09:52,1.15,TP,1.0,1.402,1.435,0.742,-0.897,1,TP,1.0
FCX,2026-05-08,1.93,gap_1_2,PMH,early,09:35,0.77,SL,-0.5,-0.981,-1.85,-1.922,-1.07,0,,
FCX,2026-05-13,1.204,gap_1_2,PDH,early,09:34,1.14,SL,-0.5,1.205,2.463,2.75,3.277,0,,
FCX,2026-05-26,1.71,gap_1_2,PMH,early,09:35,0.72,TP,1.0,1.22,0.563,-0.094,0.235,1,TP,1.0
FCX,2026-06-02,1.253,gap_1_2,PMH,early,09:33,1.48,TP,1.0,1.95,2.812,4.009,4.009,0,,
FCX,2026-06-08,1.925,gap_1_2,PMH,early,09:33,0.93,SL,-0.5,-0.676,-0.246,-0.876,-0.822,0,,
FCX,2026-06-09,2.003,gap_2plus,PDH,early,09:33,1.24,SL,-0.5,0.73,0.091,-2.853,-3.731,0,,
FCX,2026-06-11,1.53,gap_1_2,PMH,early,09:46,1.13,TP,1.0,-0.083,0.301,1.258,0.348,1,TP,1.0
FCX,2026-06-12,1.342,gap_1_2,PMH,early,09:35,0.89,SL,-0.5,-0.483,-0.483,0.307,0.337,0,,
FCX,2026-06-15,4.087,gap_2plus,PMH,early,09:47,1.21,SL,-0.5,-1.202,-2.866,-2.866,-2.684,1,SL,-0.5
GE,2025-12-18,1.325,gap_1_2,PMH,early,09:34,0.84,TP,1.0,0.181,0.835,1.12,0.473,1,SL,-0.5
GE,2026-02-11,1.004,gap_1_2,PDH,early,09:31,0.81,SL,-0.5,0.105,-1.577,-1.043,-1.615,1,SL,-0.5
GE,2026-02-12,1.272,gap_1_2,PDH,early,09:32,0.9,SL,-0.5,-0.31,-0.437,-1.602,-2.253,1,SL,-0.5
GE,2026-02-18,1.012,gap_1_2,PDH,early,09:31,0.55,SL,-0.5,-0.681,-0.559,-0.45,-0.704,1,SL,-0.5
GE,2026-02-20,1.246,gap_1_2,PMH,early,09:38,0.79,SL,-0.5,-0.264,0.397,0.357,-0.217,1,SL,-0.5
GE,2026-03-16,1.348,gap_1_2,PMH,early,09:45,1.39,SL,-0.5,-0.03,-0.851,0.026,-0.323,1,SL,-0.5
GE,2026-03-23,3.661,gap_2plus,PDH,early,09:41,1.35,SL,-0.5,0.911,1.07,1.627,0.528,1,TP,1.0
GE,2026-03-25,1.531,gap_1_2,PMH,early,09:35,0.9,SL,-0.5,-0.186,-0.308,-0.014,-0.335,1,SL,-0.5
GE,2026-03-31,1.716,gap_1_2,PMH,early,09:54,1.17,TP,1.0,0.622,0.411,0.45,1.636,1,TP,1.0
GE,2026-04-08,7.387,gap_2plus,PMH,early,09:34,1.18,SL,-0.5,-1.16,-1.667,-0.755,-0.837,0,,
GE,2026-04-14,1.013,gap_1_2,PMH,early,09:34,0.59,TP,1.0,0.374,1.005,1.252,1.088,1,TP,1.0
GE,2026-04-17,3.99,gap_2plus,PMH,mid,10:41,1.38,SL,-0.5,-0.594,-0.833,-0.619,-1.929,1,SL,-0.5
GE,2026-05-06,4.796,gap_2plus,PMH,early,09:35,1.38,SL,-0.5,-1.186,-0.623,-0.234,-0.712,0,,
GE,2026-05-20,1.293,gap_1_2,PDH,early,09:33,0.93,TP,1.0,1.643,3.083,3.69,3.523,1,TP,1.0
GE,2026-06-15,2.431,gap_2plus,PMH,early,09:31,0.96,TP,1.0,0.695,0.55,0.766,0.523,1,TP,1.0
GOOGL,2025-12-18,1.682,gap_1_2,PMH,mid,10:42,0.86,EOD,-0.0628,-0.058,0.045,0.225,0.321,1,EOD,-0.0529
GOOGL,2026-01-02,1.246,gap_1_2,PMH,mid,10:09,1.43,SL,-0.5,-0.685,-1.946,-1.834,-1.36,0,,
GOOGL,2026-01-08,2.154,gap_2plus,PDH,early,09:35,1.24,SL,-0.5,-1.014,-0.542,-0.502,0.098,0,,
GOOGL,2026-01-22,1.681,gap_1_2,PDH,early,09:31,0.93,SL,-0.5,-0.253,-0.464,-0.241,-0.328,1,SL,-0.5
GOOGL,2026-02-03,1.03,gap_1_2,PDH,early,09:38,1.09,SL,-0.5,-0.655,-0.467,-0.536,-1.334,0,,
GOOGL,2026-02-23,1.274,gap_1_2,PDH,early,09:48,0.76,SL,-0.5,-0.197,-0.67,-1.135,-1.267,1,SL,-0.5
GOOGL,2026-03-31,1.759,gap_1_2,PMH,early,09:33,1.28,TP,1.0,0.612,1.469,1.027,1.284,1,SL,-0.5
GOOGL,2026-04-14,1.102,gap_1_2,PMH,early,09:44,0.98,TP,1.0,0.441,0.473,1.97,1.967,1,TP,1.0
GOOGL,2026-05-06,1.552,gap_1_2,PMH,mid,10:59,1.12,SL,-0.5,-0.496,-0.125,0.035,-0.181,0,,
GOOGL,2026-06-09,1.038,gap_1_2,PDH,mid,10:19,1.02,SL,-0.5,-0.767,-0.931,-2.078,-1.078,1,SL,-0.5
GOOGL,2026-06-12,1.404,gap_1_2,PDH,early,09:58,0.81,TP,1.0,0.709,0.843,0.501,0.633,1,TP,1.0
GOOGL,2026-06-15,2.305,gap_2plus,PMH,early,09:32,0.81,SL,-0.5,-0.089,-0.662,0.077,-0.239,0,,
GS,2026-02-25,1.381,gap_1_2,PMH,early,09:37,0.72,SL,-0.5,-0.093,0.202,0.208,0.575,0,,
GS,2026-03-16,1.245,gap_1_2,PDH,early,09:56,0.8,SL,-0.5,0.54,0.165,0.202,-0.463,1,SL,-0.5
GS,2026-03-17,1.466,gap_1_2,PMH,mid,11:07,0.65,EOD,0.1163,-0.322,-0.173,0.135,0.065,1,EOD,0.1352
GS,2026-03-23,2.354,gap_2plus,PMH,mid,11:03,0.8,SL,-0.5,-0.423,-1.588,-1.506,-0.956,1,SL,-0.5
GS,2026-03-25,1.081,gap_1_2,PMH,early,09:32,0.51,SL,-0.5,-0.563,-0.454,-0.81,-1.05,1,SL,-0.5
GS,2026-03-30,1.025,gap_1_2,PMH,mid,11:00,0.67,SL,-0.5,-0.17,-0.175,-0.414,-0.501,1,SL,-0.5
GS,2026-03-31,1.964,gap_1_2,PDH,early,09:46,1.13,TP,1.0,0.389,-0.25,0.377,2.004,1,SL,-0.5
GS,2026-04-01,1.647,gap_1_2,PMH,early,09:58,0.88,SL,-0.5,-0.721,0.486,0.619,0.068,1,SL,-0.5
GS,2026-04-08,4.697,gap_2plus,PMH,mid,10:24,1.26,SL,-0.5,-0.922,-0.994,-0.606,-0.704,0,,
GS,2026-04-17,1.724,gap_1_2,PMH,early,09:41,1.26,SL,-0.5,0.231,0.84,0.776,0.958,1,TP,1.0
GS,2026-04-22,1.346,gap_1_2,PMH,early,09:32,0.68,SL,-0.5,0.002,-0.391,-0.097,-0.627,1,SL,-0.5
GS,2026-05-06,1.859,gap_1_2,PMH,early,09:38,0.96,SL,-0.5,-0.838,-1.014,-0.336,-0.634,0,,
GS,2026-05-08,1.107,gap_1_2,PMH,early,09:40,0.81,SL,-0.5,0.001,0.307,-0.022,-0.173,1,SL,-0.5
GS,2026-05-14,1.374,gap_1_2,PMH,early,09:38,1.11,SL,-0.5,-0.606,-0.581,-0.015,0.356,1,SL,-0.5
GS,2026-05-20,1.719,gap_1_2,PMH,early,09:37,1.86,TP,1.0,-0.037,1.513,1.85,2.493,1,TP,1.0
GS,2026-06-08,1.298,gap_1_2,PMH,early,09:41,0.95,SL,-0.5,0.122,-0.206,0.286,0.196,1,SL,-0.5
GS,2026-06-11,1.268,gap_1_2,PMH,early,09:50,1.02,SL,-0.5,-1.098,-0.85,-0.534,-0.558,1,SL,-0.5
GS,2026-06-12,1.69,gap_1_2,PMH,early,09:31,1.03,SL,-0.5,0.242,0.517,1.533,0.074,1,SL,-0.5
HON,2026-01-14,1.326,gap_1_2,PDH,mid,10:09,1.33,TP,1.0,0.052,0.066,0.941,0.076,1,TP,1.0
HON,2026-01-16,1.93,gap_1_2,PMH,mid,10:07,1.76,EOD,-0.0228,-0.26,0.231,0.2,0.073,1,SL,-0.5
HON,2026-02-04,1.113,gap_1_2,PMH,early,09:34,1.28,EOD,0.5811,0.235,0.417,0.737,0.709,1,TP,1.0
HON,2026-03-25,1.115,gap_1_2,BOTH,early,09:31,1.13,SL,-0.5,0.004,-0.069,0.545,0.929,1,SL,-0.5
HON,2026-04-08,2.535,gap_2plus,PMH,early,09:31,1.08,SL,-0.5,0.504,-0.458,0.148,0.043,0,,
HON,2026-05-06,1.942,gap_1_2,PMH,early,09:36,1.01,TP,1.0,0.428,0.675,1.439,1.549,1,TP,1.0
HON,2026-05-26,2.514,gap_2plus,PMH,mid,10:09,1.66,SL,-0.5,0.243,-0.657,-1.178,-0.685,1,SL,-0.5
HON,2026-06-11,1.059,gap_1_2,PMH,mid,11:13,1.47,SL,-0.5,-0.516,0.241,0.331,1.75,1,SL,-0.5
HON,2026-06-15,3.06,gap_2plus,PMH,early,09:58,1.69,SL,-0.5,0.379,0.626,0.733,0.532,1,SL,-0.5
IBM,2026-01-05,1.507,gap_1_2,PMH,early,09:31,1.4,SL,-0.5,-0.024,0.263,0.313,-0.555,1,SL,-0.5
IBM,2026-01-16,1.017,gap_1_2,PMH,early,09:34,1.91,SL,-0.5,-0.618,-0.638,-0.161,0.26,1,SL,-0.5
IBM,2026-02-24,1.983,gap_1_2,PMH,early,09:38,2.02,TP,1.0,1.051,1.682,0.013,-0.419,1,TP,1.0
IBM,2026-02-25,1.683,gap_1_2,PMH,early,09:51,1.18,TP,1.0,0.75,0.901,1.372,1.753,1,TP,1.0
IBM,2026-03-31,1.247,gap_1_2,PDH,early,09:48,0.73,SL,-0.5,-0.397,-0.743,-0.662,-0.04,1,SL,-0.5
IBM,2026-04-08,1.44,gap_1_2,PDH,early,09:44,1.26,SL,-0.5,-0.256,-0.207,-1.3,-1.884,1,SL,-0.5
IBM,2026-04-13,1.235,gap_1_2,PMH,early,09:49,1.23,SL,-0.5,-0.109,-0.522,-0.22,0.656,1,SL,-0.5
IBM,2026-04-16,1.609,gap_1_2,PMH,mid,11:22,1.21,EOD,0.9086,0.346,0.909,0.724,0.691,1,TP,1.0
IBM,2026-04-17,1.462,gap_1_2,PDH,mid,11:49,1.31,EOD,0.8314,0.473,0.844,0.374,0.171,1,EOD,0.5673
IBM,2026-04-28,1.092,gap_1_2,PMH,early,09:46,0.9,TP,1.0,0.653,0.572,0.456,0.77,1,TP,1.0
IBM,2026-05-01,1.55,gap_1_2,PMH,early,09:35,0.58,SL,-0.5,-1.118,-0.975,-1.419,-1.232,0,,
IBM,2026-05-28,2.225,gap_2plus,PDH,early,09:33,1.73,TP,1.0,1.807,3.05,2.709,1.718,0,,
IBM,2026-05-29,4.954,gap_2plus,PMH,early,09:55,3.54,TP,1.0,1.947,2.517,2.974,2.16,1,TP,1.0
INTU,2026-03-19,1.647,gap_1_2,PMH,early,09:33,0.56,TP,1.0,1.043,0.284,-0.226,-0.235,1,TP,1.0
INTU,2026-04-14,1.129,gap_1_2,PMH,early,09:32,0.75,TP,1.0,-1.121,-0.051,-1.046,-0.9,1,SL,-0.5
INTU,2026-04-15,2.233,gap_2plus,PMH,early,09:33,0.97,TP,1.0,0.885,1.02,1.775,2.274,0,,
INTU,2026-04-16,2.8,gap_2plus,PMH,early,09:32,0.79,SL,-0.5,-2.768,-2.863,-3.646,-3.325,0,,
INTU,2026-04-28,1.918,gap_1_2,PDH,early,09:31,0.63,SL,-0.5,-0.449,-0.064,-0.794,-0.628,1,SL,-0.5
INTU,2026-05-01,3.558,gap_2plus,PDH,mid,10:29,0.6,TP,1.0,0.516,1.308,2.335,2.218,1,TP,1.0
INTU,2026-05-07,1.856,gap_1_2,PMH,early,09:35,0.69,TP,1.0,1.415,1.947,2.95,2.943,1,TP,1.0
INTU,2026-05-15,1.784,gap_1_2,PMH,early,09:45,1.11,SL,-0.5,0.791,0.484,0.786,0.816,1,SL,-0.5
INTU,2026-05-19,3.921,gap_2plus,PMH,early,09:45,1.32,TP,1.0,-0.346,-1.661,-3.159,-4.2,1,SL,-0.5
INTU,2026-05-29,1.302,gap_1_2,PMH,early,09:43,1.42,SL,-0.5,0.203,2.577,3.228,3.656,0,,
INTU,2026-06-01,2.166,gap_2plus,PMH,early,09:37,1.31,TP,1.0,1.774,0.714,4.088,4.878,1,TP,1.0
JNJ,2026-03-30,1.302,gap_1_2,PDH,mid,10:46,0.83,SL,-0.5,-0.227,-0.323,-0.232,0.146,1,EOD,-0.0927
JNJ,2026-04-28,1.074,gap_1_2,PDH,early,09:36,0.98,TP,1.0,0.346,0.855,0.905,0.138,1,TP,1.0
JNJ,2026-06-04,1.57,gap_1_2,PMH,mid,10:15,1.05,SL,-0.5,0.023,-0.452,0.03,0.153,1,SL,-0.5
JPM,2026-02-11,1.587,gap_1_2,PMH,early,09:45,0.71,SL,-0.5,-1.321,-2.209,-2.059,-2.827,0,,
JPM,2026-03-16,1.023,gap_1_2,PMH,early,09:39,0.72,SL,-0.5,0.745,-0.218,0.33,-0.292,1,SL,-0.5
JPM,2026-03-17,1.007,gap_1_2,PDH,mid,10:04,0.71,SL,-0.5,-0.323,-0.479,-0.886,-0.793,1,SL,-0.5
JPM,2026-03-31,1.628,gap_1_2,PDH,early,09:41,1.07,TP,1.0,0.915,0.581,0.689,2.07,1,TP,1.0
JPM,2026-04-28,1.133,gap_1_2,PDH,mid,10:06,0.7,EOD,-0.3663,0.09,0.27,0.117,-0.059,1,EOD,-0.3711
JPM,2026-06-04,1.622,gap_1_2,PMH,early,09:31,1.36,TP,1.0,0.685,0.605,1.499,1.705,1,TP,1.0
JPM,2026-06-05,1.094,gap_1_2,PDH,mid,10:04,1.11,SL,-0.5,-0.23,0.115,-0.591,-0.482,1,SL,-0.5
KO,2026-04-23,1.085,gap_1_2,BOTH,early,09:31,1.01,TP,1.0,0.474,0.672,0.685,0.777,1,TP,1.0
KO,2026-04-28,5.408,gap_2plus,PMH,early,09:31,2.68,SL,-0.5,-0.327,0.308,0.691,0.798,1,SL,-0.5
KO,2026-05-15,1.093,gap_1_2,PDH,early,09:32,1.37,SL,-0.5,-0.018,-0.043,-0.486,-0.487,1,SL,-0.5
KO,2026-06-10,1.66,gap_1_2,PMH,early,09:33,1.6,SL,-0.5,0.37,0.235,0.954,0.936,1,SL,-0.5
LRCX,2025-12-18,5.284,gap_2plus,PDH,early,09:31,1.32,TP,1.0,2.09,-0.036,0.122,-0.778,1,TP,1.0
LRCX,2025-12-22,2.009,gap_2plus,PDH,early,09:48,0.96,SL,-0.5,-0.198,0.014,0.687,0.707,1,TP,1.0
LRCX,2026-01-09,1.821,gap_1_2,PMH,early,09:36,1.82,TP,1.0,1.11,2.429,3.695,3.598,1,SL,-0.5
LRCX,2026-01-16,1.904,gap_1_2,PMH,early,09:31,0.96,SL,-0.5,-1.696,-2.411,-0.041,-0.409,1,SL,-0.5
LRCX,2026-01-27,3.477,gap_2plus,PMH,early,09:33,0.99,TP,1.0,1.823,2.419,3.241,3.504,1,TP,1.0
LRCX,2026-01-28,1.132,gap_1_2,PDH,early,09:39,1.22,SL,-0.5,-0.591,-0.456,-0.466,-0.429,1,SL,-0.5
LRCX,2026-01-29,2.194,gap_2plus,PDH,mid,10:03,1.39,SL,-0.5,-0.792,-2.862,-0.612,-0.616,1,SL,-0.5
LRCX,2026-02-06,3.285,gap_2plus,PMH,early,09:35,1.03,TP,1.0,1.168,2.653,3.121,2.491,1,SL,-0.5
LRCX,2026-02-11,4.185,gap_2plus,PMH,early,09:34,0.74,SL,-0.5,-0.338,-2.675,-1.386,-0.293,1,TP,1.0
LRCX,2026-02-13,2.11,gap_2plus,BOTH,early,09:32,0.79,SL,-0.5,-0.567,-0.215,-1.254,-1.254,0,,
LRCX,2026-02-25,2.347,gap_2plus,PMH,mid,11:00,0.7,SL,-0.5,-0.383,-0.682,-0.058,-0.142,1,SL,-0.5
LRCX,2026-03-04,2.018,gap_2plus,PMH,early,09:34,0.79,SL,-0.5,-1.195,0.15,-0.107,0.184,0,,
LRCX,2026-03-13,1.083,gap_1_2,PDH,early,09:34,0.94,SL,-0.5,0.962,0.639,-0.209,-0.857,1,TP,1.0
LRCX,2026-03-16,3.016,gap_2plus,PMH,early,09:32,1.07,SL,-0.5,-0.291,-0.231,-0.713,-1.303,1,SL,-0.5
LRCX,2026-03-23,1.046,gap_1_2,PDH,early,09:52,0.95,SL,-0.5,0.412,0.656,-1.117,-1.389,0,,
LRCX,2026-03-31,3.008,gap_2plus,PMH,early,09:34,1.0,SL,-0.5,1.183,0.244,-0.771,-0.741,0,,
LRCX,2026-04-01,1.213,gap_1_2,PMH,early,09:48,1.01,TP,1.0,0.36,0.455,1.425,1.117,1,SL,-0.5
LRCX,2026-04-08,8.245,gap_2plus,PMH,mid,10:59,1.17,TP,1.0,0.497,1.231,1.156,1.035,1,TP,1.0
LRCX,2026-04-10,1.616,gap_1_2,PMH,mid,11:13,0.98,SL,-0.5,-0.743,-0.676,-1.055,0.357,1,SL,-0.5
LRCX,2026-04-14,1.497,gap_1_2,PDH,early,09:51,0.85,TP,1.0,1.198,1.441,1.615,1.314,1,TP,1.0
LRCX,2026-04-17,2.659,gap_2plus,PDH,early,09:34,0.83,SL,-0.5,-0.383,0.261,0.233,0.454,1,SL,-0.5
LRCX,2026-04-24,3.37,gap_2plus,PDH,mid,10:09,1.37,SL,-0.5,-1.319,-0.594,-0.517,0.18,0,,
LRCX,2026-04-30,1.254,gap_1_2,PMH,early,09:53,0.98,SL,-0.5,-0.637,0.291,1.254,1.211,1,SL,-0.5
LRCX,2026-05-06,4.076,gap_2plus,PMH,early,09:31,1.53,TP,1.0,1.276,0.719,2.443,1.535,1,TP,1.0
LRCX,2026-05-13,2.018,gap_2plus,PDH,early,09:49,0.68,SL,-0.5,-0.543,0.001,1.082,1.486,1,SL,-0.5
LRCX,2026-05-20,2.294,gap_2plus,PMH,early,09:33,0.85,SL,-0.5,0.246,2.485,3.45,3.022,0,,
LRCX,2026-05-26,2.852,gap_2plus,PMH,mid,10:14,1.05,TP,1.0,0.687,0.381,-0.586,1.1,1,SL,-0.5
LRCX,2026-05-29,1.242,gap_1_2,PMH,early,09:46,0.86,SL,-0.5,-0.033,-1.392,-1.198,-1.207,1,SL,-0.5
LRCX,2026-06-02,2.37,gap_2plus,PMH,early,09:34,0.89,TP,1.0,1.6,2.071,2.735,1.481,1,TP,1.0
LRCX,2026-06-08,5.058,gap_2plus,PMH,early,09:32,1.19,SL,-0.5,-1.436,-0.634,1.731,2.103,1,SL,-0.5
LRCX,2026-06-09,3.479,gap_2plus,PDH,mid,10:50,1.89,SL,-0.5,0.078,-2.194,-6.782,-4.011,1,SL,-0.5
LRCX,2026-06-11,4.476,gap_2plus,PMH,early,09:53,1.65,TP,1.0,1.235,-0.275,0.794,0.554,1,TP,1.0
LRCX,2026-06-15,5.136,gap_2plus,PMH,early,09:31,1.19,SL,-0.5,-1.049,-0.918,-0.033,0.028,1,SL,-0.5
MDT,2026-03-23,1.206,gap_1_2,PDH,mid,10:55,0.85,SL,-0.5,0.264,-0.103,-0.705,-0.355,1,SL,-0.5
MDT,2026-04-08,1.672,gap_1_2,PDH,early,09:41,1.74,TP,1.0,0.637,0.689,1.017,0.999,1,TP,1.0
META,2025-12-18,1.169,gap_1_2,PMH,early,09:45,1.27,TP,1.0,0.237,1.327,1.113,0.868,1,TP,1.0
META,2026-01-22,2.659,gap_2plus,PMH,early,09:33,1.96,SL,-0.5,-0.291,0.531,0.768,1.821,1,SL,-0.5
META,2026-03-16,3.085,gap_2plus,PDH,early,09:33,1.36,SL,-0.5,-0.151,-0.082,-0.302,-1.078,1,SL,-0.5
META,2026-03-23,1.961,gap_1_2,PDH,early,09:53,1.09,SL,-0.5,0.282,0.086,0.413,-0.23,1,SL,-0.5
META,2026-03-30,2.03,gap_2plus,PMH,early,09:31,1.63,SL,-0.5,-1.059,-0.676,-0.451,0.027,0,,
META,2026-04-01,1.402,gap_1_2,PMH,early,09:34,1.55,SL,-0.5,-0.825,-0.566,0.164,0.917,1,SL,-0.5
META,2026-04-09,2.331,gap_2plus,BOTH,early,09:44,1.12,SL,-0.5,-0.916,-0.646,0.096,0.333,1,SL,-0.5
META,2026-04-14,1.371,gap_1_2,PMH,early,09:35,0.98,TP,1.0,0.835,1.581,2.934,3.043,1,TP,1.0
META,2026-06-09,1.148,gap_1_2,PDH,early,09:35,0.87,SL,-0.5,0.459,0.443,-0.75,-1.029,1,SL,-0.5
MSFT,2026-02-10,1.447,gap_1_2,PMH,early,09:58,0.91,SL,-0.5,0.084,0.2,-0.085,-0.567,1,SL,-0.5
MSFT,2026-02-26,1.054,gap_1_2,PDH,early,09:39,0.71,TP,1.0,0.663,-0.348,-0.578,-0.572,1,SL,-0.5
MSFT,2026-03-30,1.471,gap_1_2,PDH,mid,10:24,1.44,SL,-0.5,0.717,0.152,0.058,-0.833,1,SL,-0.5
MSFT,2026-04-15,1.244,gap_1_2,PMH,early,09:33,1.52,TP,1.0,1.013,1.731,1.92,2.19,1,TP,1.0
MSFT,2026-04-16,2.098,gap_2plus,PDH,mid,10:06,1.28,TP,1.0,0.23,-0.087,1.426,1.042,1,TP,1.0
MSFT,2026-04-17,1.137,gap_1_2,PMH,mid,10:41,1.47,SL,-0.5,0.653,0.316,0.213,-0.757,1,SL,-0.5
MSFT,2026-05-01,1.224,gap_1_2,PDH,early,09:34,0.99,SL,-0.5,-0.727,-0.175,0.063,-0.183,1,SL,-0.5
MSFT,2026-05-15,1.155,gap_1_2,PMH,early,09:34,1.54,TP,1.0,0.456,1.315,1.717,2.543,1,SL,-0.5
MSFT,2026-05-19,1.47,gap_1_2,PDH,early,09:36,0.94,TP,1.0,0.35,-0.15,-1.087,-1.993,1,TP,1.0
NEE,2026-01-29,1.142,gap_1_2,PDH,early,09:35,1.15,SL,-0.5,-0.763,-0.707,-1.605,-1.066,1,SL,-0.5
NEE,2026-02-04,1.042,gap_1_2,PMH,mid,11:44,1.39,TP,1.0,0.508,0.106,0.687,1.229,1,TP,1.0
NEE,2026-02-06,1.48,gap_1_2,BOTH,early,09:31,0.84,SL,-0.5,-0.11,-1.322,-2.544,-2.037,0,,
NEE,2026-03-13,1.123,gap_1_2,PDH,mid,11:05,0.78,EOD,0.0377,-0.248,-0.296,-0.065,-0.054,1,SL,-0.5
NEE,2026-03-23,1.641,gap_1_2,PMH,early,09:52,0.87,SL,-0.5,-0.756,-0.839,-0.685,-0.449,1,SL,-0.5
NEE,2026-03-30,1.467,gap_1_2,PMH,early,09:31,0.8,SL,-0.5,-0.314,0.124,0.027,-0.043,1,SL,-0.5
NEE,2026-04-28,1.065,gap_1_2,PMH,mid,10:56,0.86,EOD,0.5103,0.406,0.489,0.302,0.276,1,EOD,0.4789
NFLX,2025-12-17,1.539,gap_1_2,PMH,early,09:33,1.49,SL,-0.5,-0.01,-0.17,-1.499,-1.149,1,SL,-0.5
NFLX,2026-01-07,1.049,gap_1_2,PMH,early,09:31,1.13,SL,-0.5,-1.149,-1.753,-1.6,-0.928,1,SL,-0.5
NFLX,2026-01-20,1.051,gap_1_2,PMH,early,09:38,2.61,SL,-0.5,-1.288,-1.22,-1.165,-1.694,1,SL,-0.5
NFLX,2026-02-05,1.465,gap_1_2,PMH,early,09:33,1.09,TP,1.0,-0.376,-1.48,-1.182,-0.934,1,SL,-0.5
NFLX,2026-03-27,1.317,gap_1_2,PMH,early,09:32,0.91,SL,-0.5,-2.252,-1.659,-1.606,-2.0,0,,
NFLX,2026-04-06,2.34,gap_2plus,PDH,mid,10:40,1.03,SL,-0.5,-0.081,-0.243,-0.111,0.182,1,SL,-0.5
NOC,2026-01-08,7.079,gap_2plus,PMH,early,09:42,6.44,SL,-0.5,-0.879,-4.949,-5.332,-5.752,1,TP,1.0
NOC,2026-01-13,1.56,gap_1_2,PDH,mid,10:04,1.31,SL,-0.5,0.157,-0.06,-0.834,-1.598,1,SL,-0.5
NOC,2026-02-03,1.312,gap_1_2,BOTH,early,09:38,0.73,TP,1.0,0.381,0.481,0.397,1.374,1,TP,1.0
NOC,2026-02-18,1.235,gap_1_2,BOTH,early,09:32,1.33,SL,-0.5,-0.578,-0.011,0.366,0.655,1,SL,-0.5
NOC,2026-02-27,1.22,gap_1_2,PMH,early,09:33,0.63,SL,-0.5,-0.351,-1.089,-0.117,-0.209,1,SL,-0.5
NOC,2026-03-30,1.516,gap_1_2,PMH,early,09:48,0.95,SL,-0.5,-0.543,-0.161,-0.892,-1.428,0,,
NOC,2026-03-31,1.24,gap_1_2,PMH,early,09:33,0.62,SL,-0.5,-0.013,0.024,-0.152,0.027,1,SL,-0.5
NOC,2026-04-01,1.075,gap_1_2,PMH,early,09:47,0.8,TP,1.0,-0.166,-0.043,1.178,0.722,1,TP,1.0
NOC,2026-06-04,1.186,gap_1_2,PMH,early,09:39,1.35,TP,1.0,0.409,0.292,-0.047,0.562,1,SL,-0.5
NVDA,2025-12-18,2.13,gap_2plus,PMH,mid,10:26,0.97,SL,-0.5,0.57,0.315,-0.372,0.269,1,SL,-0.5
NVDA,2025-12-19,1.526,gap_1_2,PMH,early,09:32,1.37,TP,1.0,1.207,0.768,1.067,1.538,1,TP,1.0
NVDA,2025-12-31,1.077,gap_1_2,PMH,early,09:31,0.75,SL,-0.5,-0.922,-0.799,-0.846,-0.746,0,,
NVDA,2026-01-02,1.794,gap_1_2,BOTH,early,09:31,1.04,TP,1.0,0.681,-0.192,-0.597,-0.549,1,TP,1.0
NVDA,2026-01-05,1.568,gap_1_2,PDH,early,09:31,1.23,SL,-0.5,-1.557,-1.684,-1.57,-3.158,1,SL,-0.5
NVDA,2026-01-06,1.276,gap_1_2,PMH,early,09:47,1.2,SL,-0.5,0.298,-0.719,-1.058,-1.07,1,SL,-0.5
NVDA,2026-01-15,1.801,gap_1_2,PMH,early,09:39,1.34,TP,1.0,0.55,0.326,0.238,0.544,1,SL,-0.5
NVDA,2026-01-16,1.021,gap_1_2,BOTH,early,09:35,1.1,SL,-0.5,-0.4,-0.964,-1.064,-0.906,1,SL,-0.5
NVDA,2026-01-23,1.439,gap_1_2,PMH,early,09:31,0.93,SL,-0.5,-0.687,-0.901,-0.906,-0.732,0,,
NVDA,2026-01-28,1.457,gap_1_2,PDH,mid,11:54,0.97,TP,1.0,0.411,0.827,0.953,1.096,1,TP,1.0
NVDA,2026-02-06,2.798,gap_2plus,PDH,early,09:33,1.39,TP,1.0,1.706,3.259,3.764,4.47,1,TP,1.0
NVDA,2026-02-11,2.025,gap_2plus,PDH,early,09:31,0.85,SL,-0.5,-0.573,-1.637,-0.771,-0.34,0,,
NVDA,2026-02-18,2.005,gap_2plus,PMH,mid,10:04,0.94,SL,-0.5,-0.179,0.298,-0.337,-0.082,1,SL,-0.5
NVDA,2026-03-13,1.044,gap_1_2,PMH,early,09:31,0.89,SL,-0.5,-0.498,-0.907,-2.082,-2.437,0,,
NVDA,2026-03-16,1.492,gap_1_2,PMH,early,09:33,1.2,TP,1.0,-0.122,-0.171,0.315,-0.057,1,SL,-0.5
NVDA,2026-03-23,2.538,gap_2plus,PDH,mid,11:11,0.92,SL,-0.5,-0.861,-1.537,-1.64,-1.077,0,,
NVDA,2026-03-25,1.021,gap_1_2,PMH,early,09:34,0.87,TP,1.0,0.011,0.747,0.66,0.263,1,TP,1.0
NVDA,2026-03-31,1.163,gap_1_2,PMH,early,09:34,1.2,TP,1.0,0.652,1.399,0.949,1.355,1,TP,1.0
NVDA,2026-05-06,1.73,gap_1_2,PDH,early,09:32,1.17,SL,-0.5,1.093,1.804,2.793,2.013,1,SL,-0.5
NVDA,2026-05-13,1.82,gap_1_2,PMH,early,09:34,0.96,SL,-0.5,-1.411,-0.966,-0.243,0.238,0,,
NVDA,2026-05-14,1.78,gap_1_2,PMH,mid,10:22,1.21,TP,1.0,0.676,0.575,0.702,0.066,1,TP,1.0
ORCL,2025-12-18,2.387,gap_2plus,PMH,early,09:34,0.71,SL,-0.5,-1.343,-0.716,-1.153,-2.499,1,SL,-0.5
ORCL,2025-12-19,4.682,gap_2plus,PMH,early,09:43,1.46,TP,1.0,-0.563,-0.422,0.316,0.586,1,SL,-0.5
ORCL,2025-12-22,2.34,gap_2plus,PDH,early,09:33,0.66,SL,-0.5,-0.172,0.653,0.758,0.796,1,SL,-0.5
ORCL,2026-01-02,1.298,gap_1_2,PDH,early,09:33,0.45,SL,-0.5,-0.163,-1.063,-0.347,-0.501,1,SL,-0.5
ORCL,2026-01-05,1.339,gap_1_2,PMH,early,09:36,0.88,SL,-0.5,-2.222,-1.958,-2.078,-3.254,1,SL,-0.5
ORCL,2026-01-09,1.057,gap_1_2,PDH,early,09:41,1.22,SL,-0.5,-0.147,1.897,2.235,2.628,0,,
ORCL,2026-01-26,1.101,gap_1_2,BOTH,early,09:31,1.09,TP,1.0,1.096,1.474,2.097,2.793,1,TP,1.0
ORCL,2026-02-02,3.846,gap_2plus,PDH,mid,10:13,1.88,SL,-0.5,-1.231,-0.615,-0.586,-0.698,1,SL,-0.5
ORCL,2026-02-06,2.426,gap_2plus,PMH,mid,10:10,1.04,TP,1.0,0.471,0.701,0.507,1.173,1,SL,-0.5
ORCL,2026-02-09,3.999,gap_2plus,PMH,early,09:32,1.77,TP,1.0,3.514,2.992,3.822,5.395,1,TP,1.0
ORCL,2026-02-10,2.178,gap_2plus,PDH,early,09:35,1.28,SL,-0.5,0.434,1.712,0.677,1.449,0,,
ORCL,2026-02-13,1.681,gap_1_2,PMH,early,09:31,0.57,SL,-0.5,-1.015,-0.137,-0.724,0.92,0,,
ORCL,2026-02-25,2.073,gap_2plus,PMH,early,09:52,0.88,TP,1.0,0.262,0.046,-0.09,-0.531,1,TP,1.0
ORCL,2026-03-11,11.298,gap_2plus,PMH,early,09:33,3.34,SL,-0.5,-0.806,-1.803,-2.897,-2.992,1,SL,-0.5
ORCL,2026-03-23,1.169,gap_1_2,PMH,early,09:39,0.64,TP,1.0,0.418,0.921,0.621,-0.444,1,TP,1.0
ORCL,2026-03-31,1.088,gap_1_2,PDH,early,09:35,0.76,SL,-0.5,0.658,0.573,1.161,1.175,1,SL,-0.5
ORCL,2026-04-08,4.98,gap_2plus,PMH,early,09:34,0.96,SL,-0.5,-3.395,-3.511,-4.264,-3.922,0,,
ORCL,2026-04-13,1.202,gap_1_2,PDH,early,09:33,2.37,TP,1.0,3.758,5.472,7.152,8.563,1,TP,1.0
ORCL,2026-04-14,7.915,gap_2plus,PMH,early,09:37,2.62,SL,-0.5,-2.917,-2.2,-3.237,-3.101,0,,
ORCL,2026-04-15,2.361,gap_2plus,PMH,early,09:32,1.81,TP,1.0,1.681,1.815,1.945,0.725,0,,
ORCL,2026-04-17,2.568,gap_2plus,PDH,mid,10:42,1.76,SL,-0.5,-0.424,-1.394,-1.549,-2.292,0,,
ORCL,2026-04-22,2.765,gap_2plus,PDH,early,09:47,1.12,SL,-0.5,0.479,0.329,0.856,1.053,0,,
ORCL,2026-05-04,2.426,gap_2plus,PMH,early,09:36,1.08,SL,-0.5,-0.151,1.496,1.164,1.703,0,,
ORCL,2026-05-13,1.199,gap_1_2,PMH,mid,10:25,0.47,SL,-0.5,0.36,-0.725,-0.491,-0.853,1,SL,-0.5
ORCL,2026-05-22,1.044,gap_1_2,PMH,early,09:32,0.49,TP,1.0,0.882,-0.215,0.525,0.273,1,TP,1.0
ORCL,2026-05-28,1.661,gap_1_2,PMH,early,09:33,1.28,SL,-0.5,-0.336,-0.104,3.207,3.461,0,,
ORCL,2026-05-29,2.602,gap_2plus,PMH,early,09:39,1.94,TP,1.0,1.193,1.217,2.87,3.763,1,TP,1.0
ORCL,2026-06-01,2.104,gap_2plus,PDH,early,09:33,2.31,TP,1.0,2.247,3.295,6.77,7.998,0,,
PCAR,2026-01-28,1.524,gap_1_2,PMH,early,09:31,1.53,SL,-0.5,-1.206,-1.588,-0.33,0.402,1,SL,-0.5
PCAR,2026-03-04,2.789,gap_2plus,PMH,early,09:44,1.58,SL,-0.5,0.288,0.399,0.088,-0.687,1,SL,-0.5
PCAR,2026-03-16,1.006,gap_1_2,PMH,early,09:51,0.81,SL,-0.5,-0.073,-0.736,-1.081,-1.387,1,SL,-0.5
PCAR,2026-03-23,3.054,gap_2plus,PDH,early,09:41,0.83,TP,1.0,1.013,0.753,0.985,0.441,1,TP,1.0
PCAR,2026-03-25,1.002,gap_1_2,PDH,mid,10:42,1.07,SL,-0.5,-0.124,-0.115,0.073,-0.021,1,SL,-0.5
PCAR,2026-03-30,1.1,gap_1_2,PMH,mid,10:02,0.73,SL,-0.5,0.022,-0.098,0.439,-0.066,1,SL,-0.5
PCAR,2026-03-31,1.112,gap_1_2,PDH,early,09:45,0.79,TP,1.0,-0.031,-0.281,0.075,0.364,1,TP,1.0
PCAR,2026-04-08,1.768,gap_1_2,PMH,early,09:31,1.45,TP,1.0,1.028,0.587,0.612,0.751,0,,
PCAR,2026-04-17,1.206,gap_1_2,PMH,early,09:31,1.19,SL,-0.5,0.802,0.786,0.563,1.135,1,SL,-0.5
PCAR,2026-05-06,1.825,gap_1_2,PMH,early,09:35,0.75,EOD,0.4139,0.19,0.47,-0.026,0.379,1,EOD,0.336
PCAR,2026-06-04,1.469,gap_1_2,PDH,early,09:33,2.38,SL,-0.5,-0.768,0.811,1.053,1.562,0,,
PCAR,2026-06-15,1.78,gap_1_2,PMH,early,09:31,0.95,SL,-0.5,-0.477,-0.867,-0.435,-0.374,1,EOD,-0.2151
PG,2025-12-17,1.026,gap_1_2,PMH,early,09:31,0.88,TP,1.0,0.3,0.472,0.815,0.818,1,EOD,0.51
PG,2026-01-22,1.404,gap_1_2,PMH,early,09:31,2.02,SL,-0.5,0.039,0.571,0.618,0.242,1,SL,-0.5
PG,2026-02-05,1.103,gap_1_2,PMH,early,09:33,1.26,SL,-0.5,-0.913,0.195,-0.296,-0.258,0,,
PG,2026-04-08,1.324,gap_1_2,PDH,early,09:32,1.23,SL,-0.5,0.014,-0.128,0.135,0.528,0,,
PG,2026-04-28,1.092,gap_1_2,PMH,early,09:33,1.01,SL,-0.5,-0.576,-0.17,0.413,0.413,0,,
PG,2026-05-06,1.021,gap_1_2,PMH,mid,10:12,0.96,TP,1.0,0.113,-0.13,0.372,0.587,1,TP,1.0
PG,2026-06-05,1.019,gap_1_2,PDH,early,09:37,1.47,TP,1.0,0.192,0.597,1.382,2.3,1,TP,1.0
PLTR,2025-12-18,2.363,gap_2plus,PMH,early,09:32,0.93,TP,1.0,0.335,2.041,1.921,1.358,1,SL,-0.5
PLTR,2026-02-18,2.127,gap_2plus,PMH,early,09:43,1.1,TP,1.0,1.542,1.731,1.038,0.893,1,TP,1.0
PLTR,2026-02-25,1.437,gap_1_2,PMH,early,09:31,0.86,SL,-0.5,1.127,1.742,2.967,2.519,1,SL,-0.5
PLTR,2026-03-02,2.762,gap_2plus,PMH,early,09:34,1.19,SL,-0.5,0.049,0.953,0.835,1.433,1,SL,-0.5
PLTR,2026-03-23,1.658,gap_1_2,PDH,early,09:33,1.16,TP,1.0,1.186,1.492,1.185,0.006,1,TP,1.0
PLTR,2026-03-25,1.706,gap_1_2,PMH,early,09:35,0.78,SL,-0.5,-0.195,0.09,-1.007,-1.724,1,SL,-0.5
PLTR,2026-03-31,1.803,gap_1_2,PMH,early,09:31,0.91,SL,-0.5,0.542,1.54,1.566,1.832,0,,
PLTR,2026-04-13,1.671,gap_1_2,PMH,mid,10:52,1.39,TP,1.0,0.117,0.174,0.088,0.403,1,SL,-0.5
PLTR,2026-04-14,1.579,gap_1_2,PMH,early,09:31,1.1,SL,-0.5,-0.125,0.85,-0.176,0.311,1,SL,-0.5
PLTR,2026-04-16,1.505,gap_1_2,PDH,mid,10:48,0.9,TP,1.0,0.056,0.336,0.151,0.102,1,TP,1.0
PLTR,2026-04-17,1.814,gap_1_2,PMH,early,09:37,0.97,TP,1.0,0.522,1.396,1.726,1.009,1,TP,1.0
PLTR,2026-04-22,1.637,gap_1_2,PMH,early,09:31,0.86,SL,-0.5,0.554,1.872,1.553,1.876,0,,
PLTR,2026-05-01,2.956,gap_2plus,PMH,mid,10:48,0.67,TP,1.0,0.223,0.533,-0.209,0.976,1,TP,1.0
PLTR,2026-05-04,2.547,gap_2plus,PMH,early,09:35,1.15,SL,-0.5,-1.659,-0.954,-1.935,-1.377,1,SL,-0.5
PLTR,2026-05-07,1.002,gap_1_2,PMH,early,09:35,0.96,TP,1.0,0.781,0.821,1.938,1.11,1,TP,1.0
PLTR,2026-05-29,3.118,gap_2plus,PMH,early,09:33,1.96,SL,-0.5,3.532,5.097,4.87,4.594,1,TP,1.0
PLTR,2026-06-01,2.165,gap_2plus,PDH,early,09:31,1.29,SL,-0.5,0.886,-1.127,1.45,2.052,1,TP,1.0
RTX,2026-01-08,2.843,gap_2plus,PDH,early,09:40,2.93,TP,1.0,-0.353,-1.82,-2.783,-3.595,1,TP,1.0
RTX,2026-01-27,2.816,gap_2plus,PDH,mid,10:13,2.4,TP,1.0,0.62,0.714,0.895,1.704,1,TP,1.0
RTX,2026-03-25,1.025,gap_1_2,PDH,early,09:34,0.67,SL,-0.5,0.041,0.077,-0.044,0.19,1,SL,-0.5
RTX,2026-03-30,1.492,gap_1_2,PMH,early,09:31,0.79,SL,-0.5,-1.189,-1.722,-1.837,-2.321,0,,
RTX,2026-03-31,1.09,gap_1_2,PMH,mid,10:16,0.72,TP,1.0,0.406,0.694,0.551,0.688,1,TP,1.0
RTX,2026-04-28,1.073,gap_1_2,PMH,early,09:31,1.25,SL,-0.5,-0.563,-1.115,-0.765,-1.199,0,,
RTX,2026-05-06,1.117,gap_1_2,PDH,early,09:38,1.14,TP,1.0,0.714,1.686,1.397,1.093,1,TP,1.0
RTX,2026-06-04,2.247,gap_2plus,PMH,early,09:31,0.91,TP,1.0,0.818,0.653,-0.011,0.185,1,SL,-0.5
SCHW,2026-01-22,1.208,gap_1_2,PDH,mid,10:16,1.82,SL,-0.5,0.043,0.062,-0.119,-0.224,1,SL,-0.5
SCHW,2026-02-06,1.235,gap_1_2,PMH,early,09:31,0.82,TP,1.0,0.372,0.793,0.532,0.938,1,TP,1.0
SCHW,2026-03-04,1.008,gap_1_2,BOTH,mid,10:12,0.54,EOD,-0.052,-0.281,0.0,0.198,0.062,1,EOD,0.0313
SCHW,2026-03-16,1.139,gap_1_2,PDH,mid,10:48,0.84,TP,1.0,0.565,1.012,0.032,-0.256,1,SL,-0.5
SCHW,2026-03-31,1.016,gap_1_2,PDH,early,09:50,1.11,SL,-0.5,-0.724,-1.502,-1.331,-0.346,1,SL,-0.5
SCHW,2026-04-01,1.096,gap_1_2,PDH,mid,11:43,2.28,SL,-0.5,0.648,0.265,-0.393,-1.391,1,SL,-0.5
SCHW,2026-04-15,1.037,gap_1_2,PMH,early,09:31,1.19,TP,1.0,-0.426,-0.09,-0.208,-0.176,1,SL,-0.5
SCHW,2026-05-15,1.151,gap_1_2,PDH,early,09:54,1.33,SL,-0.5,-0.347,-0.477,-0.758,-1.581,1,SL,-0.5
SCHW,2026-06-04,1.016,gap_1_2,BOTH,early,09:57,1.02,TP,1.0,0.302,0.051,0.177,0.805,1,EOD,0.3708
T,2026-01-30,1.573,gap_1_2,PMH,early,09:32,1.81,SL,-0.5,-0.313,0.274,1.036,0.469,0,,
T,2026-04-28,1.646,gap_1_2,PMH,early,09:49,0.85,TP,1.0,0.866,0.885,1.174,0.539,1,TP,1.0
T,2026-06-04,1.358,gap_1_2,PMH,early,09:39,2.41,SL,-0.5,-0.877,-1.92,-4.3,-4.926,0,,
TSLA,2025-12-18,2.346,gap_2plus,PMH,early,09:43,0.87,SL,-0.5,-0.016,1.059,2.149,2.041,1,SL,-0.5
TSLA,2025-12-22,1.849,gap_1_2,BOTH,early,09:31,0.88,SL,-0.5,-0.488,-1.362,-0.42,0.155,1,SL,-0.5
TSLA,2026-01-05,2.214,gap_2plus,PMH,early,09:33,0.84,TP,1.0,0.718,1.434,1.056,1.296,1,TP,1.0
TSLA,2026-01-29,1.432,gap_1_2,PDH,early,09:31,1.31,SL,-0.5,-3.596,-3.645,-3.913,-3.242,0,,
TSLA,2026-01-30,2.24,gap_2plus,PMH,mid,10:06,1.36,TP,1.0,0.981,1.645,1.519,1.392,1,TP,1.0
TSLA,2026-03-04,1.401,gap_1_2,PMH,early,09:33,1.16,SL,-0.5,-1.106,0.819,0.412,0.469,0,,
TSLA,2026-03-16,1.291,gap_1_2,PMH,early,09:31,0.98,TP,1.0,0.74,0.72,0.439,-0.404,0,,
TSLA,2026-03-23,1.413,gap_1_2,PDH,early,09:39,1.18,TP,1.0,0.379,0.877,0.454,-0.607,1,TP,1.0
TSLA,2026-03-25,1.801,gap_1_2,PMH,early,09:32,0.94,SL,-0.5,-0.21,0.229,-0.141,-0.876,1,SL,-0.5
TSLA,2026-03-30,1.133,gap_1_2,PMH,early,09:31,1.09,SL,-0.5,-0.751,-1.007,-1.288,-1.826,0,,
TSLA,2026-04-01,1.867,gap_1_2,PMH,mid,10:58,0.91,SL,-0.5,-0.018,0.349,0.034,-0.488,1,SL,-0.5
TSLA,2026-04-08,4.972,gap_2plus,PDH,mid,10:34,1.23,SL,-0.5,-0.029,-0.552,-0.388,0.08,1,SL,-0.5
TSLA,2026-04-14,1.491,gap_1_2,PMH,early,09:31,0.9,SL,-0.5,-0.618,0.464,0.687,1.709,0,,
TSLA,2026-04-17,1.834,gap_1_2,PDH,early,09:37,1.37,TP,1.0,-0.2,1.252,3.463,2.984,1,TP,1.0
TXN,2025-12-18,1.485,gap_1_2,PMH,early,09:40,0.96,SL,-0.5,0.056,0.582,0.497,0.232,0,,
TXN,2025-12-22,1.804,gap_1_2,PDH,mid,10:32,0.7,EOD,0.2551,0.23,0.193,0.426,0.74,1,EOD,0.1933
TXN,2026-01-02,1.141,gap_1_2,BOTH,early,09:33,1.19,SL,-0.5,0.062,-0.514,0.458,-0.102,1,SL,-0.5
TXN,2026-01-06,1.645,gap_1_2,PDH,early,09:32,2.84,TP,1.0,2.828,3.3,4.7,4.924,1,TP,1.0
TXN,2026-01-22,1.476,gap_1_2,PDH,mid,10:10,1.43,SL,-0.5,-0.486,-0.674,-0.641,-0.776,0,,
TXN,2026-03-16,1.944,gap_1_2,PDH,mid,10:00,0.74,SL,-0.5,-0.343,-0.144,0.263,0.686,1,SL,-0.5
TXN,2026-03-23,3.91,gap_2plus,PDH,early,09:43,1.02,SL,-0.5,0.226,0.189,0.58,-0.333,1,SL,-0.5
TXN,2026-03-25,1.485,gap_1_2,PMH,early,09:31,0.74,SL,-0.5,-0.941,-0.759,-0.572,-0.28,1,SL,-0.5
TXN,2026-03-31,2.087,gap_2plus,PMH,early,09:58,1.01,SL,-0.5,-0.743,-1.27,-0.497,0.46,1,SL,-0.5
TXN,2026-04-06,1.088,gap_1_2,PMH,mid,10:09,0.81,TP,1.0,0.615,0.251,0.627,0.135,1,SL,-0.5
TXN,2026-04-08,3.57,gap_2plus,PMH,early,09:31,1.44,SL,-0.5,-1.08,-0.796,-0.757,-0.891,1,SL,-0.5
TXN,2026-04-09,1.733,gap_1_2,PMH,early,09:53,1.02,TP,1.0,0.295,0.326,1.027,0.844,1,TP,1.0
TXN,2026-04-17,2.317,gap_2plus,PMH,mid,11:53,1.29,SL,-0.5,0.059,-0.083,-0.135,-0.243,1,SL,-0.5
TXN,2026-04-20,1.014,gap_1_2,PDH,early,09:34,1.32,TP,1.0,0.52,0.642,0.861,0.763,1,TP,1.0
TXN,2026-04-22,1.387,gap_1_2,PDH,early,09:32,1.94,SL,-0.5,0.595,-0.04,-0.502,-0.39,1,SL,-0.5
TXN,2026-04-23,10.114,gap_2plus,PMH,early,09:31,5.51,TP,1.0,2.194,2.828,4.516,5.061,0,,
TXN,2026-04-29,1.764,gap_1_2,PMH,early,09:31,0.94,SL,-0.5,-0.676,-0.93,-0.577,-1.029,0,,
TXN,2026-05-11,1.132,gap_1_2,PMH,early,09:31,1.03,TP,1.0,-0.005,-0.772,0.368,0.7,1,SL,-0.5
TXN,2026-05-13,2.54,gap_2plus,PMH,early,09:33,0.85,TP,1.0,0.68,0.392,0.22,0.7,1,SL,-0.5
TXN,2026-05-18,1.949,gap_1_2,BOTH,early,09:32,0.69,SL,-0.5,-2.234,-2.42,-2.224,-2.456,1,SL,-0.5
TXN,2026-05-26,2.988,gap_2plus,PMH,early,09:35,1.11,TP,1.0,0.816,1.738,0.922,0.956,1,TP,1.0
TXN,2026-06-02,2.892,gap_2plus,BOTH,early,09:38,1.45,SL,-0.5,-0.394,-0.091,0.27,-0.132,1,SL,-0.5
TXN,2026-06-08,3.141,gap_2plus,PMH,mid,11:05,0.92,SL,-0.5,-0.749,-0.761,-0.937,-0.79,1,SL,-0.5
TXN,2026-06-11,2.525,gap_2plus,PMH,early,09:46,1.08,SL,-0.5,-0.254,-0.745,-0.416,-0.643,1,SL,-0.5
TXN,2026-06-15,3.009,gap_2plus,PMH,early,09:50,0.79,SL,-0.5,-0.895,-0.913,-0.771,-0.376,1,SL,-0.5
UNH,2026-01-06,1.818,gap_1_2,PMH,early,09:36,1.66,SL,-0.5,-0.324,0.07,0.013,0.755,1,SL,-0.5
UNH,2026-02-25,1.21,gap_1_2,PMH,early,09:34,0.86,TP,1.0,0.79,1.255,1.059,1.073,1,TP,1.0
UNH,2026-04-01,1.342,gap_1_2,PDH,early,09:44,0.76,SL,-0.5,-0.325,-0.123,0.523,0.27,1,TP,1.0
UNH,2026-04-17,1.157,gap_1_2,PDH,early,09:31,1.01,TP,1.0,0.935,1.235,1.393,1.714,1,TP,1.0
UNH,2026-04-21,9.119,gap_2plus,PMH,early,09:44,3.36,SL,-0.5,-0.323,-0.537,-2.113,-1.329,1,SL,-0.5
UNH,2026-04-22,1.439,gap_1_2,PDH,mid,11:09,1.47,SL,-0.5,-0.612,-0.579,-0.594,-1.448,1,SL,-0.5
UNP,2026-01-27,1.736,gap_1_2,BOTH,early,09:36,2.07,TP,1.0,0.346,1.314,-0.174,0.187,0,,
UNP,2026-03-23,1.856,gap_1_2,PMH,early,09:41,0.79,EOD,-0.3177,0.061,0.006,0.383,-0.054,1,EOD,-0.1131
UNP,2026-03-30,1.198,gap_1_2,PMH,mid,10:02,0.75,SL,-0.5,0.275,0.247,0.152,0.319,1,SL,-0.5
UNP,2026-04-08,1.771,gap_1_2,PMH,early,09:32,1.32,SL,-0.5,-0.038,-0.983,-1.188,-1.498,1,SL,-0.5
V,2026-03-30,1.09,gap_1_2,PMH,early,09:35,1.16,SL,-0.5,-0.676,-0.385,-0.02,0.308,1,SL,-0.5
V,2026-04-08,1.736,gap_1_2,PMH,early,09:33,0.81,SL,-0.5,-0.662,-0.311,-0.487,-0.326,1,SL,-0.5
V,2026-04-29,8.758,gap_2plus,PMH,mid,10:15,3.1,TP,1.0,0.502,-0.076,0.172,-0.03,1,SL,-0.5
VZ,2026-01-30,5.514,gap_2plus,PMH,early,09:31,4.66,SL,-0.5,-0.502,0.689,1.939,2.558,0,,
VZ,2026-02-04,1.212,gap_1_2,PDH,early,09:33,1.29,SL,-0.5,0.706,-0.406,-0.235,0.032,0,,
VZ,2026-02-19,1.759,gap_1_2,PMH,early,09:31,0.59,SL,-0.5,0.143,0.348,-0.338,-0.269,1,SL,-0.5
VZ,2026-06-04,1.04,gap_1_2,PMH,early,09:31,2.04,SL,-0.5,-0.824,-1.279,-3.783,-3.614,0,,
VZ,2026-06-10,1.508,gap_1_2,PMH,early,09:39,1.31,SL,-0.5,-0.463,-0.087,0.836,0.675,0,,
VZ,2026-06-12,1.044,gap_1_2,PMH,early,09:33,1.12,TP,1.0,0.39,0.981,1.098,1.509,1,TP,1.0
WMT,2026-02-19,1.335,gap_1_2,BOTH,early,09:38,1.73,SL,-0.5,-0.395,0.031,-2.073,-1.789,1,SL,-0.5
XOM,2026-01-05,2.096,gap_2plus,PDH,mid,10:10,2.4,TP,1.0,1.441,1.347,2.003,2.308,1,TP,1.0
XOM,2026-01-20,1.263,gap_1_2,PMH,mid,10:04,0.95,SL,-0.5,-0.125,-0.388,-0.547,-0.699,1,SL,-0.5
XOM,2026-01-23,1.07,gap_1_2,PMH,early,09:33,1.05,SL,-0.5,-0.262,-0.225,-0.302,-0.354,1,SL,-0.5
XOM,2026-01-29,1.992,gap_1_2,PMH,early,09:31,1.99,TP,1.0,-0.075,-0.639,-0.625,-0.71,1,SL,-0.5
XOM,2026-02-11,1.59,gap_1_2,PMH,early,09:31,1.09,TP,1.0,0.415,0.564,1.441,0.955,1,TP,1.0
XOM,2026-02-18,1.306,gap_1_2,PMH,early,09:31,0.92,SL,-0.5,0.171,0.161,0.693,0.773,1,TP,1.0
XOM,2026-02-27,1.642,gap_1_2,PDH,early,09:36,0.87,SL,-0.5,-0.989,-1.022,-0.995,0.017,1,SL,-0.5
XOM,2026-03-02,4.437,gap_2plus,PDH,mid,10:31,1.52,SL,-0.5,0.049,0.084,-0.295,0.321,1,EOD,0.2731
XOM,2026-04-02,2.301,gap_2plus,PMH,early,09:40,1.07,SL,-0.5,-2.809,-3.523,-3.889,-3.745,0,,
XOM,2026-04-28,2.261,gap_2plus,PMH,early,09:31,0.73,SL,-0.5,-0.942,-1.001,0.155,-0.079,0,,
XOM,2026-05-11,1.122,gap_1_2,BOTH,early,09:49,0.92,TP,1.0,-0.003,0.869,0.938,1.531,1,TP,1.0
XOM,2026-06-01,1.163,gap_1_2,PMH,early,09:40,1.09,TP,1.0,0.554,0.702,0.115,0.628,1,EOD,0.823
XOM,2026-06-10,1.619,gap_1_2,PDH,early,09:32,1.0,SL,-0.5,-0.642,-0.331,0.053,0.129,0,,
