symbol,date,time,entry,mfe,LONG_SCORE,bar1_rvol,bar1_body_pct,vwap_slope,is_runner
UPST,2025-01-30,14:30:00,68.54,0.82,3,14.8,0.62,0.438,0
UPST,2025-02-07,14:31:00,69.94,3.52,3,9.9,2.57,0.326,1
UPST,2025-02-12,14:30:00,84.48,5.91,3,13.4,0.97,-0.182,1
UPST,2025-02-13,14:30:00,89.63,4.65,3,15.6,0.56,0.389,1
UPST,2025-02-13,14:31:00,91.39,2.64,3,6.1,1.77,0.696,1
AFRM,2025-01-02,14:51:00,62.81,1.93,3,9.0,1.08,0.328,0
AFRM,2025-01-30,14:30:00,60.48,2.35,4,13.9,0.91,0.358,1
AFRM,2025-01-30,14:31:00,60.62,2.1,3,10.5,1.09,0.86,1
AFRM,2025-02-07,14:31:00,71.95,6.85,3,8.0,1.97,-0.284,1
AFRM,2025-02-07,14:35:00,74.96,2.56,3,4.1,1.91,1.536,1
AFRM,2025-02-07,14:36:00,75.43,1.93,3,3.9,1.12,2.296,0
PLTR,2025-01-31,14:30:00,82.77,1.74,3,17.7,0.9,0.222,0
PLTR,2025-01-31,14:31:00,83.1,1.55,3,9.7,1.31,0.716,0
PLTR,2025-03-04,14:30:00,81.91,2.55,3,14.8,1.2,0.043,1
RBLX,2025-02-06,14:30:00,62.74,4.91,3,10.4,3.71,0.791,1
RBLX,2025-02-11,14:32:00,65.35,0.84,3,8.7,1.26,0.397,0
LMND,2025-01-03,14:30:00,37.8,3.01,4,12.4,2.28,1.436,1
LMND,2025-01-07,14:30:00,39.93,0.85,4,15.9,1.59,1.069,0
LMND,2025-01-07,14:31:00,40.17,0.26,4,8.2,0.96,1.658,0
LMND,2025-01-10,14:30:00,33.26,0.11,3,15.0,1.63,0.583,0
LMND,2025-01-30,14:30:00,35.2,1.13,4,10.1,2.09,3.257,0
LMND,2025-01-31,14:31:00,34.51,0.52,3,3.5,1.08,0.358,0
LMND,2025-02-06,14:30:00,37.03,0.59,4,16.6,1.23,1.628,0
LMND,2025-02-13,14:30:00,33.55,1.88,4,13.4,1.28,0.774,0
LMND,2025-02-18,14:30:00,38.26,6.12,4,14.9,0.91,0.928,1
LMND,2025-02-27,14:30:00,32.47,3.17,4,14.1,1.36,0.908,1
LMND,2025-02-27,14:31:00,33.5,0.0,3,8.8,0.71,1.55,0
LMND,2025-02-28,15:25:00,36.87,-0.03,3,2.1,1.0,0.55,0
LMND,2025-03-07,14:30:00,34.78,2.75,3,14.6,1.41,-0.327,1
ROOT,2025-03-14,14:59:00,147.59,2.21,3,7.1,1.77,0.318,1
ROOT,2025-04-14,14:30:00,131.0,1.14,3,5.9,1.16,0.664,0
SOFI,2025-01-21,14:30:00,17.3,0.95,3,17.5,0.74,0.746,0
SOFI,2025-01-30,14:31:00,16.5,1.0,3,8.5,1.03,0.604,0
SOFI,2025-02-13,14:30:00,15.22,0.91,3,16.2,0.53,0.527,0
SOFI,2025-02-13,14:31:00,15.34,0.12,3,8.4,0.86,0.942,0
SOFI,2025-02-18,14:30:00,16.84,0.65,4,17.6,0.94,0.288,0
HOOD,2025-02-07,14:30:00,55.0,0.58,3,16.3,0.65,0.675,0
SNOW,2025-02-10,14:30:00,188.5,0.2,3,17.8,0.73,0.456,0
CRWD,2025-01-31,14:30:00,405.35,0.14,4,17.0,0.92,0.475,0
CFLT,2025-02-27,14:30:00,32.34,0.83,3,17.9,1.76,0.281,0
SHOP,2025-02-10,14:30:00,123.02,0.32,3,17.7,0.68,0.461,0
AMD,2025-01-30,14:30:00,120.15,0.24,3,18.5,0.9,0.476,0
AVGO,2025-01-13,14:30:00,224.61,2.07,4,17.3,1.64,0.891,1
ARM,2025-01-22,14:30:00,165.51,9.3,3,14.4,1.73,-0.484,1
ARM,2025-01-22,14:34:00,171.73,5.34,3,2.9,1.14,0.792,1
ARM,2025-02-05,14:31:00,165.4,0.9,3,8.1,1.3,0.328,0
SMCI,2025-01-06,14:30:00,35.68,7.9,3,16.3,0.89,0.427,1
SMCI,2025-01-06,14:38:00,38.02,1.27,3,2.0,1.73,3.208,0
SMCI,2025-01-16,14:30:00,32.46,1.09,3,16.1,0.53,0.375,0
SMCI,2025-01-16,14:31:00,32.7,0.21,3,6.9,0.97,0.697,0
SMCI,2025-01-21,14:51:00,33.41,0.06,3,2.4,1.25,1.352,0
SMCI,2025-02-07,14:31:00,35.2,5.01,3,6.6,1.19,0.465,1
SMCI,2025-02-14,14:30:00,44.46,4.52,4,17.2,2.12,0.618,1
SMCI,2025-02-18,14:35:00,53.53,2.9,3,2.6,1.31,1.601,1
SMCI,2025-02-21,14:30:00,61.54,1.44,3,14.0,0.66,0.252,0
SMCI,2025-02-21,14:31:00,61.83,0.97,3,7.0,1.52,0.467,0
SMCI,2025-03-04,14:33:00,36.37,4.04,3,3.5,2.02,0.848,1
SMCI,2025-03-04,14:34:00,37.36,1.29,3,3.7,1.42,1.234,0
MU,2025-02-10,14:30:00,94.39,0.96,3,18.1,0.72,0.625,0
TSM,2025-01-27,14:32:00,202.43,2.26,3,14.5,1.17,-0.049,1
MRVL,2025-01-03,14:30:00,117.16,0.55,3,17.7,0.71,0.695,0
COIN,2025-02-07,14:30:00,279.01,0.8,4,13.7,1.17,0.521,0
COIN,2025-02-13,14:30:00,289.48,0.44,3,17.1,1.44,0.663,0
MSTR,2025-01-23,14:30:00,378.97,2.96,4,16.7,1.04,0.259,1
MSTR,2025-01-23,14:31:00,381.59,2.26,4,8.2,0.95,0.547,1
MSTR,2025-02-07,14:30:00,340.94,0.88,3,13.5,0.87,0.777,0
MSTR,2025-02-28,14:35:00,240.84,2.1,3,2.0,1.71,0.327,1
RIOT,2025-01-03,14:36:00,10.76,4.0,3,8.5,0.71,1.222,1
RIOT,2025-01-03,14:38:00,10.95,2.89,3,4.0,1.11,1.76,1
RIOT,2025-01-17,14:33:00,14.09,0.27,3,8.1,0.94,0.709,0
RIOT,2025-01-21,14:30:00,14.24,0.56,4,16.3,1.25,0.675,0
RIOT,2025-01-22,14:30:00,13.33,-0.0,4,14.5,1.77,0.695,0
RIOT,2025-01-23,14:32:00,13.36,4.08,3,5.9,1.6,0.333,1
RIOT,2025-01-23,14:33:00,13.48,3.12,3,7.2,1.35,1.041,1
RIOT,2025-01-30,14:30:00,11.66,4.12,3,17.4,0.73,0.498,1
RIOT,2025-01-30,14:32:00,11.83,2.66,3,5.4,0.91,1.141,1
RIOT,2025-02-07,14:30:00,12.16,0.91,3,16.0,0.61,0.828,0
RIOT,2025-02-20,14:30:00,11.81,1.69,3,15.0,0.42,0.376,0
RIOT,2025-02-28,14:35:00,8.75,2.74,3,3.3,0.94,1.291,1
MARA,2025-01-30,14:31:00,19.17,1.93,4,9.6,1.12,0.61,0
MARA,2025-02-03,14:30:00,17.33,0.06,3,16.1,1.15,-0.157,0
MARA,2025-02-07,14:30:00,17.64,1.25,3,13.6,0.52,0.678,0
MARA,2025-02-07,14:31:00,17.77,0.51,4,9.0,1.32,1.314,0
MARA,2025-02-27,14:32:00,14.52,2.27,3,4.4,2.02,0.697,1
MARA,2025-02-28,14:35:00,13.51,3.81,3,2.7,1.3,1.307,1
MARA,2025-03-04,14:36:00,13.9,1.01,3,2.6,1.17,0.417,0
HUT,2025-01-16,14:30:00,26.21,1.6,3,16.6,1.78,-0.412,0
HUT,2025-02-07,14:30:00,22.55,1.33,4,14.7,1.29,1.855,0
HUT,2025-02-07,14:31:00,22.67,0.79,4,9.2,2.31,2.965,0
HUT,2025-03-03,14:30:00,16.9,3.25,3,17.3,1.64,0.022,1
HUT,2025-03-03,14:32:00,17.38,0.29,3,4.7,1.51,0.486,0
CLSK,2025-01-03,14:30:00,9.6,4.48,3,17.0,0.42,0.345,1
CLSK,2025-02-06,14:30:00,10.72,2.05,4,18.0,1.25,0.262,1
CLSK,2025-02-07,14:30:00,12.14,2.76,4,15.3,2.64,2.516,1
CLSK,2025-02-07,14:31:00,12.31,1.26,4,8.9,2.41,4.228,0
CLSK,2025-02-28,14:35:00,7.59,3.03,3,2.7,1.15,1.587,1
BTBT,2025-02-06,14:30:00,3.2,2.19,4,18.5,1.44,0.519,1
BTBT,2025-02-07,14:30:00,3.28,1.29,4,13.1,1.74,0.992,0
BITF,2025-01-31,14:30:00,1.52,0.01,3,17.6,0.67,0.303,0
BITF,2025-02-07,14:30:00,1.5,0.31,4,16.1,1.71,2.52,0
BITF,2025-02-27,14:31:00,1.2,0.83,3,9.8,0.85,0.363,0
BITF,2025-02-27,14:32:00,1.21,0.01,3,2.1,1.27,0.48,0
BITF,2025-05-07,14:31:00,1.02,0.62,3,11.5,1.49,0.467,0
IREN,2025-01-07,14:31:00,12.07,2.73,3,6.9,1.33,0.411,1
IREN,2025-01-07,14:32:00,12.18,1.81,3,7.0,1.9,1.205,0
IREN,2025-01-10,14:32:00,10.67,0.0,3,2.0,1.3,0.415,0
IREN,2025-01-22,14:30:00,11.0,0.91,3,17.1,1.17,0.231,0
IREN,2025-02-06,14:30:00,11.52,4.13,4,17.8,1.78,1.257,1
IREN,2025-02-06,14:31:00,11.68,2.65,3,7.1,0.92,1.741,1
IREN,2025-02-06,14:32:00,11.76,2.0,3,5.5,1.39,2.331,0
IREN,2025-02-07,14:31:00,12.52,0.84,3,4.2,0.9,2.634,0
IREN,2025-02-07,14:32:00,12.6,0.0,3,5.0,1.79,3.275,0
IREN,2025-02-28,14:35:00,7.84,4.02,3,2.2,1.17,0.416,1
IREN,2025-02-28,14:36:00,7.88,3.36,3,2.3,1.03,0.518,1
RKLB,2025-01-06,14:33:00,29.95,0.13,3,2.2,1.3,0.522,0
RKLB,2025-01-08,14:35:00,28.26,0.21,3,2.0,0.97,0.288,0
RKLB,2025-01-21,14:30:00,26.55,10.25,3,13.7,0.42,0.431,1
RKLB,2025-01-21,14:31:00,27.36,7.0,4,9.3,2.63,1.068,1
RKLB,2025-01-21,14:32:00,27.9,4.92,3,6.1,3.04,2.015,1
RKLB,2025-01-21,15:26:00,30.53,3.64,3,2.2,1.58,1.128,1
RKLB,2025-01-24,14:30:00,32.95,1.18,4,17.8,0.94,0.257,0
RKLB,2025-01-24,14:31:00,33.12,0.68,3,7.5,1.84,0.703,0
RKLB,2025-01-29,14:30:00,29.58,2.27,3,15.2,1.23,0.75,1
RKLB,2025-01-30,14:33:00,30.07,2.45,4,8.2,2.13,0.777,1
RKLB,2025-01-31,14:32:00,29.37,0.17,4,8.4,1.06,0.509,0
RKLB,2025-02-07,14:32:00,28.7,3.45,3,6.7,1.4,0.399,1
RKLB,2025-02-07,14:44:00,29.36,1.13,3,2.2,0.9,1.306,0
RKLB,2025-02-18,14:30:00,29.09,0.17,4,18.5,1.9,0.595,0
LUNR,2025-01-02,14:55:00,19.74,5.7,3,3.6,1.36,1.628,1
LUNR,2025-01-15,14:30:00,18.04,1.72,4,13.8,1.27,0.796,0
LUNR,2025-01-15,14:31:00,18.24,0.33,3,5.9,0.92,1.164,0
LUNR,2025-01-21,14:30:00,20.08,8.67,3,14.5,1.05,0.195,1
LUNR,2025-01-21,14:31:00,20.48,6.54,3,7.3,1.41,0.785,1
LUNR,2025-01-21,14:32:00,20.8,4.88,3,5.2,1.84,1.53,1
LUNR,2025-01-24,14:30:00,24.26,2.84,4,14.6,2.85,1.673,1
LUNR,2025-01-24,14:31:00,24.57,1.55,3,7.8,1.63,2.813,0
LUNR,2025-01-29,14:30:00,21.96,1.78,4,16.0,1.35,0.866,0
LUNR,2025-01-30,14:33:00,21.92,1.82,3,8.9,1.07,0.735,0
LUNR,2025-01-31,14:31:00,22.96,1.83,3,8.8,2.52,-0.281,0
LUNR,2025-02-07,14:31:00,19.86,0.98,3,8.5,1.34,0.027,0
LUNR,2025-02-18,14:30:00,21.35,2.11,4,16.1,2.59,1.043,1
LUNR,2025-02-28,14:30:00,13.84,3.11,3,16.7,1.29,0.18,1
LUNR,2025-02-28,14:36:00,14.22,0.42,3,2.2,1.0,2.132,0
LUNR,2025-05-02,14:44:00,9.41,0.96,3,7.7,1.42,0.295,0
ASTS,2025-01-21,14:30:00,21.44,3.87,3,17.0,1.72,0.011,1
ASTS,2025-02-03,14:30:00,19.91,4.37,3,17.1,2.96,-0.095,1
ASTS,2025-02-06,14:31:00,26.12,3.71,3,7.1,1.78,0.92,1
ASTS,2025-02-10,14:30:00,29.0,5.7,4,17.6,2.45,1.267,1
ASTS,2025-02-10,14:31:00,29.12,5.27,3,10.2,3.19,2.757,1
ASTS,2025-02-13,15:18:00,29.65,0.47,3,2.3,0.95,0.72,0
ASTS,2025-02-19,14:35:00,32.39,2.44,3,3.3,1.13,1.01,1
ASTS,2025-02-26,14:30:00,28.81,6.28,3,9.4,0.67,1.068,1
ASTS,2025-02-26,14:31:00,29.07,5.33,3,5.9,1.66,1.302,1
ASTS,2025-02-27,14:31:00,28.9,0.87,3,6.4,1.12,0.284,0
ASTS,2025-02-28,14:35:00,26.31,1.71,3,4.2,1.12,0.538,0
ASTS,2025-03-04,14:34:00,25.86,9.03,3,2.5,2.0,0.444,1
ASTS,2025-03-04,14:36:00,27.3,3.3,3,2.5,2.6,1.024,1
ASTS,2025-03-05,14:40:00,31.25,4.88,3,3.1,1.3,0.322,1
ASTS,2025-03-06,14:30:00,33.92,2.37,3,18.7,3.43,0.487,1
RDW,2025-01-16,14:35:00,15.3,0.62,3,9.1,1.74,1.024,0
RDW,2025-01-21,14:34:00,17.4,8.68,4,13.0,1.93,2.102,1
RDW,2025-01-22,14:33:00,22.02,-0.05,3,3.5,2.11,0.462,0
RDW,2025-01-23,14:30:00,22.86,1.57,4,18.4,4.7,2.765,0
RDW,2025-01-30,14:43:00,24.16,0.31,3,2.1,1.38,1.667,0
RDW,2025-01-31,14:30:00,24.16,6.39,3,4.7,2.05,0.885,1
RDW,2025-02-18,14:30:00,25.54,0.23,3,15.4,0.86,0.675,0
RDW,2025-02-19,14:35:00,25.56,0.18,3,5.8,1.21,1.247,0
RDW,2025-05-15,15:15:00,11.99,2.59,3,7.5,1.11,0.401,1
RDW,2025-05-15,15:16:00,12.07,1.91,3,2.9,0.93,0.523,0
SPIR,2025-01-22,15:02:00,19.04,2.42,3,3.1,1.16,0.364,1
TSLA,2025-01-27,14:30:00,400.11,1.35,3,15.5,0.41,0.303,0
TSLA,2025-01-31,14:30:00,406.0,2.18,3,15.3,0.43,0.288,1
RIVN,2025-01-07,14:31:00,16.04,1.9,3,9.8,0.96,0.311,0
RIVN,2025-02-10,14:31:00,12.84,0.16,3,8.1,0.87,0.405,0
RIVN,2025-02-14,14:30:00,13.76,1.21,4,16.8,1.26,0.728,0
RIVN,2025-03-03,14:30:00,12.26,0.73,4,18.7,1.33,0.341,0
LCID,2025-01-23,14:31:00,2.73,0.36,3,5.9,1.12,0.765,0
LCID,2025-02-04,14:30:00,2.86,1.92,3,18.2,1.43,0.653,0
NIO,2025-01-27,14:30:00,4.39,0.57,3,17.6,1.04,0.237,0
NIO,2025-02-20,14:30:00,4.47,1.12,3,16.5,0.48,0.277,0
NIO,2025-02-26,14:43:00,4.56,3.51,3,5.1,1.01,0.782,1
XPEV,2025-01-16,14:34:00,13.9,0.6,4,16.3,0.95,0.308,0
LI,2025-02-21,14:31:00,28.14,0.76,3,9.7,1.34,-0.217,0
MRNA,2025-01-22,14:46:00,38.4,7.01,3,2.9,1.2,0.746,1
MRNA,2025-01-23,14:30:00,39.33,0.17,3,15.8,1.01,-0.255,0
MRNA,2025-01-24,14:33:00,45.36,0.02,3,3.7,1.45,1.517,0
MRNA,2025-05-20,15:13:00,28.66,5.72,3,3.6,1.26,0.401,1
MRNA,2025-05-20,15:14:00,29.24,3.63,3,2.5,2.12,0.683,1
VKTX,2025-01-22,14:30:00,34.2,2.08,4,17.3,1.46,1.052,1
VKTX,2025-01-22,14:31:00,34.4,1.47,3,5.4,1.03,1.436,0
HIMS,2025-01-08,14:35:00,28.28,0.07,3,4.8,1.01,0.406,0
HIMS,2025-01-27,14:30:00,29.95,2.77,3,17.3,1.6,-0.089,1
HIMS,2025-01-30,14:30:00,32.97,2.09,3,16.8,0.78,0.352,1
HIMS,2025-01-30,14:31:00,33.07,1.78,3,9.2,1.49,0.976,0
HIMS,2025-02-03,14:30:00,36.57,1.8,3,18.9,2.71,-0.121,0
HIMS,2025-02-19,14:30:00,60.4,16.72,4,17.7,1.21,0.939,1
HIMS,2025-02-19,14:36:00,62.42,12.95,3,2.3,1.64,3.433,1
HIMS,2025-02-25,14:38:00,43.0,0.12,3,4.4,1.28,0.969,0
HIMS,2025-02-26,14:30:00,42.0,4.88,3,17.4,2.58,0.238,1
HIMS,2025-02-26,14:33:00,42.38,3.95,3,3.0,1.55,1.349,1
HIMS,2025-02-26,14:34:00,42.7,3.25,3,2.8,2.53,1.536,1
HIMS,2025-02-27,14:31:00,44.16,1.15,3,6.7,0.98,0.607,0
HIMS,2025-03-04,14:30:00,39.25,1.39,3,18.1,2.47,0.408,0
TEM,2025-01-08,14:30:00,39.53,3.21,4,16.4,1.07,0.918,1
TEM,2025-01-21,14:30:00,43.73,3.48,4,12.7,1.51,0.576,1
TEM,2025-01-29,14:30:00,53.93,4.69,4,18.6,3.35,1.575,1
TEM,2025-01-29,14:36:00,56.01,0.8,3,2.9,1.72,4.771,0
TEM,2025-02-05,14:31:00,66.59,5.05,4,9.1,1.95,0.958,1
TEM,2025-02-07,14:31:00,68.85,1.56,3,7.9,2.03,0.723,0
TEM,2025-02-11,14:30:00,69.34,13.45,3,15.3,0.59,0.432,1
TEM,2025-02-11,14:31:00,70.22,12.03,3,5.3,1.97,0.706,1
TEM,2025-02-11,14:32:00,71.86,9.48,3,7.5,1.28,1.465,1
TEM,2025-02-11,14:37:00,75.3,4.47,3,4.1,1.36,5.439,1
TEM,2025-02-12,14:35:00,72.58,0.17,3,3.3,1.22,0.733,0
TEM,2025-02-13,14:31:00,79.82,1.11,3,5.4,2.17,0.49,0
TEM,2025-02-24,14:33:00,73.24,1.31,3,3.9,1.31,0.286,0
TEM,2025-02-24,14:34:00,73.79,0.03,3,4.8,1.4,0.76,0
TEM,2025-02-28,15:21:00,55.62,1.96,3,2.4,1.13,0.286,0
TEM,2025-02-28,15:22:00,55.89,1.47,3,2.5,1.2,0.38,0
JD,2025-01-02,14:30:00,34.51,0.91,3,18.7,0.41,0.281,0
BILI,2025-02-20,14:34:00,24.14,0.62,3,2.4,1.2,3.378,0
TME,2025-02-06,14:30:00,12.13,0.08,3,10.0,0.58,2.497,0
FUTU,2025-01-17,14:30:00,82.66,5.23,3,15.6,1.67,1.068,1
FUTU,2025-02-04,14:30:00,98.36,0.14,4,15.7,1.57,0.509,0
FUTU,2025-02-07,14:30:00,104.18,1.36,4,15.6,1.8,0.46,0
FUTU,2025-02-11,14:32:00,106.7,1.22,3,7.8,1.12,0.5,0
IQ,2025-01-17,14:33:00,1.94,2.84,3,7.6,0.92,1.257,1
IQ,2025-01-29,14:30:00,2.3,0.01,3,17.7,1.35,0.184,0
CELH,2025-02-19,14:30:00,25.22,2.05,4,16.2,1.91,0.272,1
APP,2025-02-07,14:30:00,392.34,0.33,3,15.3,0.78,0.585,0
APP,2025-02-13,14:30:00,513.68,2.23,4,16.7,1.28,1.525,1
APP,2025-02-13,14:31:00,517.8,1.42,3,6.1,1.24,2.151,0
APP,2025-03-07,14:30:00,261.81,6.41,3,17.5,1.08,0.045,1
