sym,date,gap_pct,gap_bucket,rvol,is_new,std_result,std_ret,ret_30m,ret_1h,ret_2h,ret_3h
AAPL,2026-04-17,1.409,gap_1_2,1.54,False,TP,1.0,0.586,0.5,1.763,1.599
AAPL,2026-05-01,2.821,gap_2plus,2.22,False,SL,-0.5,0.647,0.396,0.106,0.315
ACN,2026-02-26,1.284,gap_1_2,1.51,False,SL,-0.5,3.072,2.869,3.316,3.095
ACN,2026-05-14,1.523,gap_1_2,1.76,False,SL,-0.5,-0.324,-0.258,0.136,-0.152
AMZN,2026-01-05,1.033,gap_1_2,1.5,False,TP,1.0,1.019,1.523,1.384,1.928
AMZN,2026-04-09,1.8,gap_1_2,1.72,False,SL,-0.5,-0.199,0.507,2.263,2.197
APH,2026-01-12,1.085,gap_1_2,1.51,False,TP,1.0,2.625,2.8,1.484,1.442
APH,2026-01-27,1.485,gap_1_2,2.5,False,TP,1.0,1.087,2.06,2.654,2.932
APH,2026-01-29,1.558,gap_1_2,1.83,False,TP,1.0,0.025,-1.278,-0.111,-0.003
APH,2026-05-26,3.543,gap_2plus,1.54,False,TP,1.0,0.434,1.698,2.406,3.602
AXP,2026-04-17,1.317,gap_1_2,1.57,False,TP,1.0,0.872,1.518,1.789,1.86
BKNG,2026-04-08,4.399,gap_2plus,7.89,False,TP,1.0,0.852,-0.239,-0.482,-0.615
BKNG,2026-04-15,1.259,gap_1_2,2.1,False,SL,-0.5,-0.298,-0.119,0.487,0.571
BKNG,2026-04-17,2.342,gap_2plus,2.23,False,SL,-0.5,0.87,0.997,1.15,1.139
BLK,2026-04-14,2.591,gap_2plus,1.77,False,SL,-0.5,0.09,0.069,0.812,0.379
BSX,2026-02-05,2.573,gap_2plus,2.47,False,SL,-0.5,-1.61,0.35,0.74,1.337
BSX,2026-04-22,5.068,gap_2plus,2.61,False,SL,-0.5,-0.278,0.556,0.116,0.525
BSX,2026-04-23,1.079,gap_1_2,1.76,False,SL,-0.5,-0.537,-0.938,-0.635,-0.378
CAT,2026-04-30,5.325,gap_2plus,2.37,False,TP,1.0,1.651,2.175,2.658,2.59
CVX,2026-03-02,1.917,gap_1_2,1.59,False,TP,1.0,1.118,0.674,1.041,0.272
DHR,2026-06-04,2.33,gap_2plus,1.56,False,TP,1.0,0.757,0.705,1.707,1.224
GS,2026-05-20,1.719,gap_1_2,1.86,False,TP,1.0,-0.037,1.513,1.85,2.493
HD,2026-01-09,1.11,gap_1_2,2.11,False,SL,-0.5,-0.131,0.422,1.113,2.275
HD,2026-02-24,3.215,gap_2plus,1.54,False,SL,-0.5,-1.308,-1.318,-1.364,-1.389
HD,2026-03-23,3.453,gap_2plus,1.51,False,TP,1.0,0.601,0.335,0.911,0.282
HON,2026-06-15,3.06,gap_2plus,1.69,False,SL,-0.5,0.379,0.626,0.733,0.532
IBM,2026-01-16,1.017,gap_1_2,1.91,False,SL,-0.5,-0.618,-0.638,-0.161,0.26
IBM,2026-02-24,1.983,gap_1_2,2.02,False,TP,1.0,1.051,1.682,0.013,-0.419
IBM,2026-05-28,2.225,gap_2plus,1.73,False,TP,1.0,1.807,3.05,2.709,1.718
IBM,2026-05-29,4.954,gap_2plus,3.54,False,TP,1.0,1.947,2.517,2.974,2.16
KO,2026-04-28,5.408,gap_2plus,2.68,False,SL,-0.5,-0.327,0.308,0.691,0.798
KO,2026-06-10,1.66,gap_1_2,1.6,False,SL,-0.5,0.37,0.235,0.954,0.936
LRCX,2026-01-09,1.821,gap_1_2,1.82,False,TP,1.0,1.11,2.429,3.695,3.598
LRCX,2026-05-06,4.076,gap_2plus,1.53,False,TP,1.0,1.276,0.719,2.443,1.535
LRCX,2026-06-11,4.476,gap_2plus,1.65,False,TP,1.0,1.235,-0.275,0.794,0.554
MCHP,2026-01-06,5.172,gap_2plus,3.63,False,TP,1.0,1.779,2.346,4.3,3.711
MCHP,2026-02-04,1.209,gap_1_2,1.7,False,SL,-0.5,-0.418,-0.979,-2.115,-2.607
MCHP,2026-04-23,4.195,gap_2plus,2.59,False,TP,1.0,0.819,1.42,3.355,5.394
MDT,2026-04-08,1.672,gap_1_2,1.74,False,TP,1.0,0.637,0.689,1.017,0.999
META,2026-01-22,2.659,gap_2plus,1.96,False,SL,-0.5,-0.291,0.531,0.768,1.821
META,2026-03-30,2.03,gap_2plus,1.63,False,SL,-0.5,-1.059,-0.676,-0.451,0.027
META,2026-04-01,1.402,gap_1_2,1.55,False,SL,-0.5,-0.825,-0.566,0.164,0.917
MS,2026-04-15,2.77,gap_2plus,1.53,False,TP,1.0,0.799,2.136,0.888,0.714
MS,2026-05-20,1.247,gap_1_2,1.55,False,TP,1.0,0.711,2.286,2.553,2.888
MSFT,2026-04-15,1.244,gap_1_2,1.52,False,TP,1.0,1.013,1.731,1.92,2.19
MSFT,2026-05-15,1.155,gap_1_2,1.54,False,TP,1.0,0.456,1.315,1.717,2.543
ORCL,2026-02-09,3.999,gap_2plus,1.77,False,TP,1.0,3.514,2.992,3.822,5.395
ORCL,2026-03-11,11.298,gap_2plus,3.34,False,SL,-0.5,-0.806,-1.803,-2.897,-2.992
ORCL,2026-04-13,1.202,gap_1_2,2.37,False,TP,1.0,3.758,5.472,7.152,8.563
ORCL,2026-04-14,7.915,gap_2plus,2.62,False,SL,-0.5,-2.917,-2.2,-3.237,-3.101
ORCL,2026-04-15,2.361,gap_2plus,1.81,False,TP,1.0,1.681,1.815,1.945,0.725
ORCL,2026-05-29,2.602,gap_2plus,1.94,False,TP,1.0,1.193,1.217,2.87,3.763
ORCL,2026-06-01,2.104,gap_2plus,2.31,False,TP,1.0,2.247,3.295,6.77,7.998
PANW,2026-01-07,1.211,gap_1_2,1.75,False,TP,1.0,1.094,1.255,2.618,3.524
PANW,2026-03-30,3.35,gap_2plus,1.77,False,TP,1.0,1.529,2.011,3.067,2.829
PANW,2026-04-08,2.363,gap_2plus,1.91,False,SL,-0.5,-0.527,0.473,-1.128,-1.427
PCAR,2026-01-28,1.524,gap_1_2,1.53,False,SL,-0.5,-1.206,-1.588,-0.33,0.402
PCAR,2026-03-04,2.789,gap_2plus,1.58,False,SL,-0.5,0.288,0.399,0.088,-0.687
PCAR,2026-06-04,1.469,gap_1_2,2.38,False,SL,-0.5,-0.768,0.811,1.053,1.562
PG,2026-01-22,1.404,gap_1_2,2.02,False,SL,-0.5,0.039,0.571,0.618,0.242
PLTR,2026-05-29,3.118,gap_2plus,1.96,False,SL,-0.5,3.532,5.097,4.87,4.594
PM,2026-02-04,1.294,gap_1_2,1.57,False,SL,-0.5,0.134,-0.684,-0.073,-0.106
PM,2026-04-22,3.049,gap_2plus,1.83,False,TP,1.0,3.074,2.865,3.638,3.629
SO,2026-04-30,1.048,gap_1_2,2.02,False,TP,1.0,0.909,1.373,1.351,1.294
TXN,2026-01-06,1.645,gap_1_2,2.84,False,TP,1.0,2.828,3.3,4.7,4.924
TXN,2026-04-22,1.387,gap_1_2,1.94,False,SL,-0.5,0.595,-0.04,-0.502,-0.39
TXN,2026-04-23,10.114,gap_2plus,5.51,False,TP,1.0,2.194,2.828,4.516,5.061
