symbol,entry_time,exit_time,direction,entry_price,exit_price,pnl_pct,pnl_dollar,slack,regime,result,max_adverse_excursion,max_favorable_excursion
AAPL,2025-05-01 10:11:00+00:00,2025-05-01 10:26:00+00:00,short,210.17,209.71,0.0021887043821667202,-0.50282390445832,1.5436832986775588,trend,loss,0.0004282247704239588,0.0021887043821667202
AAPL,2025-05-01 11:32:00+00:00,2025-05-01 11:42:00+00:00,short,209.32,209.5,-0.0008599273839098358,-1.2649818459774589,0.6115821228746082,trend,loss,0.0008599273839098358,9.554748710100234e-05
AAPL,2025-05-01 12:00:00+00:00,2025-05-01 12:11:00+00:00,short,209.29,209.53,-0.001146734196569397,-1.3366835491423492,4.727262399338198,trend,loss,0.001146734196569397,0.00019112236609485425
AAPL,2025-05-01 12:30:00+00:00,2025-05-01 12:51:00+00:00,short,209.3,209.6,-0.0014333492594361345,-1.4083373148590337,5.6578386588276315,trend,loss,0.001528905876731931,0.0005255613951266777
AAPL,2025-05-01 13:21:00+00:00,2025-05-01 13:30:00+00:00,short,209.38,210.71,-0.006352087114337628,-2.638021778584407,0.9599644449629369,chop,loss,0.0072595281306715555,0.002292482567580427
AAPL,2025-05-01 13:31:00+00:00,2025-05-01 13:36:00+00:00,short,210.51,212.34,-0.008693173720963435,-3.2232934302408585,1.4862744498468674,chop,loss,0.009453232625528522,0.0
AAPL,2025-05-01 14:08:00+00:00,2025-05-01 14:27:00+00:00,long,210.285,211.62,0.006348526999072725,0.5371317497681811,0.859825382374766,trend,win,0.00164063057279406,0.006348526999072725
AAPL,2025-05-01 15:15:00+00:00,2025-05-01 15:37:00+00:00,short,213.4824,212.71,0.0036180968548227142,-0.14547578629432145,1.74968700776718,trend,loss,0.0006440811982626606,0.0036180968548227142
AAPL,2025-05-01 17:20:00+00:00,2025-05-01 17:51:00+00:00,short,212.77,212.57,0.0009399821403394136,-0.8150044649151467,0.748743059798851,trend,loss,0.00022653569582168555,0.0027259482069841258
AAPL,2025-05-01 18:17:00+00:00,2025-05-01 18:48:00+00:00,short,212.81,212.9401,-0.0006113434519054498,-1.2028358629763625,0.6779389819130546,trend,loss,0.001832620647525898,0.0012156383628589098
AAPL,2025-05-01 18:56:00+00:00,2025-05-01 19:27:00+00:00,short,212.65,212.72,-0.00032917940277448003,-1.13229485069362,0.6845886935084339,normal,loss,0.001081589466259063,0.0011991535386785585
AAPL,2025-05-01 20:19:00+00:00,2025-05-01 20:39:00+00:00,short,212.8,208.39,0.020723684210526432,4.130921052631608,1.5181706099819425,chop,win,0.005639097744360848,0.020723684210526432
AAPL,2025-05-01 21:13:00+00:00,2025-05-01 21:44:00+00:00,short,208.05,206.02,0.009757269887046388,1.3893174717615975,2.058611331201053,trend,win,0.01417928382600331,0.009757269887046388
AAPL,2025-05-01 22:44:00+00:00,2025-05-01 22:57:00+00:00,short,204.2,204.5,-0.0014691478942214073,-1.4172869735553517,0.8048994094660789,trend,loss,0.0014691478942214073,0.0
AAPL,2025-05-02 08:00:00+00:00,2025-05-02 08:11:00+00:00,short,207.01,207.68,-0.0032365586203565817,-1.8591396550891455,1.3164693853703922,trend,loss,0.0032848654654364855,0.0
AAPL,2025-05-02 10:43:00+00:00,2025-05-02 11:03:00+00:00,short,206.5,206.78,-0.001355932203389836,-1.388983050847459,0.6758267987020488,chop,loss,0.001355932203389836,0.0005811138014528065
AAPL,2025-05-02 11:22:00+00:00,2025-05-02 11:47:00+00:00,long,205.77,206.3,0.0025756913058268996,-0.4060771735432751,0.704618374519883,trend,loss,0.0005831753899985642,0.0025756913058268996
AAPL,2025-05-02 12:00:00+00:00,2025-05-02 12:04:00+00:00,short,206.0037,207.35,-0.006535319511251424,-2.6838298778128564,2.3748166182173014,trend,loss,0.006535319511251424,0.0
AAPL,2025-05-02 12:31:00+00:00,2025-05-02 12:47:00+00:00,short,206.48,206.98,-0.0024215420379697793,-1.655385509492445,0.6052152908195062,trend,loss,0.00251840371948862,0.00019711352189067638
AAPL,2025-05-02 13:32:00+00:00,2025-05-02 14:03:00+00:00,long,203.3007,204.0601,0.0037353535919945153,-0.11616160200137127,1.1398542806718264,trend,loss,0.005364959392663174,0.005751578818961237
AAPL,2025-05-02 14:14:00+00:00,2025-05-02 14:24:00+00:00,short,205.12,206.06,-0.004582683307332282,-2.1956708268330702,0.6161699487446951,trend,loss,0.005021450858034327,0.0005855109204368558
AAPL,2025-05-02 18:02:00+00:00,2025-05-02 18:26:00+00:00,short,205.45,204.92,0.0025797030907763504,-0.40507422730591247,0.9917389264656804,chop,loss,0.0006327573618886536,0.002774397663665092
AAPL,2025-05-02 19:01:00+00:00,2025-05-02 19:14:00+00:00,long,204.11,203.7049,-0.0019847141247366835,-1.546178531184171,0.9184750722028319,trend,loss,0.002082210572730446,0.00044093870951925426
AAPL,2025-05-02 19:54:00+00:00,2025-05-02 20:06:00+00:00,short,204.96,205.42,-0.0022443403590943576,-1.6110850897735896,1.0926698231140097,trend,loss,0.003122560499609613,0.00014637002341920928
AAPL,2025-05-02 20:56:00+00:00,2025-05-02 21:21:00+00:00,short,205.0503,205.09,-0.00019361103104950593,-1.0984027577623765,0.6412733100131912,trend,loss,0.00019361103104950593,0.00014776862067494013
AAPL,2025-05-05 12:00:00+00:00,2025-05-05 12:31:00+00:00,short,203.3,203.0512,0.0012238071815052483,-0.7440482046236879,3.8648969134383804,normal,loss,0.00023757993113616996,0.0019178553861289298
AAPL,2025-05-05 12:53:00+00:00,2025-05-05 12:59:00+00:00,short,203.14,203.28,-0.0006891798759476952,-1.2222949689869238,0.702145292840256,trend,loss,0.0007384070099439091,0.0
AAPL,2025-05-05 13:31:00+00:00,2025-05-05 13:40:00+00:00,short,203.74,201.5356,0.010819672131147644,1.6549180327869113,1.064116705845215,trend,win,0.0007362324531264222,0.010819672131147644
AAPL,2025-05-05 13:42:00+00:00,2025-05-05 13:50:00+00:00,long,200.915,199.555,-0.006769031680063636,-2.742257920015909,0.6739685513088511,normal,loss,0.0068934624094766,0.002712092178284412
AAPL,2025-05-05 17:50:00+00:00,2025-05-05 18:07:00+00:00,short,200.455,200.7102,-0.0012731036891071494,-1.3682759222767873,1.035000655174022,normal,loss,0.0015215384999125907,0.0012721059589435228
AAPL,2025-05-05 18:57:00+00:00,2025-05-05 19:10:00+00:00,short,200.85,200.1,0.0037341299477221808,-0.1164675130694548,1.2327168005656615,trend,loss,9.957679860597577e-05,0.0037341299477221808
AAPL,2025-05-05 19:21:00+00:00,2025-05-05 19:33:00+00:00,short,199.9522,199.18,0.0038619229995968934,-0.08451925010077666,0.6014965256402692,trend,loss,8.902127608495451e-05,0.0038619229995968934
AAPL,2025-05-05 19:59:00+00:00,2025-05-05 20:30:00+00:00,short,198.77,198.73,0.0002012376113096567,-0.9996905971725858,1.012268767616297,trend,loss,0.00110680686220254,0.0006037128339286841
AAPL,2025-05-06 11:00:00+00:00,2025-05-06 11:28:00+00:00,short,198.1,197.71,0.0019687026754163874,-0.5578243311459031,0.8615112813753923,trend,loss,0.0005552751135790694,0.0019687026754163874
AAPL,2025-05-06 12:00:00+00:00,2025-05-06 12:28:00+00:00,short,198.1,197.63,0.0023725391216557236,-0.4568652195860692,2.6167023812109482,normal,loss,0.0,0.0023725391216557236
AAPL,2025-05-06 12:42:00+00:00,2025-05-06 12:56:00+00:00,short,197.67,197.94,-0.0013659128851116014,-1.3914782212779002,0.6521083131887171,trend,loss,0.0013659128851116014,0.0011139778418575257
AAPL,2025-05-06 13:48:00+00:00,2025-05-06 14:19:00+00:00,long,198.1301,198.83,0.0035325273645953528,-0.1668681588511619,1.6219778686912518,normal,loss,0.003533536802333376,0.004390549442008061
AAPL,2025-05-06 14:20:00+00:00,2025-05-06 14:40:00+00:00,short,199.09,197.975,0.005600482193982666,0.35012054849566643,1.3939695967113015,trend,win,0.0012557134964086593,0.005600482193982666
AAPL,2025-05-06 15:01:00+00:00,2025-05-06 15:25:00+00:00,short,198.64,199.05,-0.002064035440998918,-1.5660088602497295,0.6598370440146359,normal,loss,0.002064035440998918,0.0032722513089004095
AAPL,2025-05-06 16:24:00+00:00,2025-05-06 16:48:00+00:00,long,199.059,199.94,0.0044258234995654564,0.056455874891364166,0.8069870370017396,trend,win,0.0005978127087948788,0.0044258234995654564
AAPL,2025-05-06 18:02:00+00:00,2025-05-06 18:33:00+00:00,short,199.31,199.1826,0.0006392052581405569,-0.8901986854648608,1.4882657235142336,trend,loss,0.0008529426521498545,0.0022828759219307234
AAPL,2025-05-06 19:17:00+00:00,2025-05-06 19:28:00+00:00,short,199.54,199.79,-0.0012528816277438109,-1.3632204069359526,0.733634422639343,trend,loss,0.0013280545254085135,0.0008018442417560218
AAPL,2025-05-06 19:55:00+00:00,2025-05-06 20:02:00+00:00,long,199.01,198.36,-0.003266167529269772,-1.866541882317443,1.2976474845845953,normal,loss,0.003266167529269772,0.0007034822370735881
AAPL,2025-05-06 20:04:00+00:00,2025-05-06 20:35:00+00:00,long,198.29,197.52,-0.0038832013717281853,-2.0208003429320462,0.618677018277314,trend,loss,0.00398406374501988,0.0027666548993898923
AAPL,2025-05-06 21:13:00+00:00,2025-05-06 21:26:00+00:00,short,197.85,198.07,-0.0011119535001263526,-1.3279883750315882,0.6459934427444158,trend,loss,0.0011119535001263526,0.00030326004548901833
AAPL,2025-05-06 23:06:00+00:00,2025-05-06 23:27:00+00:00,short,201.0501,201.4,-0.001740362228121346,-1.4850905570303365,1.2764916951359198,trend,loss,0.002237750690002212,0.0007465800812831259
AAPL,2025-05-06 23:55:00+00:00,2025-05-07 08:06:00+00:00,short,201.1501,200.37,0.003878198419985893,-0.0804503950035268,1.4990732919161827,chop,loss,0.0014909264275781101,0.003878198419985893
AAPL,2025-05-07 12:00:00+00:00,2025-05-07 12:10:00+00:00,short,200.6,200.0601,0.0026914257228314495,-0.37714356929213766,3.113929868672891,normal,loss,0.0002492522432702461,0.0026914257228314495
AAPL,2025-05-07 13:35:00+00:00,2025-05-07 14:06:00+00:00,long,197.85,198.5109,0.0033404094010614006,-0.21489764973464986,0.7443389186377126,trend,loss,0.0025271670457417236,0.0033404094010614006
AAPL,2025-05-07 14:30:00+00:00,2025-05-07 14:50:00+00:00,short,199.23,198.32,0.004567585203031655,0.09189630075791366,0.8073281985006596,trend,win,0.00025046428750694197,0.004567585203031655
AAPL,2025-05-07 14:56:00+00:00,2025-05-07 15:02:00+00:00,long,197.6504,197.0001,-0.003290152714085007,-1.8725381785212518,0.7156701641837391,trend,loss,0.003948385634433252,0.0
AAPL,2025-05-07 15:25:00+00:00,2025-05-07 15:36:00+00:00,long,194.3799,193.4,-0.005041159091037636,-2.310289772759409,0.7264927871838518,trend,loss,0.0054012786301463256,1.33758685954723e-05
AAPL,2025-05-07 16:57:00+00:00,2025-05-07 17:28:00+00:00,short,195.6792,195.439,0.0012275193275525233,-0.7431201681118691,0.6438040465780356,trend,loss,0.0004129207396595152,0.002355896794345095
AAPL,2025-05-07 18:02:00+00:00,2025-05-07 18:16:00+00:00,short,194.9,193.55,0.0069266290405335775,0.6816572601333943,0.6308330416479979,trend,win,0.00035864545920979914,0.0072601334017444435
AAPL,2025-05-07 19:43:00+00:00,2025-05-07 20:09:00+00:00,short,196.91,195.81,0.005586308465796528,0.346577116449132,0.8972546204546458,trend,win,0.0004570616017470083,0.00868417043319287
AAPL,2025-05-07 20:11:00+00:00,2025-05-07 20:34:00+00:00,short,196.0,196.25,-0.0012755102040816326,-1.368877551020408,0.977064338175523,chop,loss,0.0012755102040816326,0.0012755102040816326
AAPL,2025-05-08 12:00:00+00:00,2025-05-08 12:33:00+00:00,short,198.2501,198.11,0.000706683123993328,-0.8733292190016679,0.902770218730171,normal,loss,0.0008569983066842548,0.001261537825201618
AAPL,2025-05-08 14:22:00+00:00,2025-05-08 14:33:00+00:00,short,195.4698,196.135,-0.0034030832384337566,-1.900770809608439,0.6789673067989883,trend,loss,0.0034798214353317673,0.0
AAPL,2025-05-08 15:16:00+00:00,2025-05-08 15:26:00+00:00,short,196.84,197.3397,-0.0025386100386099878,-1.684652509652497,0.6553427632342067,normal,loss,0.0028449502133712774,0.0007112375533428916
AAPL,2025-05-08 15:29:00+00:00,2025-05-08 15:37:00+00:00,short,197.54,198.11,-0.002885491546016106,-1.7713728865040266,0.7607057521537043,trend,loss,0.003230738078363936,0.0003037359522122217
AAPL,2025-05-08 16:16:00+00:00,2025-05-08 16:29:00+00:00,short,199.935,199.24,0.0034761297421661698,-0.18096756445845763,0.631376751575977,trend,loss,0.0003251056593392739,0.0034761297421661698
AAPL,2025-05-08 16:34:00+00:00,2025-05-08 16:43:00+00:00,short,199.58,199.92,-0.0017035775127767058,-1.4758943781941765,0.8196354873410087,trend,loss,0.0017035775127767058,0.00015031566289207905
AAPL,2025-05-08 18:49:00+00:00,2025-05-08 19:20:00+00:00,short,198.95,199.14,-0.0009550138225684732,-1.2887534556421183,0.7749946733348451,trend,loss,0.0024126664991204736,0.002362402613722035
AAPL,2025-05-08 19:21:00+00:00,2025-05-08 19:43:00+00:00,short,199.4,198.57,0.004162487462387224,-0.009378134403194016,0.6541679377029028,trend,loss,0.0014443329989969032,0.004162487462387224
AAPL,2025-05-08 23:31:00+00:00,2025-05-08 23:53:00+00:00,short,197.42,197.54,-0.0006078411508459354,-1.2019602877114839,1.6442718485372905,normal,loss,0.0006078411508459354,0.0003317799615033224
AAPL,2025-05-09 11:26:00+00:00,2025-05-09 11:46:00+00:00,short,197.7,198.18,-0.0024279210925645836,-1.656980273141146,1.6819039680402936,chop,loss,0.002478502781992965,0.0017197774405663885
AAPL,2025-05-09 11:47:00+00:00,2025-05-09 12:24:00+00:00,short,198.13,198.25,-0.0006056629485691442,-1.201415737142286,0.6402347843400833,trend,loss,0.0028768990057032916,0.0010599101599960024
AAPL,2025-05-09 12:43:00+00:00,2025-05-09 12:50:00+00:00,short,198.35,198.4897,-0.0007043105621376599,-1.226077640534415,0.8086224206838283,chop,loss,0.0009074867658180329,0.0
AAPL,2025-05-09 13:44:00+00:00,2025-05-09 13:59:00+00:00,long,198.6335,199.75,0.005620904832266471,0.35522620806661775,0.6977106956598758,trend,win,0.0010748438707469307,0.005620904832266471
AAPL,2025-05-09 15:18:00+00:00,2025-05-09 15:31:00+00:00,short,199.0,198.155,0.0042462311557788885,0.011557788944722036,0.8874867221230434,normal,win,0.0,0.0042462311557788885
AAPL,2025-05-09 16:19:00+00:00,2025-05-09 16:50:00+00:00,short,198.4,197.85,0.002772177419354896,-0.356955645161276,1.326557746394949,trend,loss,0.0005040322580644875,0.002772681451612977
AAPL,2025-05-09 17:18:00+00:00,2025-05-09 17:45:00+00:00,short,198.24,198.5779,-0.0017044995964487011,-1.4761248991121754,0.691945504730955,chop,loss,0.0018159806295398769,0.001563761097659414
AAPL,2025-05-09 18:16:00+00:00,2025-05-09 18:47:00+00:00,short,199.02,199.04,-0.00010049241282274047,-1.0751231032056852,0.7883642372546241,chop,loss,0.0006029544769368712,0.001457139985931165
AAPL,2025-05-12 08:57:00+00:00,2025-05-12 09:01:00+00:00,short,210.29,210.86,-0.0027105425840506995,-1.727635646012675,0.6766544235869673,trend,loss,0.002900756098720879,0.0005706405440106736
AAPL,2025-05-12 09:18:00+00:00,2025-05-12 09:25:00+00:00,short,210.96,211.29,-0.0015642775881682977,-1.4410693970420745,0.6208206784189975,trend,loss,0.0015642775881682977,0.00018960940462656647
AAPL,2025-05-12 09:59:00+00:00,2025-05-12 10:05:00+00:00,short,211.33,212.51,-0.00558368428524099,-2.4459210713102477,0.7863838207692927,trend,loss,0.009937065253395137,0.0013722613921356194
AAPL,2025-05-12 10:34:00+00:00,2025-05-12 10:41:00+00:00,short,212.32,211.59,0.0034382064807836747,-0.19044837980408136,0.6325638103780712,trend,loss,0.00037678975131882306,0.0034382064807836747
AAPL,2025-05-12 12:00:00+00:00,2025-05-12 12:20:00+00:00,short,210.7,211.31,-0.002895111532985352,-1.7737778832463382,2.612890643462378,normal,loss,0.007008542952064653,0.0009492168960606959
AAPL,2025-05-12 12:47:00+00:00,2025-05-12 12:57:00+00:00,short,211.03,211.2996,-0.001277543477230711,-1.3693858693076777,0.9324827134844436,trend,loss,0.0012794389423305228,0.0
AAPL,2025-05-12 13:32:00+00:00,2025-05-12 14:03:00+00:00,long,207.86,209.1,0.0059655537380928535,0.4413884345232133,0.8831445537576639,trend,win,0.005340132781680042,0.0059655537380928535
AAPL,2025-05-12 14:36:00+00:00,2025-05-12 14:44:00+00:00,short,209.16,209.76,-0.0028686173264486246,-1.767154331612156,0.7010928835594291,trend,loss,0.002916427615222861,0.0011952572193536049
AAPL,2025-05-12 14:48:00+00:00,2025-05-12 15:00:00+00:00,short,210.07,208.935,0.005402960917789265,0.30074022944731604,0.6069898567318633,trend,win,0.00033322225924688523,0.005402960917789265
AAPL,2025-05-12 15:44:00+00:00,2025-05-12 16:15:00+00:00,short,208.595,208.66,-0.00031160861957380437,-1.1279021548934511,0.997903391268086,normal,loss,0.0010541959299120091,0.001413744337112647
AAPL,2025-05-12 16:52:00+00:00,2025-05-12 17:09:00+00:00,short,209.4534,209.79,-0.001607040038500231,-1.4517600096250578,0.8214781069800053,trend,loss,0.0018934999384111527,0.0019020937354083582
AAPL,2025-05-12 17:32:00+00:00,2025-05-12 17:44:00+00:00,short,210.03,210.228,-0.0009427224682188616,-1.2856806170547155,0.7156212310091,normal,loss,0.0010474694091320233,0.00014283673760891841
AAPL,2025-05-12 18:16:00+00:00,2025-05-12 18:33:00+00:00,short,210.7,210.9051,-0.0009734219269103741,-1.2933554817275934,0.6297312823909128,chop,loss,0.0009734219269103741,0.00023730422401510654
AAPL,2025-05-12 18:48:00+00:00,2025-05-12 19:00:00+00:00,short,211.0702,210.34,0.0034595125223740556,-0.18512186940648612,0.7553021440174517,trend,loss,9.38076526198563e-05,0.0034595125223740556
AAPL,2025-05-12 20:44:00+00:00,2025-05-12 20:58:00+00:00,short,210.8,210.6473,0.0007243833017078276,-0.8689041745730431,0.7858990867775922,chop,loss,4.7438330170734844e-05,0.0007243833017078276
AAPL,2025-05-13 10:53:00+00:00,2025-05-13 11:01:00+00:00,short,209.63,209.8,-0.0008109526308258165,-1.252738157706454,0.6021162185525405,normal,loss,0.0008109526308258165,0.0
AAPL,2025-05-13 11:02:00+00:00,2025-05-13 11:19:00+00:00,short,209.9,210.27,-0.0017627441638875872,-1.4906860409718967,1.3700032292473332,trend,loss,0.0017627441638875872,0.0009528346831825491
AAPL,2025-05-13 12:33:00+00:00,2025-05-13 12:41:00+00:00,short,211.59,210.5,0.005151472186776329,0.23786804669408212,0.6140892199353601,trend,win,0.0,0.005151472186776329
AAPL,2025-05-13 13:09:00+00:00,2025-05-13 13:40:00+00:00,short,210.88,209.87,0.00478945371775413,0.14736342943853264,1.049411902354659,normal,win,0.003461684370258053,0.004979135053110693
AAPL,2025-05-13 13:43:00+00:00,2025-05-13 14:12:00+00:00,long,209.91,211.105,0.005692916011623997,0.37322900290599925,0.7170150475657209,normal,win,0.004335191272450081,0.005692916011623997
AAPL,2025-05-13 15:31:00+00:00,2025-05-13 15:44:00+00:00,short,211.5,210.85,0.0030732860520094833,-0.2816784869976292,0.7282704689826256,chop,loss,0.00016548463356972381,0.0030732860520094833
AAPL,2025-05-13 17:04:00+00:00,2025-05-13 17:17:00+00:00,short,211.69,211.9097,-0.0010378383485284562,-1.309459587132114,0.7353450351659766,normal,loss,0.001039255515140058,0.00039161037365957336
AAPL,2025-05-13 18:00:00+00:00,2025-05-13 18:18:00+00:00,short,212.4201,212.6693,-0.001173146985619543,-1.3432867464048857,0.6213773506878434,trend,loss,0.001173146985619543,0.000751812093111653
AAPL,2025-05-13 19:08:00+00:00,2025-05-13 19:16:00+00:00,short,213.02,213.3667,-0.0016275467092291731,-1.4568866773072933,1.5618146938797794,trend,loss,0.0016895127218100735,0.00044596751478733854
AAPL,2025-05-13 19:50:00+00:00,2025-05-13 20:17:00+00:00,short,212.9,212.55,0.001643964302489405,-0.6390089243776487,0.8958517605376322,trend,loss,0.0023485204321277596,0.001643964302489405
AAPL,2025-05-13 21:16:00+00:00,2025-05-13 21:43:00+00:00,short,211.92,211.8,0.0005662514156284265,-0.9084371460928934,6.595219456858029,trend,loss,0.0,0.0005662514156284265
AAPL,2025-05-13 22:33:00+00:00,2025-05-13 23:10:00+00:00,short,211.73,211.91,-0.0008501393283899629,-1.2625348320974907,0.8023139596011102,trend,loss,0.0008501393283899629,0.00018891985075328034
AAPL,2025-05-13 23:24:00+00:00,2025-05-13 23:38:00+00:00,short,211.95,212.24,-0.0013682472281199363,-1.3920618070299842,0.9064675291380991,trend,loss,0.0013682472281199363,0.00023590469450334017
AAPL,2025-05-13 23:53:00+00:00,2025-05-14 08:27:00+00:00,short,212.11,211.84,0.0012729244260054227,-0.7317688934986444,0.9537403467364621,chop,loss,0.003253029088680391,0.001461505822450626
AAPL,2025-05-14 11:50:00+00:00,2025-05-14 12:22:00+00:00,short,212.38,212.46,-0.0003766833035126307,-1.1441708258781578,0.627609621669803,normal,loss,0.001977587343441077,0.0010829644975985959
AAPL,2025-05-14 12:46:00+00:00,2025-05-14 13:18:00+00:00,short,212.2,212.36,-0.0007540056550425307,-1.2385014137606327,0.7789403348655572,trend,loss,0.0009425070688030964,0.0008482563619226127
AAPL,2025-05-14 13:35:00+00:00,2025-05-14 13:43:00+00:00,short,212.735,213.54,-0.003784050579359195,-1.9960126448397988,1.0803929033672968,trend,loss,0.004113098455825323,0.0007756128516700141
AAPL,2025-05-14 14:23:00+00:00,2025-05-14 14:43:00+00:00,short,213.7086,212.8103,0.004203387229152115,0.0008468072880287725,0.7796512023484197,trend,win,0.0007552339961986305,0.004203387229152115
AAPL,2025-05-14 14:45:00+00:00,2025-05-14 15:11:00+00:00,long,212.53,212.07,-0.002164400319954867,-1.591100079988717,0.6989758919929389,trend,loss,0.002164400319954867,0.0021173481390861933
AAPL,2025-05-14 17:42:00+00:00,2025-05-14 18:07:00+00:00,short,211.6006,211.89,-0.0013676709801390004,-1.3919177450347502,0.7468767028556103,trend,loss,0.0015094475157442922,0.0009480124347472556
AAPL,2025-05-14 18:34:00+00:00,2025-05-14 18:49:00+00:00,short,211.89,211.275,0.002902449384114308,-0.324387653971423,0.7556144886066849,trend,loss,0.00037755439142957435,0.002902449384114308
AAPL,2025-05-14 19:42:00+00:00,2025-05-14 19:51:00+00:00,short,211.51,212.22,-0.003356815280601428,-1.8892038201503571,0.6253594028534295,normal,loss,0.0055316533497234924,0.0010874190345609653
AAPL,2025-05-15 08:55:00+00:00,2025-05-15 09:10:00+00:00,long,209.91,209.6,-0.0014768234005049891,-1.4192058501262472,1.0630073033479126,trend,loss,0.0019055785812967733,0.0010004287551808298
AAPL,2025-05-15 10:50:00+00:00,2025-05-15 11:00:00+00:00,short,209.46,209.68,-0.0010503198701422652,-1.3125799675355663,1.1218310999643342,trend,loss,0.0010503198701422652,0.0
AAPL,2025-05-15 12:00:00+00:00,2025-05-15 12:12:00+00:00,short,210.3,209.5601,0.0035183071802187623,-0.1704232049453095,4.6681142020026005,trend,loss,0.0,0.0035183071802187623
AAPL,2025-05-15 12:26:00+00:00,2025-05-15 12:31:00+00:00,short,209.74,210.21,-0.0022408696481357815,-1.6102174120339454,0.6435555218259129,trend,loss,0.0022408696481357815,0.00037856393630218845
AAPL,2025-05-15 12:48:00+00:00,2025-05-15 13:08:00+00:00,short,209.85,210.05,-0.0009530617107458521,-1.2882654276864631,0.9815178260439698,trend,loss,0.0014772456516559556,0.00023826542768636143
AAPL,2025-05-15 13:32:00+00:00,2025-05-15 13:54:00+00:00,short,211.83,210.43,0.0066090733135061395,0.6022683283765349,0.7349217603972635,trend,win,0.003304536656753003,0.0066090733135061395
AAPL,2025-05-15 14:27:00+00:00,2025-05-15 14:39:00+00:00,short,210.36,210.89,-0.002519490397413827,-1.679872599353457,0.6060971699991766,trend,loss,0.0026858718387526037,0.0004040692146796347
AAPL,2025-05-15 15:24:00+00:00,2025-05-15 15:55:00+00:00,short,212.615,212.39,0.0010582508289632563,-0.785437292759186,0.8090874952082531,trend,loss,0.0016226512710768237,0.0017632810479034718
AAPL,2025-05-15 19:06:00+00:00,2025-05-15 19:37:00+00:00,short,210.99,210.3603,0.002984501635148651,-0.3038745912128372,0.7676125942572302,trend,loss,0.0002843736669984467,0.0029859235034835558
AAPL,2025-05-15 19:50:00+00:00,2025-05-15 20:18:00+00:00,short,211.13,211.45,-0.0015156538625491081,-1.428913465637277,1.345944256835676,normal,loss,0.0016103822289584779,0.001798891678112958
AAPL,2025-05-16 12:00:00+00:00,2025-05-16 12:20:00+00:00,short,211.7731,211.9264,-0.000723887972551762,-1.2309719931379406,1.438921225665898,normal,loss,0.0008353279996372966,0.0003451807618626295
AAPL,2025-05-16 12:24:00+00:00,2025-05-16 12:43:00+00:00,short,212.0,211.62,0.0017924528301886578,-0.6018867924528355,0.6306790402151708,chop,loss,0.0,0.0019339622641509273
AAPL,2025-05-16 13:28:00+00:00,2025-05-16 13:59:00+00:00,short,212.37,211.75,0.0029194330649338633,-0.3201417337665342,1.245716562994562,trend,loss,0.0016480670527852066,0.005650515609549452
AAPL,2025-05-16 14:02:00+00:00,2025-05-16 14:28:00+00:00,short,211.5806,210.6501,0.004397851220764073,0.0494628051910182,0.9735576040321856,normal,win,0.0016041168235650313,0.004397851220764073
AAPL,2025-05-16 15:25:00+00:00,2025-05-16 15:38:00+00:00,short,210.02,210.39,-0.0017617369774306072,-1.490434244357652,0.6033383395483202,normal,loss,0.0017855442338824874,0.0
AAPL,2025-05-16 15:41:00+00:00,2025-05-16 16:12:00+00:00,short,210.69,210.78,-0.00042716787697566765,-1.1567919692439168,0.7615855838437543,trend,loss,0.0010916512411599496,0.0014238929232522255
AAPL,2025-05-16 16:24:00+00:00,2025-05-16 16:55:00+00:00,short,211.05,211.02,0.0001421464108031326,-1.0144633972992168,0.8041396133904615,trend,loss,0.0005685856432123957,0.001516228381900126
AAPL,2025-05-16 17:35:00+00:00,2025-05-16 18:06:00+00:00,short,211.2244,211.0,0.0010623772632328595,-0.784405684191785,0.675978149722249,trend,loss,0.0002632271650434245,0.0020802520920878754
AAPL,2025-05-16 19:15:00+00:00,2025-05-16 19:40:00+00:00,short,211.76,211.265,0.0023375519455988126,-0.4656120136002969,0.7171686276442285,normal,loss,0.00028333962976956117,0.0023375519455988126
AAPL,2025-05-16 19:50:00+00:00,2025-05-16 20:10:00+00:00,short,211.5199,210.9052,0.002906109543357382,-0.32347261416065454,0.6719496633262841,trend,loss,0.0008609119047427276,0.002906109543357382
AAPL,2025-05-16 20:26:00+00:00,2025-05-16 20:51:00+00:00,short,211.03,210.52,0.0024167180021797416,-0.44582049945506463,0.9618196873208011,trend,loss,0.0004814481353361635,0.0024167180021797416
AAPL,2025-05-16 22:05:00+00:00,2025-05-16 22:20:00+00:00,short,209.45,209.06,0.0018620195750775192,-0.5844951062306202,2.283739668698136,trend,loss,0.0002387204583433343,0.0018620195750775192
AAPL,2025-05-16 23:07:00+00:00,2025-05-16 23:19:00+00:00,short,208.8121,208.2,0.0029313435380420873,-0.3171641154894782,0.678413108890773,trend,loss,0.0,0.0029313435380420873
AAPL,2025-05-16 23:40:00+00:00,2025-05-16 23:48:00+00:00,short,208.3,208.02,0.0013442150744119113,-0.7139462313970222,0.8075255846808697,trend,loss,0.00014162265962546584,0.0013442150744119113
NVDA,2025-05-01 09:14:00+00:00,2025-05-01 09:21:00+00:00,short,113.58,113.27,0.0027293537594647145,-0.36766156013382145,0.7349629870365947,trend,loss,0.0,0.0027293537594647145
NVDA,2025-05-01 09:52:00+00:00,2025-05-01 10:14:00+00:00,short,113.56,113.71,-0.0013208876364916473,-1.3802219091229118,0.8361189541208228,trend,loss,0.0013208876364916473,0.001056710109193418
NVDA,2025-05-01 10:57:00+00:00,2025-05-01 11:02:00+00:00,short,113.78,114.13,-0.00307611179469146,-1.819027948672865,1.1371272230768006,trend,loss,0.0031640007031112625,0.0005273334505185646
NVDA,2025-05-01 12:00:00+00:00,2025-05-01 12:30:00+00:00,short,114.1702,113.6,0.004994297986690046,0.19857449667251137,0.8757643837284075,trend,win,0.0011368991207863614,0.004994297986690046
NVDA,2025-05-01 12:31:00+00:00,2025-05-01 13:02:00+00:00,long,113.7004,113.63,-0.0006191710847104008,-1.2047927711776003,1.13334135693463,trend,loss,0.0018504772190775672,0.0027229455657148366
NVDA,2025-05-01 14:01:00+00:00,2025-05-01 14:10:00+00:00,long,113.18,112.545,-0.005610531896094761,-2.4526329740236905,0.8137274637546424,trend,loss,0.005743064145608815,0.0
NVDA,2025-05-01 16:56:00+00:00,2025-05-01 17:04:00+00:00,short,113.185,113.495,-0.002738878826699671,-1.7347197066749178,0.6637758703530806,trend,loss,0.0027830542916463994,0.0005301055793612429
NVDA,2025-05-01 19:50:00+00:00,2025-05-01 20:03:00+00:00,short,112.38,110.95,0.012724684107492371,2.131171026873093,0.8379637363092399,trend,win,8.898380494754509e-05,0.012724684107492371
NVDA,2025-05-01 20:30:00+00:00,2025-05-01 20:51:00+00:00,short,111.54,111.83,-0.0025999641384256054,-1.6999910346064013,1.043348393859918,trend,loss,0.0030482338174644898,0.00026896180742335606
NVDA,2025-05-01 21:53:00+00:00,2025-05-01 22:04:00+00:00,long,111.0899,110.79,-0.002699615356571514,-1.7249038391428786,0.6112519510320903,trend,loss,0.003059684093693487,0.0011711235674890226
NVDA,2025-05-01 22:20:00+00:00,2025-05-01 22:51:00+00:00,short,111.0,111.1791,-0.0016135135135135618,-1.4533783783783905,0.7535438790691177,normal,loss,0.0018018018018018274,0.0013513513513514026
NVDA,2025-05-01 23:43:00+00:00,2025-05-02 08:00:00+00:00,short,111.2,112.31,-0.009982014388489203,-3.5455035971223006,0.7309395224916669,trend,loss,0.012500000000000004,0.0015287769784172816
NVDA,2025-05-02 08:40:00+00:00,2025-05-02 08:54:00+00:00,short,112.76,112.41,0.0031039375665130233,-0.2740156083717442,0.877446883320664,trend,loss,0.00017736786094356172,0.0031039375665130233
NVDA,2025-05-02 11:29:00+00:00,2025-05-02 11:47:00+00:00,short,112.81,112.63,0.0015956032266643632,-0.6510991933339092,1.14170129784708,normal,loss,0.000354578494814219,0.0024820494637000368
NVDA,2025-05-02 12:00:00+00:00,2025-05-02 12:30:00+00:00,short,112.68,113.31,-0.0055910543130990005,-2.44776357827475,1.5235158687845065,normal,loss,0.0055910543130990005,0.0009762158324459854
NVDA,2025-05-02 12:38:00+00:00,2025-05-02 12:51:00+00:00,short,113.7492,114.03,-0.0024685887900750005,-1.6671471975187502,0.6717017231525775,trend,loss,0.0030839777334697076,0.001751221107489149
NVDA,2025-05-02 13:01:00+00:00,2025-05-02 13:32:00+00:00,short,114.29,114.905,-0.005381048210692054,-2.3952620526730137,1.1721555418578231,trend,loss,0.008487181730685089,0.00349986875492174
NVDA,2025-05-02 18:13:00+00:00,2025-05-02 18:36:00+00:00,short,114.78,114.9516,-0.001495033978044938,-1.4237584945112345,0.8282929643921726,trend,loss,0.0017424638438752642,0.001393971075100162
NVDA,2025-05-02 18:39:00+00:00,2025-05-02 18:49:00+00:00,short,114.93,114.44,0.004263464717654303,0.01586617941357571,0.780311434097352,trend,win,0.0,0.004263464717654303
NVDA,2025-05-02 18:57:00+00:00,2025-05-02 19:28:00+00:00,short,114.5,114.435,0.0005676855895196308,-0.9080786026200923,0.6964775235229587,trend,loss,0.00043668122270739876,0.001835807860262012
NVDA,2025-05-02 19:29:00+00:00,2025-05-02 19:49:00+00:00,short,114.47,113.97,0.004367956669869835,0.04198916746745862,0.8123445110009629,normal,win,8.73591333974414e-05,0.004367956669869835
NVDA,2025-05-02 19:50:00+00:00,2025-05-02 20:11:00+00:00,short,114.24,114.52,-0.0024509803921568727,-1.6627450980392182,0.6898540305228618,trend,loss,0.006652661064425815,0.0008315826330532114
NVDA,2025-05-02 23:32:00+00:00,2025-05-05 08:02:00+00:00,short,114.22,113.8,0.003677114340745944,-0.13072141481351407,1.1311535294751878,trend,loss,0.00026265102433900485,0.003677114340745944
NVDA,2025-05-05 08:32:00+00:00,2025-05-05 08:40:00+00:00,long,113.18,112.85,-0.0029157094893091755,-1.7789273723272938,0.6681442628707319,trend,loss,0.003622548153384085,0.0009719031631030166
NVDA,2025-05-05 09:51:00+00:00,2025-05-05 10:18:00+00:00,short,113.19,112.98,0.0018552875695732286,-0.5861781076066929,1.2829186109891024,normal,loss,0.00022086756780639354,0.0022970227051858903
NVDA,2025-05-05 11:02:00+00:00,2025-05-05 11:33:00+00:00,short,113.12,113.11,8.840169731263363e-05,-1.0278995756718416,0.7372143794184627,trend,loss,0.0007072135785006921,0.001060820367751101
NVDA,2025-05-05 12:00:00+00:00,2025-05-05 12:16:00+00:00,short,112.9,113.1101,-0.0018609388839680872,-1.5152347209920218,5.158706231127495,normal,loss,0.010451727192205426,0.0004428697962799944
NVDA,2025-05-05 12:21:00+00:00,2025-05-05 12:45:00+00:00,short,113.12,112.8599,0.0022993281471004987,-0.4751679632248754,0.7154837633165322,trend,loss,0.0004420084865629169,0.0022993281471004987
NVDA,2025-05-05 12:56:00+00:00,2025-05-05 13:19:00+00:00,short,113.06,112.84,0.0019458694498496272,-0.5635326375375932,0.6306194424232292,trend,loss,0.00026534583407041517,0.0019458694498496272
NVDA,2025-05-05 13:53:00+00:00,2025-05-05 14:12:00+00:00,long,113.79,113.2849,-0.004438878636084128,-2.1597196590210324,0.6143895959108546,normal,loss,0.004482819228403273,0.0027243167237893315
NVDA,2025-05-05 14:13:00+00:00,2025-05-05 14:34:00+00:00,long,113.27,112.88,-0.003443100556193172,-1.910775139048293,0.7571989954187134,normal,loss,0.0036638121303080432,0.002880727465348313
NVDA,2025-05-05 15:44:00+00:00,2025-05-05 16:15:00+00:00,long,113.54,113.7718,0.0020415712524219894,-0.5396071868945027,1.0756254273503463,trend,loss,0.0005284481240091798,0.0020415712524219894
NVDA,2025-05-05 18:52:00+00:00,2025-05-05 19:00:00+00:00,short,114.57,114.1245,0.003888452474469718,-0.0778868813825705,0.6288540907772364,trend,loss,0.0,0.003888452474469718
NVDA,2025-05-05 19:50:00+00:00,2025-05-05 20:02:00+00:00,short,114.27,113.67,0.0052507219742714125,0.26268049356785306,0.9345491629550134,trend,win,8.751203290456915e-05,0.0052507219742714125
NVDA,2025-05-05 20:05:00+00:00,2025-05-05 20:26:00+00:00,long,113.51,113.3,-0.001850057263677279,-1.5125143159193197,1.001384454203843,trend,loss,0.0022024491234252487,0.0007047837194960646
NVDA,2025-05-05 20:31:00+00:00,2025-05-05 20:49:00+00:00,short,113.32,113.5,-0.001588422167313862,-1.4471055418284655,0.841469496094338,trend,loss,0.0019414048711614287,0.0010589481115424492
NVDA,2025-05-05 20:59:00+00:00,2025-05-05 21:06:00+00:00,short,113.59,113.7199,-0.0011435865833259277,-1.335896645831482,0.7765625561793904,trend,loss,0.0011444669425125051,0.0
NVDA,2025-05-05 21:11:00+00:00,2025-05-05 21:39:00+00:00,short,113.64,113.45,0.001671946497712053,-0.6320133755719868,1.9280026611837007,trend,loss,0.000703977472720858,0.001671946497712053
NVDA,2025-05-05 22:30:00+00:00,2025-05-05 22:54:00+00:00,short,113.39,113.25,0.0012346767792574351,-0.7413308051856412,1.1672006150906604,trend,loss,0.00032807125848839024,0.0012346767792574351
NVDA,2025-05-05 23:22:00+00:00,2025-05-05 23:54:00+00:00,short,113.38,113.34,0.000352795907567402,-0.9618010231081495,1.100421853604989,trend,loss,0.0038807549832421745,0.00044099488445931525
NVDA,2025-05-06 11:00:00+00:00,2025-05-06 11:15:00+00:00,short,112.62,112.4,0.0019534718522464826,-0.5616320369383794,2.4311161283582847,trend,loss,0.0003551767004083825,0.0019534718522464826
NVDA,2025-05-06 12:00:00+00:00,2025-05-06 12:31:00+00:00,short,112.3193,112.23,0.0007950548124854267,-0.8512362968786433,3.0175652912867355,trend,loss,0.0008075192776308099,0.001240214281962152
NVDA,2025-05-06 13:04:00+00:00,2025-05-06 13:24:00+00:00,short,112.1699,111.7498,0.003745211505047299,-0.11369712373817531,1.367059503998669,trend,loss,0.00026834293335381825,0.003745211505047299
NVDA,2025-05-06 13:30:00+00:00,2025-05-06 14:01:00+00:00,short,111.64,111.395,0.002194553923325014,-0.5013615191687466,1.7620137286751894,trend,loss,0.0033142242923683675,0.006807595843783636
NVDA,2025-05-06 14:25:00+00:00,2025-05-06 14:35:00+00:00,short,112.695,113.1486,-0.004025023292958949,-2.056255823239737,1.0155286854965357,trend,loss,0.004037446204357004,0.0013753937619236606
NVDA,2025-05-06 15:24:00+00:00,2025-05-06 15:55:00+00:00,short,113.03,112.715,0.00278687074228079,-0.3532823144298025,0.6088834027978048,normal,loss,0.0011501371317348974,0.0033743254003361874
NVDA,2025-05-06 18:02:00+00:00,2025-05-06 18:17:00+00:00,short,113.2097,113.45,-0.00212260963504015,-1.5806524087600375,0.740100674378229,trend,loss,0.00212260963504015,0.0009689982395501771
NVDA,2025-05-06 20:45:00+00:00,2025-05-06 21:16:00+00:00,short,113.6301,113.26,0.0032570595291211892,-0.2357351177197028,0.9527042724273048,trend,loss,0.0007876434149050386,0.0034330692307760345
NVDA,2025-05-06 21:30:00+00:00,2025-05-06 22:00:00+00:00,long,112.17,113.23,0.009449942052242153,1.3124855130605382,0.6268516704274697,trend,win,0.0013372559507890316,0.009449942052242153
NVDA,2025-05-06 22:43:00+00:00,2025-05-06 22:54:00+00:00,short,114.2,114.42,-0.0019264448336252088,-1.5316112084063023,0.6017227188563307,normal,loss,0.0019264448336252088,0.0013134851138354262
NVDA,2025-05-06 23:00:00+00:00,2025-05-06 23:31:00+00:00,short,114.5,114.3,0.001746724890829719,-0.6133187772925702,0.9820329636912085,trend,loss,0.0003493449781659935,0.003144104803493445
NVDA,2025-05-06 23:46:00+00:00,2025-05-07 08:09:00+00:00,short,114.4703,113.96,0.0044579248940554966,0.06448122351387409,0.9412700293762746,normal,win,0.004015888837541373,0.004894719416302727
NVDA,2025-05-07 10:35:00+00:00,2025-05-07 10:44:00+00:00,short,113.83,113.95,-0.0010542036370025877,-1.313550909250647,0.6415908453296367,normal,loss,0.0010542036370025877,0.0007906527277519407
NVDA,2025-05-07 11:24:00+00:00,2025-05-07 11:32:00+00:00,short,114.26,114.04,0.001925433222475047,-0.5686416943812382,1.6460553969933953,trend,loss,0.0,0.001925433222475047
NVDA,2025-05-07 11:34:00+00:00,2025-05-07 12:05:00+00:00,short,114.06,113.8798,0.001579870243731363,-0.6550324390671592,0.6301240519138598,trend,loss,0.0035069261792038528,0.001579870243731363
NVDA,2025-05-07 13:30:00+00:00,2025-05-07 14:01:00+00:00,long,112.93,113.31,0.0033649163198441107,-0.20877092003897235,1.4563789527993456,trend,loss,0.0027893385282919676,0.004693172761887779
NVDA,2025-05-07 14:07:00+00:00,2025-05-07 14:38:00+00:00,short,113.505,113.565,-0.0005286110744020288,-1.182152768600507,0.7799392466490725,normal,loss,0.001453680454605579,0.0028659530417162117
NVDA,2025-05-07 14:59:00+00:00,2025-05-07 15:24:00+00:00,short,113.1803,113.461,-0.0024801135886721977,-1.6700283971680494,0.664351324965385,trend,loss,0.0028246965240417052,0.0009074017298063238
NVDA,2025-05-07 16:42:00+00:00,2025-05-07 16:56:00+00:00,short,113.86,114.09,-0.0020200245916037586,-1.5550061479009396,0.61294550730337,trend,loss,0.0021078517477603627,0.0005708765150184237
NVDA,2025-05-07 17:13:00+00:00,2025-05-07 17:36:00+00:00,short,114.0599,113.64,0.0036813989842179274,-0.1296502539455182,0.8363488299021671,chop,loss,0.00026389642635145616,0.0036813989842179274
NVDA,2025-05-07 18:02:00+00:00,2025-05-07 18:14:00+00:00,short,113.6,112.69,0.00801056338028166,0.9526408450704149,0.701128839121981,trend,win,0.0001760563380282591,0.00837235915492955
NVDA,2025-05-07 18:16:00+00:00,2025-05-07 18:32:00+00:00,long,112.45,113.275,0.007336594041796379,0.7841485104490946,0.7143925139559038,trend,win,0.0002667852378835139,0.007336594041796379
NVDA,2025-05-07 20:37:00+00:00,2025-05-07 21:01:00+00:00,short,116.639,116.23,0.0035065458380129444,-0.17336354049676395,2.4776530992633967,trend,loss,0.0012945927177017162,0.0035065458380129444
NVDA,2025-05-07 22:07:00+00:00,2025-05-07 22:26:00+00:00,short,116.2999,116.45,-0.0012906287967574264,-1.3726571991893566,0.6879246273744176,trend,loss,0.0012906287967574264,0.0009441108719783318
NVDA,2025-05-07 22:30:00+00:00,2025-05-07 23:01:00+00:00,short,116.5,116.45,0.00042918454935619876,-0.9427038626609503,0.7499226744955384,trend,loss,0.0,0.001373390557939885
NVDA,2025-05-07 23:54:00+00:00,2025-05-08 08:00:00+00:00,short,116.82,119.28,-0.021058038007190617,-6.314509501797654,1.4134237881257026,normal,loss,0.023369286081150523,0.0
NVDA,2025-05-08 08:58:00+00:00,2025-05-08 09:11:00+00:00,short,119.2,118.9,0.002516778523489909,-0.42080536912752287,1.1549509534088986,chop,loss,0.0004194630872482983,0.002516778523489909
NVDA,2025-05-08 10:00:00+00:00,2025-05-08 10:31:00+00:00,short,119.2,119.16,0.0003355704697987102,-0.9661073825503225,2.7549112612680147,trend,loss,0.0013422818791946022,0.001258389261745014
NVDA,2025-05-08 10:38:00+00:00,2025-05-08 11:05:00+00:00,short,118.99,119.2,-0.00176485418942775,-1.4912135473569375,1.1883548868911327,trend,loss,0.002185057567862889,0.0011765694596184602
NVDA,2025-05-08 11:37:00+00:00,2025-05-08 11:43:00+00:00,short,118.931,118.56,0.003119455818920173,-0.2701360452699567,0.8608162040640202,trend,loss,0.00024383886455168428,0.003119455818920173
NVDA,2025-05-08 12:00:00+00:00,2025-05-08 12:16:00+00:00,short,119.52,118.95,0.004769076305220827,0.14226907630520658,3.676900006258455,trend,win,0.004936412315930417,0.006442436412315898
NVDA,2025-05-08 12:55:00+00:00,2025-05-08 13:20:00+00:00,short,118.75,118.95,-0.0016842105263158134,-1.4710526315789534,0.8106845953139176,trend,loss,0.002105263157894737,0.0019368421052631914
NVDA,2025-05-08 13:32:00+00:00,2025-05-08 13:48:00+00:00,long,117.67,116.75,-0.007818475397297542,-3.0046188493243853,0.9190826986816305,trend,loss,0.007988442253760497,0.001868785586810534
NVDA,2025-05-08 13:49:00+00:00,2025-05-08 14:20:00+00:00,long,116.8306,117.1,0.002305902734386285,-0.47352431640342874,0.6864459124975939,trend,loss,0.0019737979604659197,0.006542806422290007
NVDA,2025-05-08 14:22:00+00:00,2025-05-08 14:43:00+00:00,short,117.16,116.295,0.0073830658927961324,0.795766473199033,0.7242771323161609,normal,win,0.002048480710140057,0.0073830658927961324
NVDA,2025-05-08 14:44:00+00:00,2025-05-08 15:15:00+00:00,long,116.44,116.72,0.002404671934043294,-0.4488320164891766,0.9286055162068401,trend,loss,0.005066987289591235,0.0032634833390587036
NVDA,2025-05-08 15:46:00+00:00,2025-05-08 16:17:00+00:00,short,118.1809,118.3691,-0.0015924739107589217,-1.4481184776897305,0.6735229488839817,trend,loss,0.0022770176906759788,0.0026730207673151853
NVDA,2025-05-08 16:20:00+00:00,2025-05-08 16:40:00+00:00,short,118.34,117.855,0.0040983606557377,-0.02540983606557501,0.6906067761933872,trend,loss,0.0001690045631231707,0.0040983606557377
NVDA,2025-05-08 17:43:00+00:00,2025-05-08 17:52:00+00:00,short,117.89,118.125,-0.0019933836627364443,-1.548345915684111,0.6259712640714445,trend,loss,0.0020357960810925006,0.0005513614386292114
NVDA,2025-05-08 19:45:00+00:00,2025-05-08 19:52:00+00:00,long,117.8,117.43,-0.0031409168081493236,-1.8352292020373309,1.0657610178947463,trend,loss,0.0037351443123938687,0.001018675721562008
NVDA,2025-05-08 19:55:00+00:00,2025-05-08 20:26:00+00:00,short,117.54,117.24,0.002552322613578453,-0.41191934660538687,0.6451678784738407,trend,loss,0.00034030968181037976,0.003143610685724027
NVDA,2025-05-08 21:37:00+00:00,2025-05-08 22:08:00+00:00,short,117.33,117.2301,0.0008514446433137749,-0.8371388391715563,0.7581340499064166,trend,loss,0.0005966078581778521,0.00102275632830482
NVDA,2025-05-08 22:51:00+00:00,2025-05-08 23:22:00+00:00,short,117.29,117.2201,0.0005959587347600313,-0.9010103163099922,0.7302223096492925,normal,loss,0.0003410350413504309,0.0007673288430386512
NVDA,2025-05-09 08:01:00+00:00,2025-05-09 08:33:00+00:00,short,118.07,117.95,0.0010163462352840717,-0.7959134411789821,0.7881011105598261,trend,loss,0.00016939103921411225,0.002286779029389312
NVDA,2025-05-09 09:15:00+00:00,2025-05-09 09:37:00+00:00,short,117.89,117.97,-0.0006785986936975001,-1.219649673424375,0.8615721991667536,normal,loss,0.0006785986936975001,0.0006785986936975001
NVDA,2025-05-09 10:32:00+00:00,2025-05-09 10:57:00+00:00,short,118.14,117.96,0.0015236160487557713,-0.6690959878110572,0.6410719170991249,normal,loss,0.00016929067208393449,0.0015236160487557713
NVDA,2025-05-09 11:07:00+00:00,2025-05-09 11:17:00+00:00,short,117.92,118.05,-0.0011024423337855787,-1.3256105834463947,0.8567140219615034,trend,loss,0.0011024423337855787,0.0
NVDA,2025-05-09 11:26:00+00:00,2025-05-09 11:57:00+00:00,short,117.46,117.58,-0.0010216243827686408,-1.3054060956921603,2.0016875041545203,normal,loss,0.0029371701004598425,0.0017878426698450004
NVDA,2025-05-09 12:00:00+00:00,2025-05-09 12:29:00+00:00,short,117.64,117.41,0.001955117307038456,-0.5612206732403859,0.8900565474018701,trend,loss,0.001020061203672259,0.001955117307038456
NVDA,2025-05-09 14:28:00+00:00,2025-05-09 14:38:00+00:00,long,116.02,115.415,-0.005214618169281071,-2.3536545423202675,0.8663882645340529,trend,loss,0.005861058438200247,0.0032322013445957596
NVDA,2025-05-09 14:40:00+00:00,2025-05-09 14:59:00+00:00,long,115.525,116.275,0.006492101276779918,0.5730253191949795,0.6120090755802072,trend,win,0.0009088941787492229,0.006492101276779918
NVDA,2025-05-09 15:25:00+00:00,2025-05-09 15:53:00+00:00,short,116.4395,116.735,-0.002537798599272619,-1.6844496498181547,0.6782703046876266,normal,loss,0.002838383881758344,0.0026580327122668846
NVDA,2025-05-09 16:12:00+00:00,2025-05-09 16:36:00+00:00,long,116.09,116.615,0.004522353346541403,0.08058833663535081,0.8320519331908411,trend,win,0.00043070031871821133,0.004522353346541403
NVDA,2025-05-09 17:23:00+00:00,2025-05-09 17:54:00+00:00,short,116.4,116.51,-0.0009450171821305792,-1.2862542955326448,0.9091732040223032,chop,loss,0.0021477663230240547,0.001020618556701094
NVDA,2025-05-09 18:15:00+00:00,2025-05-09 18:46:00+00:00,short,116.7685,116.55,0.0018712238317697488,-0.5821940420575629,0.785856236987743,trend,loss,0.00026976453409947106,0.001935453482745767
NVDA,2025-05-09 19:09:00+00:00,2025-05-09 19:40:00+00:00,short,116.68,116.715,-0.0002999657182036046,-1.1249914295509011,0.9858928127538813,normal,loss,0.0010284538909838047,0.0013712718546452759
NVDA,2025-05-09 19:50:00+00:00,2025-05-09 20:20:00+00:00,short,116.73,116.44,0.002484365630086578,-0.42890859247835555,1.07808864255566,chop,loss,0.0005996744624346199,0.0029127045318256095
NVDA,2025-05-09 20:50:00+00:00,2025-05-09 21:21:00+00:00,short,116.43,116.3401,0.0007721377651807961,-0.856965558704801,3.126713927784113,trend,loss,0.0002576655501158372,0.0008588851670532382
NVDA,2025-05-09 21:42:00+00:00,2025-05-09 22:09:00+00:00,short,116.41,116.34,0.0006013229104028277,-0.8996692723992931,0.6734844519907269,trend,loss,0.0,0.0006013229104028277
NVDA,2025-05-09 23:38:00+00:00,2025-05-12 08:00:00+00:00,short,116.38,121.93,-0.04768860628974061,-12.972151572435152,1.0507285929298722,normal,loss,0.05000859254167389,0.0003359683794465594
NVDA,2025-05-12 11:50:00+00:00,2025-05-12 12:21:00+00:00,short,121.94,121.86,0.0006560603575528809,-0.8859849106117798,0.6376563138391095,trend,loss,0.009184845005740565,0.0026242414302115238
NVDA,2025-05-12 13:30:00+00:00,2025-05-12 14:01:00+00:00,short,122.11,121.145,0.007902710670706768,0.925677667676692,2.87800908308087,trend,win,0.004749815739906627,0.01044140529031206
NVDA,2025-05-12 17:47:00+00:00,2025-05-12 18:00:00+00:00,short,122.6899,122.87,-0.0014679284928915107,-1.4169821232228776,0.6026984016754561,trend,loss,0.0020384726045094446,0.0007205157066718038
NVDA,2025-05-12 19:54:00+00:00,2025-05-12 20:25:00+00:00,short,122.8831,122.63,0.002059681111560527,-0.5350797221098682,0.7356185520800407,trend,loss,0.001602335878570767,0.002303815577569288
NVDA,2025-05-12 21:02:00+00:00,2025-05-12 21:14:00+00:00,short,122.7,122.55,0.0012224938875306087,-0.7443765281173478,0.6861352241262676,trend,loss,0.00037489812550930946,0.0012224938875306087
NVDA,2025-05-12 21:26:00+00:00,2025-05-12 21:42:00+00:00,short,122.6192,122.69,-0.00057739734071003,-1.1943493351775074,0.836969097949811,chop,loss,0.000658950637420538,0.0006459021099468938
NVDA,2025-05-12 22:05:00+00:00,2025-05-12 22:17:00+00:00,short,122.8,122.63,0.0013843648208469194,-0.7039087947882701,0.6046463232555255,normal,loss,0.00023859934853425344,0.0013843648208469194
NVDA,2025-05-12 22:55:00+00:00,2025-05-12 23:06:00+00:00,short,122.73,122.7899,-0.00048806322822454945,-1.1720158070561373,0.9153781747207765,trend,loss,0.0004888780249327978,0.0002444390124663989
NVDA,2025-05-12 23:17:00+00:00,2025-05-12 23:25:00+00:00,short,122.84,122.9,-0.0004884402474764106,-1.1721100618691027,1.3739489628751103,trend,loss,0.0004884402474764106,0.0001628134158255473
NVDA,2025-05-13 09:58:00+00:00,2025-05-13 10:10:00+00:00,short,122.33,122.89,-0.004577781410937646,-2.1944453527344114,0.7495714549782914,trend,loss,0.004577781410937646,0.0014714297392298913
NVDA,2025-05-13 10:38:00+00:00,2025-05-13 11:07:00+00:00,short,123.12,123.289,-0.0013726445743989354,-1.393161143599734,0.6474972302331022,normal,loss,0.001461988304093507,0.0005685510071475584
NVDA,2025-05-13 12:45:00+00:00,2025-05-13 13:14:00+00:00,short,124.7893,124.95,-0.0012877706662350508,-1.3719426665587626,0.6237395813437018,trend,loss,0.0014480408176021633,0.0014368219070064324
NVDA,2025-05-13 13:27:00+00:00,2025-05-13 13:33:00+00:00,short,124.88,125.7906,-0.007291800128123017,-2.8729500320307544,1.5182078639423762,normal,loss,0.007367072389493928,0.001281229980781523
NVDA,2025-05-13 14:32:00+00:00,2025-05-13 14:49:00+00:00,short,129.2501,129.78,-0.004099803404407407,-2.0749508511018515,0.7506855253672704,trend,loss,0.0042545421628301106,0.00034893590024294614
NVDA,2025-05-13 14:57:00+00:00,2025-05-13 15:08:00+00:00,short,130.6246,129.6499,0.00746184103147481,0.8154602578687025,0.7980721103065832,trend,win,0.0008451700521955813,0.007537630737242453
NVDA,2025-05-13 17:56:00+00:00,2025-05-13 18:01:00+00:00,long,130.3165,129.94,-0.002889119950274854,-1.7722799875687136,0.6318333286922917,trend,loss,0.002965856203934144,0.0005640114643962636
NVDA,2025-05-13 18:37:00+00:00,2025-05-13 19:06:00+00:00,short,130.285,130.6213,-0.0025812641516674544,-1.6953160379168637,0.8101401325150666,trend,loss,0.002686418236942045,0.003952105000575531
NVDA,2025-05-13 19:50:00+00:00,2025-05-13 20:02:00+00:00,short,130.3849,129.74,0.004946124896364369,0.18653122409109213,0.7786270489690014,trend,win,0.00011581095663698864,0.004946124896364369
NVDA,2025-05-13 20:21:00+00:00,2025-05-13 20:52:00+00:00,short,129.47,129.52,-0.00038618985093080536,-1.1465474627327015,3.407006656967252,trend,loss,0.0005406657913029518,0.00038232795242137
NVDA,2025-05-13 20:56:00+00:00,2025-05-13 21:08:00+00:00,short,129.55,129.68,-0.001003473562331111,-1.3008683905827778,0.7387980842238665,trend,loss,0.001003473562331111,0.0007757622539560857
NVDA,2025-05-13 21:10:00+00:00,2025-05-13 21:23:00+00:00,short,129.63,129.78,-0.001157139551029898,-1.3392848877574746,1.088115175346059,normal,loss,0.001157139551029898,0.00038571318367648655
NVDA,2025-05-14 08:00:00+00:00,2025-05-14 08:31:00+00:00,short,132.33,132.13,0.0015113730824455303,-0.6721567293886175,2.3916228399667947,normal,loss,0.00030227461648902015,0.007027884833371169
NVDA,2025-05-14 10:22:00+00:00,2025-05-14 10:42:00+00:00,short,132.32,132.47,-0.001133615477630031,-1.3334038694075077,1.9675836825393538,normal,loss,0.001133615477630031,0.0009824667472792886
NVDA,2025-05-14 13:00:00+00:00,2025-05-14 13:12:00+00:00,short,133.52,133.7201,-0.001498651887357639,-1.4246629718394097,1.09703571658567,trend,loss,0.0015727980826840888,0.000973636908328519
NVDA,2025-05-14 13:30:00+00:00,2025-05-14 13:34:00+00:00,long,132.9,134.795,0.014258841234010397,2.5147103085025995,0.6200232347272144,trend,win,0.00045146726862304193,0.014258841234010397
NVDA,2025-05-14 14:33:00+00:00,2025-05-14 14:50:00+00:00,short,132.6,133.182,-0.0043891402714931645,-2.147285067873291,0.7714021246627909,normal,loss,0.004751131221719423,0.0007541478129712996
NVDA,2025-05-14 16:26:00+00:00,2025-05-14 16:32:00+00:00,short,134.8322,135.1815,-0.00259062746139275,-1.6976568653481876,0.8158370155165992,normal,loss,0.0028020013023595824,0.0
NVDA,2025-05-14 16:35:00+00:00,2025-05-14 16:58:00+00:00,short,135.33,134.7399,0.004360452227887435,0.04011305697185885,0.6360836615055688,trend,win,0.0005911475652108482,0.004360452227887435
NVDA,2025-05-14 17:23:00+00:00,2025-05-14 17:41:00+00:00,long,134.1783,134.8397,0.004929262034173828,0.1823155085434569,0.9734277301943419,trend,win,0.00028469581146890033,0.004929262034173828
NVDA,2025-05-14 17:51:00+00:00,2025-05-14 18:22:00+00:00,short,135.0199,134.6754,0.0025514757454272344,-0.4121310636431914,0.8733074576802987,trend,loss,0.0005932458844954514,0.003146943524621245
NVDA,2025-05-14 18:34:00+00:00,2025-05-14 18:51:00+00:00,short,134.94,135.2151,-0.002038683859493175,-1.5596709648732938,0.8865400549880659,chop,loss,0.0020749962946494823,0.0012257299540536929
NVDA,2025-05-14 19:41:00+00:00,2025-05-14 19:56:00+00:00,short,134.625,135.2418,-0.004581615598885883,-2.195403899721471,0.6918885604715734,trend,loss,0.004716805942432616,0.002339832869080763
NVDA,2025-05-14 20:05:00+00:00,2025-05-14 20:16:00+00:00,short,135.3489,135.66,-0.0022985040883229226,-1.6246260220807307,1.3228728660484346,trend,loss,0.0022985040883229226,0.0007321817909121749
NVDA,2025-05-14 20:55:00+00:00,2025-05-14 21:02:00+00:00,short,136.46,135.8801,0.0042495969514876825,0.012399237871920654,0.9438964093277936,trend,win,0.0002931261908250919,0.0042495969514876825
NVDA,2025-05-14 21:04:00+00:00,2025-05-14 21:30:00+00:00,long,135.8101,135.25,-0.004124140988041431,-2.081035247010358,2.5407713068436926,normal,loss,0.004124140988041431,0.0012510115227069576
NVDA,2025-05-14 21:42:00+00:00,2025-05-14 22:13:00+00:00,short,135.711,135.5799,0.0009660233879346813,-0.8084941530163297,0.7145735526291926,trend,loss,0.0007294913455798685,0.0020705764455350405
NVDA,2025-05-14 22:44:00+00:00,2025-05-14 22:52:00+00:00,short,135.79,135.93,-0.001031003755799505,-1.3077509389498763,1.347718024246443,trend,loss,0.001031003755799505,0.0005155018778996479
NVDA,2025-05-14 23:55:00+00:00,2025-05-15 08:00:00+00:00,short,136.13,133.87,0.01660177771248065,3.100444428120163,0.6955142877719189,trend,win,0.0008815103210167087,0.01660177771248065
NVDA,2025-05-15 09:02:00+00:00,2025-05-15 09:27:00+00:00,short,132.37,132.66,-0.002190828737629312,-1.597707184407328,0.7790725105393033,trend,loss,0.002190828737629312,0.0030973785600966726
NVDA,2025-05-15 10:06:00+00:00,2025-05-15 10:23:00+00:00,short,132.76,132.97,-0.0015818017475143717,-1.445450436878593,0.6325042057814495,trend,loss,0.0015818017475143717,0.0015818017475141574
NVDA,2025-05-15 10:26:00+00:00,2025-05-15 10:51:00+00:00,short,133.35,133.11,0.0017997750281213399,-0.600056242969665,1.3649316956813355,trend,loss,0.00029996250468685445,0.002024746906636534
NVDA,2025-05-15 12:00:00+00:00,2025-05-15 12:31:00+00:00,short,134.1,134.45,-0.0026099925428784065,-1.7024981357196016,2.9587720274769236,chop,loss,0.0026099925428784065,0.0024601043997015716
NVDA,2025-05-15 13:27:00+00:00,2025-05-15 13:46:00+00:00,short,134.3878,132.87,0.011294179977646736,1.7735449944116843,0.9918973921320042,normal,win,0.002471950578847189,0.011294179977646736
NVDA,2025-05-15 14:16:00+00:00,2025-05-15 14:47:00+00:00,long,133.13,133.44,0.0023285510403365304,-0.4678622399158674,1.2508084658952852,trend,loss,0.0021775707954629965,0.005483362127244184
META,2025-05-01 09:40:00+00:00,2025-05-01 10:02:00+00:00,short,586.35,584.25,0.0035814786390381556,-0.15463034024046118,1.730511156658196,trend,loss,0.001108552912083188,0.0035814786390381556
META,2025-05-01 12:00:00+00:00,2025-05-01 12:32:00+00:00,short,585.5,586.0194,-0.0008871050384287254,-1.2717762596071813,0.6743898975310402,trend,loss,0.00367207514944488,0.0030059777967548947
META,2025-05-01 13:20:00+00:00,2025-05-01 13:39:00+00:00,short,591.82,576.76,0.025446926430333645,5.311731607583411,0.8686290059012023,trend,win,0.005373255381703811,0.025446926430333645
META,2025-05-01 15:46:00+00:00,2025-05-01 16:03:00+00:00,short,578.7225,574.25,0.007728228987122444,0.8820572467806109,0.689369851640018,trend,win,7.827585760014076e-05,0.007728228987122444
META,2025-05-01 16:56:00+00:00,2025-05-01 17:02:00+00:00,short,573.84,575.9799,-0.003729088247595168,-1.982272061898792,0.7290989358831681,trend,loss,0.003764115432873219,0.0
META,2025-05-01 17:30:00+00:00,2025-05-01 18:01:00+00:00,long,573.75,574.3139,0.0009828322440086966,-0.8042919389978258,0.639502717561361,trend,loss,0.00261437908496732,0.0010283224400872014
META,2025-05-01 18:45:00+00:00,2025-05-01 19:06:00+00:00,short,578.4413,579.82,-0.0023834743473539915,-1.645868586838498,0.7975944480248455,normal,loss,0.0024005893078519755,0.0016013725161048654
META,2025-05-01 21:10:00+00:00,2025-05-01 21:24:00+00:00,short,569.1,570.2,-0.001932876471621899,-1.5332191179054746,0.7536754911541318,trend,loss,0.002284308557371208,0.0011597258829730594
META,2025-05-01 21:31:00+00:00,2025-05-01 21:49:00+00:00,short,569.0,567.0,0.0035149384885764497,-0.17126537785588758,0.7067735715122541,trend,loss,0.0012836555360281748,0.0035149384885764497
META,2025-05-01 21:50:00+00:00,2025-05-01 22:00:00+00:00,short,567.48,568.59,-0.001956016071050986,-1.5390040177627466,2.4136657037755445,trend,loss,0.001956016071050986,0.0003700570945232191
META,2025-05-02 08:00:00+00:00,2025-05-02 08:20:00+00:00,short,577.54,579.48,-0.0033590746961250383,-1.8897686740312596,0.7929547121553485,trend,loss,0.0033590746961250383,0.0033763895141460886
META,2025-05-02 10:22:00+00:00,2025-05-02 10:53:00+00:00,short,579.0,579.77,-0.0013298791018997958,-1.3824697754749489,1.0759396226584523,trend,loss,0.0013298791018997958,0.0014680483592401084
META,2025-05-02 11:20:00+00:00,2025-05-02 11:46:00+00:00,short,578.75,577.5,0.0021598272138228943,-0.5100431965442764,0.6376531652533042,trend,loss,0.0,0.0021598272138228943
META,2025-05-02 12:00:00+00:00,2025-05-02 12:30:00+00:00,short,579.0,582.0,-0.0051813471502590676,-2.345336787564767,0.9414181850724513,chop,loss,0.0051813471502590676,0.000929015544041513
META,2025-05-02 13:10:00+00:00,2025-05-02 13:21:00+00:00,short,588.2862,585.0,0.00558605658266335,0.3465141456658374,0.6940439285464153,normal,win,0.0,0.00558605658266335
META,2025-05-02 13:30:00+00:00,2025-05-02 13:36:00+00:00,long,584.12,579.81,-0.007378620831336128,-2.894655207834032,1.1120735636554597,trend,loss,0.007652537149900752,3.7663493802725816e-05
META,2025-05-02 13:37:00+00:00,2025-05-02 14:02:00+00:00,long,580.09,587.59,0.01292902825423641,2.1822570635591028,0.9463431935642922,trend,win,0.0001379096347119256,0.01292902825423641
META,2025-05-02 14:23:00+00:00,2025-05-02 14:34:00+00:00,long,591.35,597.17,0.009841887207237568,1.410471801809392,0.8819068080961044,trend,win,0.00102223725374149,0.009841887207237568
META,2025-05-02 15:09:00+00:00,2025-05-02 15:27:00+00:00,short,599.2551,595.625,0.0060576872854314805,0.46442182135787013,0.6433655143044648,trend,win,0.001126231549802379,0.0060576872854314805
META,2025-05-02 15:34:00+00:00,2025-05-02 15:50:00+00:00,long,595.78,598.53,0.004615797777703179,0.10394944442579468,0.7358768531169352,trend,win,0.000285340226257946,0.004795729967437702
META,2025-05-02 16:01:00+00:00,2025-05-02 16:05:00+00:00,short,598.94,601.1,-0.003606371255885344,-1.9515928139713359,2.0700808434531344,trend,loss,0.0039402945203190634,0.0
META,2025-05-02 16:15:00+00:00,2025-05-02 16:44:00+00:00,short,601.54,602.845,-0.002169431791734654,-1.5923579479336634,0.7143183617331772,trend,loss,0.002343983774977694,0.002219303786946708
META,2025-05-02 17:35:00+00:00,2025-05-02 17:57:00+00:00,short,600.0,601.25,-0.0020833333333333333,-1.5708333333333333,0.7362213287671624,normal,loss,0.002499833333333375,0.0006159999999999855
META,2025-05-02 18:18:00+00:00,2025-05-02 18:36:00+00:00,short,602.405,603.46,-0.0017513134851139412,-1.4878283712784852,0.6871241669678977,trend,loss,0.0019007146355026633,0.0007553058158546613
META,2025-05-02 19:24:00+00:00,2025-05-02 19:55:00+00:00,short,598.91,597.12,0.0029887629193033408,-0.3028092701741648,0.6801516950614888,trend,loss,0.00041742498872952534,0.0036315974019467943
META,2025-05-05 12:00:00+00:00,2025-05-05 12:07:00+00:00,short,594.0,590.48,0.005925925925925895,0.4314814814814738,1.8663705159734516,trend,win,0.0,0.006734006734006734
META,2025-05-05 13:31:00+00:00,2025-05-05 13:47:00+00:00,long,589.2385,594.93,0.009659076927254253,1.3647692318135634,1.0401548233363727,chop,win,6.533856833862534e-05,0.009659076927254253
META,2025-05-05 16:50:00+00:00,2025-05-05 17:21:00+00:00,short,600.48,600.78,-0.0004996003197441289,-1.1749000799360323,0.9029615378434297,chop,loss,0.0016986410871302653,0.0008743005595523202
META,2025-05-05 18:07:00+00:00,2025-05-05 18:16:00+00:00,short,601.5,599.81,0.0028096425602660924,-0.34758935993347695,1.0313705601680883,normal,loss,0.0001496259351621477,0.0028096425602660924
META,2025-05-05 18:19:00+00:00,2025-05-05 18:26:00+00:00,short,599.71,600.58,-0.0014507011722332535,-1.4126752930583133,0.6841256478064333,trend,loss,0.001734171516232785,4.985743109169068e-05
META,2025-05-05 19:54:00+00:00,2025-05-05 20:19:00+00:00,long,598.49,597.5,-0.0016541629768250248,-1.4635407442062562,0.8533382220934997,trend,loss,0.0016541629768250248,0.0013032799211348104
META,2025-05-06 12:00:00+00:00,2025-05-06 12:51:00+00:00,short,592.21,592.43,-0.0003714898431298249,-1.1428724607824563,5.1090726723738396,normal,loss,0.0005700680501848198,0.001995913611725598
META,2025-05-06 13:04:00+00:00,2025-05-06 13:10:00+00:00,short,592.1787,591.0,0.0019904464648931967,-0.5523883837767007,0.8215973879336724,chop,loss,8.730472744119729e-05,0.0019904464648931967
META,2025-05-06 13:30:00+00:00,2025-05-06 13:43:00+00:00,short,591.28,594.9602,-0.006224123934514974,-2.6060309836287434,2.3000068213872753,trend,loss,0.006477472601813085,0.00236351643891206
META,2025-05-06 14:26:00+00:00,2025-05-06 14:52:00+00:00,short,593.63,590.7475,0.004855718208311659,0.1639295520779147,0.6493454583053935,chop,win,0.00030102926065065603,0.004855718208311659
META,2025-05-06 16:14:00+00:00,2025-05-06 16:44:00+00:00,short,592.64,589.83,0.0047414956803454806,0.13537392008637017,0.7027574525191035,normal,win,0.000590577753779736,0.004817427105831564
META,2025-05-06 17:27:00+00:00,2025-05-06 17:44:00+00:00,short,589.035,586.97,0.0035057339546885006,-0.17356651132787493,0.7869838320277776,trend,loss,0.0004958958296196404,0.0036702403083007733
META,2025-05-06 18:02:00+00:00,2025-05-06 18:22:00+00:00,short,588.5822,589.87,-0.002187969666768824,-1.596992416692206,0.6515460938237537,trend,loss,0.002187969666768824,0.0011930364187023462
META,2025-05-06 19:30:00+00:00,2025-05-06 20:01:00+00:00,short,589.72,587.1,0.004442786407108466,0.06069660177711644,0.7366723644214971,normal,win,0.000847860001356576,0.004442786407108466
META,2025-05-07 12:00:00+00:00,2025-05-07 12:09:00+00:00,short,592.94,591.0,0.003271831888555426,-0.23204202786114347,2.3120679273986715,normal,loss,0.0,0.003271831888555426
META,2025-05-07 13:48:00+00:00,2025-05-07 14:01:00+00:00,short,589.57,591.74,-0.00368064860830768,-1.9701621520769201,0.6178813509411054,normal,loss,0.0037315331512796303,0.0018148820326679613
META,2025-05-07 15:02:00+00:00,2025-05-07 15:33:00+00:00,long,589.8,590.245,0.0007544930484910988,-0.8613767378772252,0.6060476393442619,trend,loss,0.0008816547982366597,0.003950491692099086
META,2025-05-07 16:26:00+00:00,2025-05-07 16:44:00+00:00,short,595.085,596.3785,-0.002173639059966214,-1.5934097649915535,0.6980328492922596,chop,loss,0.002579463437996199,0.0011510960619072219
META,2025-05-07 17:32:00+00:00,2025-05-07 18:03:00+00:00,short,596.41,596.4,1.676698915174277e-05,-1.0458082527120642,0.6787542413094703,trend,loss,0.00211247296323002,0.002012038698210848
META,2025-05-07 19:30:00+00:00,2025-05-07 19:42:00+00:00,long,594.89,601.82,0.011649212459446391,1.8623031148615978,0.6143433839430846,normal,win,0.0010926389752727013,0.011649212459446391
META,2025-05-07 19:43:00+00:00,2025-05-07 20:01:00+00:00,short,601.59,597.01,0.007613158463405377,0.8532896158513441,0.7475115031119451,trend,win,0.0010969264781661816,0.009508136770890518
META,2025-05-08 13:10:00+00:00,2025-05-08 13:36:00+00:00,short,608.0,610.905,-0.004777960526315745,-2.244490131578936,0.7163228716053173,trend,loss,0.005420888157894672,0.0032319078947368944
META,2025-05-08 14:12:00+00:00,2025-05-08 14:43:00+00:00,long,599.45,599.55,0.00016681958461908257,-1.0082951038452292,0.6307842304242068,normal,loss,0.0009006589373592271,0.004886979731420405
META,2025-05-08 15:29:00+00:00,2025-05-08 16:00:00+00:00,short,605.65,605.2882,0.000597374721373758,-0.9006563196565605,0.8621254508288012,trend,loss,0.003318748452076267,0.003434326756377326
META,2025-05-08 18:10:00+00:00,2025-05-08 18:41:00+00:00,short,608.64,608.41,0.00037789169295481434,-0.9555270767612964,1.0727365912852167,normal,loss,0.0010515247108306822,0.0023330704521555587
META,2025-05-08 20:45:00+00:00,2025-05-08 21:17:00+00:00,short,599.58,598.45,0.0018846525901464282,-0.5788368524633929,0.6523139546505584,trend,loss,0.0,0.0018846525901464282
META,2025-05-09 11:26:00+00:00,2025-05-09 12:26:00+00:00,short,603.53,602.64,0.0014746574321077433,-0.6813356419730642,2.7413274761728927,normal,loss,0.00306529915662854,0.0038274816496279315
META,2025-05-09 13:56:00+00:00,2025-05-09 14:19:00+00:00,long,599.7,597.715,-0.0033099883274971043,-1.8774970818742762,0.7254173193406673,trend,loss,0.0034684008671002848,0.0036351509087876434
META,2025-05-09 15:18:00+00:00,2025-05-09 15:49:00+00:00,short,598.64,598.36,0.0004677268475210021,-0.9330682881197495,0.6005005126266335,trend,loss,0.0014031805425631964,0.0025481090471735778
META,2025-05-09 16:12:00+00:00,2025-05-09 16:43:00+00:00,long,595.97,597.19,0.0020470829068577733,-0.5382292732855567,0.7139099075401061,trend,loss,0.001048207124519817,0.0026679195261505076
META,2025-05-09 17:19:00+00:00,2025-05-09 17:50:00+00:00,short,595.425,594.9,0.0008817231389343365,-0.8295692152664158,0.9472971711143254,normal,loss,0.0006465969685518595,0.002275685434773321
META,2025-05-09 19:09:00+00:00,2025-05-09 19:40:00+00:00,short,594.0901,594.18,-0.00015132384801555058,-1.0878309620038877,0.7801291294613572,trend,loss,0.001329427977338814,0.0013457554670578862
META,2025-05-12 08:32:00+00:00,2025-05-12 08:54:00+00:00,short,627.55,629.36,-0.002884232332085187,-1.771058083021297,0.7074770927892899,trend,loss,0.002979842243645932,0.002246832921679497
META,2025-05-12 10:01:00+00:00,2025-05-12 10:23:00+00:00,short,633.01,634.5,-0.002353833272776116,-1.638458318194029,0.725788687922142,normal,loss,0.002353833272776116,0.0018167169554982976
META,2025-05-12 10:25:00+00:00,2025-05-12 10:38:00+00:00,short,634.6,632.3,0.0036243302867949388,-0.1439174283012653,0.8594614655342263,chop,loss,6.30318310746354e-05,0.0036243302867949388
META,2025-05-12 11:00:00+00:00,2025-05-12 11:13:00+00:00,long,629.0,627.25,-0.0027821939586645467,-1.7455484896661368,1.1512199142136055,trend,loss,0.0027821939586645467,0.001589825119236884
META,2025-05-12 13:17:00+00:00,2025-05-12 13:26:00+00:00,short,628.22,629.86,-0.0026105504441119136,-1.7026376110279784,0.7155158325654765,trend,loss,0.0031517621215498043,0.0013052752220560472
META,2025-05-12 13:54:00+00:00,2025-05-12 14:07:00+00:00,short,625.8,628.935,-0.005009587727708519,-2.30239693192713,0.6492614195314246,normal,loss,0.005113454777884381,0.0031240012783635782
META,2025-05-12 15:26:00+00:00,2025-05-12 15:36:00+00:00,short,632.0,633.52,-0.0024050632911392115,-1.651265822784803,0.6173520702881344,trend,loss,0.0026424050632910747,0.0017879746835442966
META,2025-05-12 15:55:00+00:00,2025-05-12 16:06:00+00:00,short,630.9574,632.36,-0.002222970996140162,-1.6057427490350404,0.7620596735800447,trend,loss,0.002222970996140162,0.0018105818237490396
META,2025-05-12 16:33:00+00:00,2025-05-12 16:46:00+00:00,short,633.87,635.89,-0.0031867733131398894,-1.8466933282849722,0.6636330939264374,trend,loss,0.0031867733131398894,0.00042595484878599996
META,2025-05-12 16:48:00+00:00,2025-05-12 17:06:00+00:00,short,635.89,637.2399,-0.002122851436569293,-1.5807128591423232,0.7105984895875661,normal,loss,0.0023079463429210418,0.00023588985516359318
META,2025-05-12 19:35:00+00:00,2025-05-12 19:50:00+00:00,short,638.515,639.91,-0.0021847568185555262,-1.5961892046388817,0.8599654448126087,normal,loss,0.002247402175360108,0.0005638082112401645
META,2025-05-12 20:42:00+00:00,2025-05-12 21:36:00+00:00,short,640.0,639.5,0.00078125,-0.8546875,0.8881949094692847,chop,loss,0.0,0.00078125
META,2025-05-12 23:59:00+00:00,2025-05-13 08:02:00+00:00,short,639.49,634.88,0.007208869567936971,0.7522173919842425,0.9020956275286515,normal,win,0.0,0.007208869567936971
META,2025-05-13 12:30:00+00:00,2025-05-13 13:02:00+00:00,short,646.51,644.89,0.00250576170515538,-0.42355957371115505,1.6005181964560096,normal,loss,0.0015312988198171863,0.0045010904703716385
META,2025-05-13 13:05:00+00:00,2025-05-13 13:16:00+00:00,short,645.25,647.18,-0.002991088725300194,-1.7977721813250485,0.987601269375494,normal,loss,0.002991088725300194,0.0003425029058504512
META,2025-05-13 13:30:00+00:00,2025-05-13 13:36:00+00:00,short,645.105,648.42,-0.005138698351431071,-2.3346745878577675,1.2207097886749998,chop,loss,0.00594476868106748,0.0009998372357987952
META,2025-05-13 15:40:00+00:00,2025-05-13 16:11:00+00:00,short,659.535,657.43,0.00319164259667799,-0.25208935083050255,0.7089383171346384,trend,loss,0.0020999643688356055,0.0032560819365157617
META,2025-05-13 17:09:00+00:00,2025-05-13 17:28:00+00:00,short,658.11,655.8,0.003510051511145643,-0.1724871222135893,0.6551432118654391,trend,loss,0.0003646806764826687,0.003510051511145643
META,2025-05-13 19:23:00+00:00,2025-05-13 19:54:00+00:00,short,659.695,656.96,0.00414585528160743,-0.013536179598142573,0.647194646879241,trend,loss,0.001083834196105652,0.00414585528160743
META,2025-05-13 20:00:00+00:00,2025-05-13 20:24:00+00:00,short,656.04,654.5101,0.002332022437656237,-0.4669943905859407,2.015367260152999,chop,loss,0.0,0.002332022437656237
META,2025-05-14 12:00:00+00:00,2025-05-14 12:42:00+00:00,short,662.55,661.68,0.001313108444645694,-0.7217228888385765,1.1300848281250508,normal,loss,0.0014337031167460125,0.0020979548713304453
META,2025-05-14 13:30:00+00:00,2025-05-14 13:48:00+00:00,short,661.59,655.735,0.008849891927024317,1.1624729817560793,1.0692221239816717,chop,win,0.0016324309617737982,0.008849891927024317
META,2025-05-14 14:23:00+00:00,2025-05-14 14:51:00+00:00,short,657.21,658.8,-0.002419318026201546,-1.6548295065503864,0.8344272025074342,normal,loss,0.002419318026201546,0.0020996332983369403
META,2025-05-14 17:04:00+00:00,2025-05-14 17:16:00+00:00,short,657.81,656.08,0.0026299387361090657,-0.3925153159727336,0.7962308976204298,normal,loss,0.00010671774524558737,0.0026299387361090657
META,2025-05-14 18:34:00+00:00,2025-05-14 19:03:00+00:00,short,660.35,658.5,0.0028015446354206445,-0.34961384114483895,0.6755433027305787,trend,loss,0.00023926705534945932,0.0028015446354206445
META,2025-05-14 19:13:00+00:00,2025-05-14 19:34:00+00:00,short,659.14,657.36,0.002700488515338127,-0.37487787116546833,0.8217593331720064,trend,loss,0.000151712837940381,0.002973419910792772
META,2025-05-14 19:50:00+00:00,2025-05-14 20:42:00+00:00,short,659.03,658.63,0.0006069526425200329,-0.8982618393699918,0.9686327388067054,normal,loss,0.0014718601581112049,0.0007283431710241085
META,2025-05-15 12:00:00+00:00,2025-05-15 12:06:00+00:00,short,655.52,649.25,0.009564925555284327,1.341231388821082,1.5954821551620353,trend,win,0.0,0.009793751525506406
META,2025-05-15 14:47:00+00:00,2025-05-15 15:02:00+00:00,short,648.83,650.615,-0.0027511058366597846,-1.7377764591649463,0.6530870619064179,trend,loss,0.0029745850222707795,0.00188801380947247
META,2025-05-15 15:17:00+00:00,2025-05-15 15:44:00+00:00,short,651.06,652.3,-0.0019045863668479238,-1.526146591711981,0.7416172732992791,trend,loss,0.002185973642982314,0.0015513163149325577
META,2025-05-15 16:00:00+00:00,2025-05-15 16:31:00+00:00,short,652.31,652.36,-7.66506722265e-05,-1.069162668056625,0.8821655672206026,trend,loss,0.0006745259155923635,0.0013948889331759338
META,2025-05-15 19:50:00+00:00,2025-05-15 20:11:00+00:00,short,645.425,642.8,0.004067087577952512,-0.033228105511872164,0.7254199573793781,trend,loss,0.0,0.004438935585079613
META,2025-05-16 12:00:00+00:00,2025-05-16 12:31:00+00:00,short,643.5,642.24,0.0019580419580419437,-0.560489510489514,1.9926624015798116,normal,loss,0.0006216006216005863,0.0027816627816627253
META,2025-05-16 14:18:00+00:00,2025-05-16 14:28:00+00:00,short,637.64,633.435,0.006594630198858354,0.5986575497145885,0.6874371450662613,normal,win,0.0008625556740481592,0.006594630198858354
META,2025-05-16 16:03:00+00:00,2025-05-16 16:34:00+00:00,short,634.4,634.705,-0.00048076923076933114,-1.1701923076923328,0.8886166745107253,trend,loss,0.0017339218158890649,0.0029791929382093105
META,2025-05-16 17:35:00+00:00,2025-05-16 17:49:00+00:00,short,635.16,633.5476,0.002538572957994804,-0.4153567605012991,1.0551231910804644,normal,loss,0.0004565778701430778,0.002538572957994804
META,2025-05-16 18:01:00+00:00,2025-05-16 18:12:00+00:00,short,633.94,635.2929,-0.002134113638514649,-1.5835284096286624,0.7128233410899445,trend,loss,0.002134113638514649,0.00025033914881545115
META,2025-05-16 18:48:00+00:00,2025-05-16 19:06:00+00:00,short,639.25,640.1787,-0.0014527962456003893,-1.4131990614000973,0.8277435567200806,trend,loss,0.0016425498631207735,0.0003128666405945178
META,2025-05-16 20:00:00+00:00,2025-05-16 20:24:00+00:00,short,640.2576,638.6,0.002588957944427371,-0.40276051389315726,0.6762451195071614,trend,loss,0.0008159215915593158,0.002588957944427371
META,2025-05-19 12:00:00+00:00,2025-05-19 12:06:00+00:00,short,628.25,629.69,-0.0022920811778751366,-1.6230202944687842,1.613581939080784,normal,loss,0.0022920811778751366,0.0
META,2025-05-19 14:42:00+00:00,2025-05-19 15:11:00+00:00,short,638.6387,639.8909,-0.00196073304044997,-1.5401832601124925,0.6436931740093749,trend,loss,0.00196073304044997,0.0015011617679918578
META,2025-05-19 15:18:00+00:00,2025-05-19 15:38:00+00:00,short,640.52,641.7,-0.0018422531693000432,-1.5105632923250107,0.9225412801019329,chop,loss,0.0020920502092050706,0.001561231499406732
META,2025-05-19 19:22:00+00:00,2025-05-19 19:53:00+00:00,short,640.26,639.655,0.0009449286227470375,-0.8137678443132406,0.6669318398147006,normal,loss,0.00045294099272165,0.0024833661325087183
META,2025-05-19 19:54:00+00:00,2025-05-19 21:23:00+00:00,short,639.995,639.1201,0.0013670419300151175,-0.7082395174962206,0.6790433811797744,trend,loss,0.001367198181235791,0.0018368893506981012
META,2025-05-20 12:00:00+00:00,2025-05-20 12:06:00+00:00,short,638.0,639.17,-0.0018338557993729766,-1.5084639498432442,1.8336343230345895,normal,loss,0.0018338557993729766,0.0
META,2025-05-20 15:50:00+00:00,2025-05-20 15:56:00+00:00,short,637.31,637.9957,-0.0010759285120272878,-1.318982128006822,0.6042532322163852,normal,loss,0.0012395851312549267,0.0002118278388853006
META,2025-05-20 16:55:00+00:00,2025-05-20 17:17:00+00:00,short,639.18,638.01,0.0018304702900590745,-0.5923824274852314,0.6462801015972893,trend,loss,0.00018774054257017516,0.0018774054257015738
META,2025-05-20 17:22:00+00:00,2025-05-20 17:34:00+00:00,short,637.84,635.72,0.0033237175467201877,-0.21907061331995314,0.6199116828197487,trend,loss,0.0002822024332120124,0.0033237175467201877
META,2025-05-20 18:03:00+00:00,2025-05-20 18:22:00+00:00,short,636.5164,634.7,0.002853657816200699,-0.33658554594982526,0.8408161271429033,chop,loss,0.00028985898870802223,0.002853657816200699
META,2025-05-20 18:46:00+00:00,2025-05-20 18:57:00+00:00,short,633.71,634.63,-0.0014517681589369886,-1.4129420397342471,0.7395185818730824,trend,loss,0.0014833283363051566,0.0
META,2025-05-20 18:59:00+00:00,2025-05-20 19:26:00+00:00,short,634.45,635.4,-0.001497359918039139,-1.4243399795097846,0.6371487581472305,normal,loss,0.0015761683347781542,0.002734652060840119
META,2025-05-21 12:00:00+00:00,2025-05-21 13:01:00+00:00,short,633.0,631.42,0.0024960505529226557,-0.42598736176933616,2.8223674633547184,trend,loss,0.00041074249605053856,0.0024960505529226557
META,2025-05-21 14:01:00+00:00,2025-05-21 14:22:00+00:00,short,639.865,641.3453,-0.002313456744782013,-1.6283641861955034,1.52234967353859,trend,loss,0.0027896509419955274,0.00038289326654841966
META,2025-05-21 15:24:00+00:00,2025-05-21 15:47:00+00:00,short,645.01,642.84,0.003364288925753026,-0.20892776856174355,0.6142812744104101,normal,loss,0.0005503790638905105,0.0034030480147593622
META,2025-05-21 16:47:00+00:00,2025-05-21 16:56:00+00:00,short,642.65,640.87,0.002769781373998246,-0.3575546565004386,0.6836019575581022,normal,loss,0.00015560569516847854,0.002769781373998246
META,2025-05-22 08:18:00+00:00,2025-05-22 11:15:00+00:00,short,639.44,637.29,0.003362317027399116,-0.20942074315022108,0.61070908162714,trend,loss,0.0,0.004050419116727186
