sym,date,gap_pct,gap_bucket,rvol,ret_2h
AAPL,2022-01-28,4.086,gap_2plus,1.84,2.3067
AAPL,2022-09-12,1.431,gap_1_2,1.54,1.6806
AAPL,2024-01-18,1.932,gap_1_2,1.62,0.5068
ABBV,2023-02-09,2.657,gap_2plus,2.17,2.1184
ABBV,2023-07-27,1.769,gap_1_2,2.68,1.3607
ABBV,2023-10-30,1.224,gap_1_2,2.45,1.7369
ABBV,2024-02-02,1.044,gap_1_2,1.71,0.8169
ABBV,2024-08-01,1.351,gap_1_2,1.55,0.8663
ABBV,2024-10-30,1.144,gap_1_2,2.71,4.1476
ABNB,2022-02-15,1.885,gap_1_2,1.61,0.722
ABNB,2022-05-04,5.207,gap_2plus,4.19,-5.0039
ABNB,2022-06-24,2.372,gap_2plus,1.86,3.6841
ABNB,2022-11-01,3.741,gap_2plus,2.25,-2.34
ABNB,2023-02-13,1.029,gap_1_2,1.51,3.1654
ABNB,2023-02-15,7.577,gap_2plus,6.18,2.2424
ABNB,2023-04-18,3.133,gap_2plus,1.54,-0.8059
ABNB,2023-09-05,6.368,gap_2plus,5.49,0.4747
ABNB,2023-11-03,2.147,gap_2plus,1.73,-0.1872
ABNB,2024-01-18,1.497,gap_1_2,1.52,0.7881
ABNB,2024-05-03,2.192,gap_2plus,1.53,0.0555
ABNB,2024-08-06,1.208,gap_1_2,2.13,0.5369
ABNB,2024-09-17,1.999,gap_1_2,1.84,1.5457
ABNB,2024-09-19,4.492,gap_2plus,2.17,1.4479
ABT,2023-01-09,1.059,gap_1_2,1.77,0.6465
ABT,2023-04-19,4.213,gap_2plus,2.73,1.3614
ABT,2023-10-18,4.175,gap_2plus,3.39,1.5319
ABT,2024-10-16,1.651,gap_1_2,1.9,-1.0593
ACN,2023-03-23,2.53,gap_2plus,2.16,4.0758
ACN,2023-09-29,1.237,gap_1_2,1.58,0.343
ACN,2023-12-20,1.205,gap_1_2,1.67,-1.3768
ACN,2024-11-06,2.967,gap_2plus,1.51,-0.0433
ACN,2024-12-19,5.071,gap_2plus,3.36,-0.527
ADSK,2022-06-23,2.377,gap_2plus,1.55,4.2276
ADSK,2023-02-27,1.22,gap_1_2,1.74,1.0271
ADSK,2023-05-26,1.604,gap_1_2,2.52,-1.3502
ADSK,2023-07-21,1.014,gap_1_2,1.68,-0.8467
ADSK,2024-06-03,8.74,gap_2plus,5.4,-2.1539
ADSK,2024-06-12,3.818,gap_2plus,1.78,2.5888
ADSK,2024-08-06,2.118,gap_2plus,1.52,0.0938
ADSK,2024-08-29,1.089,gap_1_2,2.21,1.3809
ADSK,2024-08-30,4.635,gap_2plus,3.09,-3.9568
ADSK,2024-09-03,1.451,gap_1_2,1.69,-0.0552
AMAT,2022-01-13,2.775,gap_2plus,1.83,-1.4514
AMAT,2022-01-19,1.269,gap_1_2,1.54,-6.0114
AMAT,2022-10-20,1.43,gap_1_2,1.54,3.8615
AMAT,2023-02-28,3.76,gap_2plus,2.02,-1.0493
AMAT,2023-05-25,4.554,gap_2plus,1.73,0.5632
AMAT,2024-01-18,3.453,gap_2plus,1.67,0.6356
AMAT,2024-01-19,1.387,gap_1_2,1.85,0.8631
AMAT,2024-01-24,2.577,gap_2plus,2.07,1.7075
AMAT,2024-02-09,3.085,gap_2plus,1.78,0.9831
AMAT,2024-06-05,4.011,gap_2plus,1.96,0.898
AMAT,2024-07-31,5.253,gap_2plus,1.88,0.5942
AMAT,2024-11-14,2.271,gap_2plus,1.59,-1.0122
AMD,2022-11-02,5.599,gap_2plus,1.54,-2.2945
AMD,2023-01-23,3.09,gap_2plus,1.74,4.3526
AMD,2023-02-01,4.355,gap_2plus,2.88,1.9679
AMD,2023-05-10,1.42,gap_1_2,1.62,1.9805
AMD,2023-12-07,3.368,gap_2plus,2.67,3.2179
AMD,2023-12-11,1.272,gap_1_2,2.0,0.8906
AMD,2024-01-18,3.791,gap_2plus,2.12,-2.4988
AMD,2024-01-19,1.924,gap_1_2,2.09,-0.2086
AMD,2024-01-24,2.47,gap_2plus,1.69,3.1696
AMD,2024-05-23,2.772,gap_2plus,2.03,-4.609
AMD,2024-07-10,1.643,gap_1_2,1.86,1.4796
AMD,2024-07-31,8.872,gap_2plus,2.14,-5.1194
AMZN,2022-11-10,7.888,gap_2plus,1.82,3.6954
AMZN,2023-04-21,2.226,gap_2plus,1.81,0.6531
AMZN,2023-08-04,9.41,gap_2plus,3.12,0.7409
AMZN,2023-10-27,5.457,gap_2plus,2.57,0.9537
AMZN,2024-08-01,1.225,gap_1_2,1.54,-1.4488
APH,2022-04-28,1.626,gap_1_2,1.59,0.3768
APH,2022-12-13,2.316,gap_2plus,1.87,-0.0754
APH,2023-07-27,1.016,gap_1_2,2.27,1.127
APH,2024-01-24,3.223,gap_2plus,3.66,0.8821
APH,2024-07-26,2.35,gap_2plus,1.84,1.6509
APH,2024-10-23,1.726,gap_1_2,2.23,-2.3782
APH,2024-10-24,1.523,gap_1_2,1.5,-0.117
APP,2022-05-10,4.174,gap_2plus,2.78,-14.2456
APP,2022-05-12,17.775,gap_2plus,7.6,14.7556
APP,2022-11-10,13.62,gap_2plus,4.38,6.2667
APP,2022-11-15,5.74,gap_2plus,1.71,-4.6683
APP,2022-12-13,6.966,gap_2plus,1.87,-8.3767
APP,2023-02-02,4.491,gap_2plus,2.13,-1.0939
APP,2023-05-10,2.366,gap_2plus,1.88,-0.5612
APP,2023-05-11,22.219,gap_2plus,6.24,1.0054
APP,2023-05-17,6.512,gap_2plus,1.7,0.2032
APP,2023-07-27,2.02,gap_2plus,1.78,-0.2452
APP,2023-08-04,1.734,gap_1_2,2.01,0.8861
APP,2023-11-07,1.446,gap_1_2,2.57,1.7387
APP,2024-01-22,3.185,gap_2plus,4.14,-0.1048
APP,2024-01-23,1.615,gap_1_2,2.31,-0.1363
APP,2024-01-24,1.52,gap_1_2,1.55,-3.0903
APP,2024-04-26,2.117,gap_2plus,1.75,1.5507
APP,2024-08-06,2.755,gap_2plus,1.71,0.727
APP,2024-09-11,1.548,gap_1_2,2.66,3.5599
APP,2024-09-13,1.061,gap_1_2,2.53,2.48
APP,2024-09-17,1.617,gap_1_2,2.41,3.2386
APP,2024-11-07,36.466,gap_2plus,5.26,2.7221
APP,2024-11-08,1.022,gap_1_2,3.49,5.5127
ARM,2024-01-18,3.063,gap_2plus,1.7,2.0734
ARM,2024-02-08,22.594,gap_2plus,16.24,19.0484
ARM,2024-03-26,1.973,gap_1_2,2.05,-2.9298
ARM,2024-04-22,3.225,gap_2plus,1.61,0.291
ARM,2024-05-10,2.589,gap_2plus,1.52,0.4605
ARM,2024-06-12,1.504,gap_1_2,2.02,0.8693
ARM,2024-06-13,1.18,gap_1_2,1.72,-2.7484
ARM,2024-06-14,1.202,gap_1_2,2.4,-1.9226
ARM,2024-09-11,1.556,gap_1_2,1.74,1.339
ARM,2024-09-13,2.063,gap_2plus,1.75,3.0223
ARM,2024-12-13,2.101,gap_2plus,2.03,-0.1235
AVGO,2023-03-03,3.042,gap_2plus,2.67,1.2708
AVGO,2023-05-23,1.841,gap_1_2,2.06,1.3645
AVGO,2023-08-21,1.003,gap_1_2,1.64,1.1896
AVGO,2023-08-24,2.977,gap_2plus,1.65,-2.0367
AVGO,2023-11-10,1.152,gap_1_2,1.8,1.5508
AVGO,2024-01-19,1.137,gap_1_2,2.28,1.248
AVGO,2024-01-24,1.287,gap_1_2,1.55,1.2317
AVGO,2024-02-22,4.314,gap_2plus,1.7,0.9684
AVGO,2024-03-01,1.938,gap_1_2,2.22,2.7131
AVGO,2024-03-07,2.368,gap_2plus,2.22,-0.1398
AVGO,2024-03-21,4.069,gap_2plus,2.36,4.6448
AVGO,2024-06-05,1.096,gap_1_2,1.58,3.4081
AVGO,2024-06-13,14.628,gap_2plus,3.98,-2.0362
AVGO,2024-06-17,3.722,gap_2plus,3.02,-0.5758
AVGO,2024-12-11,4.737,gap_2plus,1.99,1.9517
AVGO,2024-12-13,18.325,gap_2plus,6.86,-0.616
AXP,2022-01-25,6.165,gap_2plus,3.94,0.9507
AXP,2022-01-26,2.311,gap_2plus,1.95,-1.7302
AXP,2023-01-27,6.998,gap_2plus,5.75,2.6549
AXP,2023-01-30,1.436,gap_1_2,3.35,0.8233
AXP,2023-03-14,2.461,gap_2plus,2.04,0.7663
AXP,2024-01-26,2.371,gap_2plus,5.72,3.1576
AXP,2024-04-15,1.667,gap_1_2,1.59,-1.327
AXP,2024-11-06,4.299,gap_2plus,2.18,-0.2535
BAC,2022-07-15,1.727,gap_1_2,1.65,2.3314
BAC,2022-08-10,1.73,gap_1_2,1.57,1.7617
BAC,2022-10-17,5.094,gap_2plus,2.02,-1.0461
BAC,2022-10-18,4.024,gap_2plus,1.83,-1.6954
BAC,2023-03-14,5.023,gap_2plus,3.01,-2.9916
BAC,2023-04-18,1.359,gap_1_2,1.7,-1.4286
BAC,2023-06-29,1.497,gap_1_2,1.63,-0.0376
BAC,2023-07-18,2.054,gap_2plus,2.29,1.3899
BAC,2024-07-16,1.449,gap_1_2,2.71,1.2858
BAC,2024-10-11,1.327,gap_1_2,1.69,2.6122
BKNG,2022-02-11,2.118,gap_2plus,1.52,-0.9565
BKNG,2022-06-21,2.332,gap_2plus,1.59,-0.8681
BKNG,2022-11-03,4.276,gap_2plus,2.3,-2.0156
BKNG,2023-11-02,1.58,gap_1_2,2.01,-0.1357
BKNG,2024-02-08,1.087,gap_1_2,1.92,1.1436
BKNG,2024-02-26,1.485,gap_1_2,1.57,-1.1705
BKNG,2024-09-19,1.766,gap_1_2,1.94,-1.4094
BKNG,2024-10-31,5.993,gap_2plus,4.72,-2.5092
BLK,2022-02-09,1.628,gap_1_2,1.69,0.2036
BLK,2022-03-09,2.263,gap_2plus,1.63,1.1798
BLK,2022-07-15,1.229,gap_1_2,1.67,1.2418
BLK,2023-01-06,1.736,gap_1_2,2.24,2.1181
BLK,2023-04-14,1.393,gap_1_2,2.12,1.5069
BLK,2023-10-19,1.442,gap_1_2,1.83,-0.2445
BLK,2024-11-06,3.124,gap_2plus,2.72,-1.0866
BLK,2024-11-14,1.018,gap_1_2,1.71,0.9656
BSX,2022-06-15,2.411,gap_2plus,1.7,-0.5763
BSX,2022-07-27,6.964,gap_2plus,2.63,-0.6658
BSX,2022-10-26,1.598,gap_1_2,2.93,2.0312
BSX,2023-04-19,1.26,gap_1_2,1.52,0.1814
BSX,2023-07-27,1.488,gap_1_2,1.99,-2.9123
BSX,2023-08-28,4.786,gap_2plus,2.87,-0.8642
BSX,2023-12-29,1.27,gap_1_2,2.19,0.4689
BSX,2024-02-01,1.945,gap_1_2,1.68,-0.4805
BSX,2024-04-24,6.015,gap_2plus,2.72,0.0839
BSX,2024-10-24,1.04,gap_1_2,1.79,-1.9747
CAT,2022-10-27,6.778,gap_2plus,2.81,0.5463
CAT,2022-12-21,1.083,gap_1_2,1.71,0.9369
CAT,2023-06-02,2.818,gap_2plus,3.26,3.2571
CAT,2023-10-30,1.034,gap_1_2,1.88,-0.1287
CAT,2023-11-02,1.711,gap_1_2,1.86,-0.4831
CAT,2024-06-12,1.795,gap_1_2,1.67,-1.646
CAT,2024-09-19,2.177,gap_2plus,2.35,1.638
CAT,2024-11-06,5.665,gap_2plus,2.66,0.5628
CL,2024-07-29,1.405,gap_1_2,1.56,-0.4852
COIN,2022-03-28,3.471,gap_2plus,1.53,2.5996
COIN,2022-04-21,3.29,gap_2plus,1.63,-8.1211
COIN,2022-05-10,4.192,gap_2plus,4.49,-15.8187
COIN,2022-07-18,5.298,gap_2plus,1.72,4.9384
COIN,2022-07-19,3.733,gap_2plus,1.5,4.4282
COIN,2022-07-20,1.961,gap_1_2,2.56,12.1586
COIN,2022-08-03,2.761,gap_2plus,1.75,10.8893
COIN,2022-08-04,31.027,gap_2plus,3.32,-16.8578
COIN,2022-11-04,8.097,gap_2plus,1.68,-4.3304
COIN,2022-11-10,11.242,gap_2plus,1.85,0.6221
COIN,2023-01-09,5.805,gap_2plus,1.64,7.2102
COIN,2023-01-12,3.118,gap_2plus,1.52,-1.7619
COIN,2023-02-02,4.138,gap_2plus,2.49,10.9732
COIN,2023-02-22,1.163,gap_1_2,1.6,-9.0211
COIN,2023-05-05,9.707,gap_2plus,1.7,2.7357
COIN,2023-06-27,3.029,gap_2plus,1.53,2.6452
COIN,2023-10-16,5.678,gap_2plus,2.02,-5.1651
COIN,2023-10-24,7.837,gap_2plus,3.35,0.4253
COIN,2023-11-28,1.995,gap_1_2,1.8,2.4135
COIN,2024-01-11,5.045,gap_2plus,2.17,-7.5156
COIN,2024-02-14,7.983,gap_2plus,1.63,1.9034
COIN,2024-02-16,14.126,gap_2plus,2.9,-1.0198
COIN,2024-02-28,5.115,gap_2plus,1.88,-0.1047
COIN,2024-07-15,5.196,gap_2plus,2.25,3.259
COIN,2024-08-20,2.274,gap_2plus,1.69,-5.4481
COIN,2024-09-26,2.119,gap_2plus,1.96,3.2775
COIN,2024-09-27,1.768,gap_1_2,1.52,2.03
COIN,2024-10-14,2.841,gap_2plus,2.31,7.1966
COIN,2024-10-18,1.925,gap_1_2,1.5,3.2606
COIN,2024-11-06,14.076,gap_2plus,3.12,7.4399
COIN,2024-11-13,1.843,gap_1_2,1.87,-5.5276
CRM,2022-03-01,1.275,gap_1_2,1.58,-1.0371
CRM,2022-04-21,1.355,gap_1_2,1.64,-2.6523
CRM,2022-04-28,3.898,gap_2plus,1.72,-0.4919
CRM,2022-06-01,10.593,gap_2plus,5.11,-1.035
CRM,2023-07-19,2.78,gap_2plus,1.58,1.3148
CRM,2023-11-29,1.646,gap_1_2,2.72,0.1954
CRM,2024-01-11,1.503,gap_1_2,1.95,-0.3253
CRM,2024-09-19,3.319,gap_2plus,2.12,2.0921
CRM,2024-11-06,2.509,gap_2plus,1.69,0.2051
CRM,2024-11-13,1.334,gap_1_2,1.59,0.1058
CRWD,2022-02-28,3.192,gap_2plus,2.37,3.5809
CRWD,2022-03-01,3.093,gap_2plus,1.92,1.636
CRWD,2022-04-12,4.997,gap_2plus,1.88,-0.5465
CRWD,2022-05-20,6.401,gap_2plus,1.76,-1.816
CRWD,2022-08-30,2.208,gap_2plus,2.18,-2.5627
CRWD,2022-11-10,8.227,gap_2plus,1.54,1.5191
CRWD,2022-11-18,5.123,gap_2plus,1.53,-1.8085
CRWD,2023-01-09,2.46,gap_2plus,1.61,0.4807
CRWD,2023-05-08,2.891,gap_2plus,1.89,1.3881
CRWD,2023-05-30,3.517,gap_2plus,1.92,-0.6177
CRWD,2023-09-21,2.441,gap_2plus,1.78,-5.363
CRWD,2023-11-29,3.588,gap_2plus,4.86,4.5184
CRWD,2024-01-08,1.778,gap_1_2,1.59,1.6272
CRWD,2024-01-09,1.577,gap_1_2,2.46,1.8117
CRWD,2024-06-10,5.165,gap_2plus,4.11,1.4473
CRWD,2024-07-23,1.917,gap_1_2,4.81,1.0771
CVX,2022-01-25,1.764,gap_1_2,1.65,1.9369
CVX,2022-01-27,1.337,gap_1_2,1.6,0.9411
CVX,2022-03-10,1.483,gap_1_2,1.77,1.9186
CVX,2022-07-29,4.12,gap_2plus,2.02,3.2917
CVX,2023-04-03,4.11,gap_2plus,1.65,-0.7646
CVX,2023-05-23,1.124,gap_1_2,1.61,1.4358
CVX,2023-07-24,1.115,gap_1_2,1.71,1.8997
CVX,2023-07-31,1.457,gap_1_2,1.73,0.5875
DASH,2022-08-04,1.914,gap_1_2,1.82,-0.8547
DASH,2022-09-09,1.129,gap_1_2,1.84,4.8933
DASH,2022-11-04,13.526,gap_2plus,3.43,-3.1709
DASH,2023-02-15,3.035,gap_2plus,2.08,5.0229
DASH,2023-05-02,2.139,gap_2plus,1.72,-0.7469
DASH,2023-05-05,3.47,gap_2plus,3.07,-3.2846
DASH,2023-07-28,1.848,gap_1_2,2.03,2.8516
DASH,2023-11-02,12.005,gap_2plus,3.75,0.447
DASH,2023-12-11,2.32,gap_2plus,2.04,-0.8679
DASH,2024-02-22,6.573,gap_2plus,1.5,-1.5295
DASH,2024-10-31,5.846,gap_2plus,2.7,-0.2355
DDOG,2022-01-26,5.694,gap_2plus,1.59,-1.1934
DDOG,2022-04-22,1.602,gap_1_2,1.54,-1.9635
DDOG,2022-05-10,4.088,gap_2plus,1.52,-6.8709
DDOG,2022-05-17,3.262,gap_2plus,1.72,-8.3571
DDOG,2022-07-27,5.178,gap_2plus,1.54,2.0134
DDOG,2022-10-20,3.405,gap_2plus,1.55,5.7496
DDOG,2022-12-13,7.932,gap_2plus,1.51,-2.2538
DDOG,2023-01-26,3.435,gap_2plus,1.73,-1.555
DDOG,2023-02-01,1.791,gap_1_2,1.72,0.0065
DDOG,2023-02-02,4.825,gap_2plus,1.6,0.2647
DDOG,2023-05-04,6.89,gap_2plus,3.13,4.8228
DDOG,2023-05-10,3.593,gap_2plus,2.0,0.7688
DDOG,2023-07-12,3.111,gap_2plus,1.69,0.1409
DDOG,2023-07-25,3.848,gap_2plus,1.88,0.8355
DDOG,2023-11-02,2.148,gap_2plus,1.84,-5.3666
DDOG,2023-11-07,24.344,gap_2plus,6.78,0.9776
DDOG,2023-12-14,1.467,gap_1_2,1.72,-1.9406
DDOG,2024-02-02,3.982,gap_2plus,1.75,0.8991
DDOG,2024-04-11,1.558,gap_1_2,2.42,1.4861
DDOG,2024-04-23,2.851,gap_2plus,2.0,0.3966
DDOG,2024-05-08,1.437,gap_1_2,1.86,1.7217
DDOG,2024-06-12,2.054,gap_2plus,1.65,0.2329
DDOG,2024-06-13,1.125,gap_1_2,1.53,-0.5962
DDOG,2024-08-08,6.437,gap_2plus,2.56,-3.7111
DDOG,2024-10-04,1.727,gap_1_2,2.12,1.1743
DDOG,2024-10-08,1.095,gap_1_2,1.52,0.0161
DDOG,2024-11-21,4.851,gap_2plus,2.03,1.0927
DDOG,2024-11-22,3.24,gap_2plus,3.04,1.118
DDOG,2024-12-04,2.033,gap_2plus,1.77,2.691
DHR,2022-07-21,7.747,gap_2plus,2.38,0.6621
DHR,2022-09-15,2.406,gap_2plus,1.9,-0.336
DHR,2023-04-18,1.462,gap_1_2,1.72,-1.321
DHR,2023-10-02,1.158,gap_1_2,2.84,-2.7753
DHR,2023-12-14,1.748,gap_1_2,1.96,-1.736
DHR,2024-01-26,4.059,gap_2plus,2.67,1.0273
DHR,2024-01-30,4.298,gap_2plus,2.12,-0.6459
ENPH,2022-01-04,1.681,gap_1_2,1.74,-7.7874
ENPH,2022-04-27,10.187,gap_2plus,3.37,-2.5877
ENPH,2022-07-27,8.828,gap_2plus,4.12,5.052
ENPH,2022-07-28,6.527,gap_2plus,2.88,0.2819
ENPH,2022-09-06,1.431,gap_1_2,1.55,3.2942
ENPH,2023-01-09,1.177,gap_1_2,1.51,-1.2694
ENPH,2023-02-08,8.053,gap_2plus,3.22,-4.5444
ENPH,2023-03-20,3.121,gap_2plus,1.52,1.9813
ENPH,2023-03-21,2.259,gap_2plus,1.59,4.6162
ENPH,2023-04-27,1.698,gap_1_2,2.11,-1.3812
ENPH,2023-09-19,1.98,gap_1_2,1.95,1.8343
ENPH,2023-12-19,2.097,gap_2plus,2.16,1.9602
ENPH,2024-02-07,18.932,gap_2plus,4.25,-3.4837
ENPH,2024-03-27,1.235,gap_1_2,1.59,4.4868
ENPH,2024-04-04,1.677,gap_1_2,1.66,2.5556
ENPH,2024-07-11,4.88,gap_2plus,1.59,-1.0821
ENPH,2024-07-24,5.474,gap_2plus,3.79,6.7092
ENPH,2024-10-24,1.569,gap_1_2,1.81,1.5362
FANG,2022-01-04,1.126,gap_1_2,2.62,2.432
FANG,2022-05-03,5.123,gap_2plus,1.88,1.788
FANG,2022-12-12,1.026,gap_1_2,1.52,1.6039
FANG,2023-09-27,1.407,gap_1_2,1.87,1.1923
FANG,2023-10-12,1.16,gap_1_2,1.76,0.2618
FANG,2024-02-12,5.599,gap_2plus,5.1,3.3369
FANG,2024-02-14,1.201,gap_1_2,1.87,0.3376
FANG,2024-08-06,3.879,gap_2plus,1.63,-0.0996
FANG,2024-09-27,1.015,gap_1_2,1.63,0.4832
FANG,2024-11-06,2.082,gap_2plus,1.62,1.1563
FAST,2022-01-19,3.861,gap_2plus,2.11,-0.607
FAST,2023-04-12,1.11,gap_1_2,1.73,-1.0514
FAST,2023-10-12,4.809,gap_2plus,5.87,1.5748
FAST,2024-01-18,4.163,gap_2plus,4.67,0.5666
FAST,2024-11-06,3.436,gap_2plus,2.42,1.1162
FCX,2022-01-12,4.683,gap_2plus,1.84,-1.0382
FCX,2022-03-01,1.246,gap_1_2,1.51,0.4646
FCX,2022-04-27,4.699,gap_2plus,1.51,0.6832
FCX,2022-11-04,9.967,gap_2plus,1.9,0.3912
FCX,2023-01-06,2.211,gap_2plus,1.68,2.5851
FCX,2023-01-09,2.207,gap_2plus,1.71,0.8177
FCX,2023-01-18,2.512,gap_2plus,1.81,0.2305
FCX,2023-07-25,2.106,gap_2plus,1.59,1.5666
FCX,2023-12-01,1.445,gap_1_2,1.97,3.0698
FCX,2023-12-08,1.852,gap_1_2,1.91,1.6339
FCX,2024-01-23,1.795,gap_1_2,2.05,-0.3519
FCX,2024-04-02,1.115,gap_1_2,1.62,-0.9446
FCX,2024-09-26,5.709,gap_2plus,3.01,0.6159
FCX,2024-12-09,4.042,gap_2plus,1.55,0.1862
FTNT,2022-07-19,2.223,gap_2plus,1.61,-0.9248
FTNT,2023-01-26,3.073,gap_2plus,1.5,-2.014
FTNT,2023-08-10,2.359,gap_2plus,1.61,-1.0896
FTNT,2024-01-22,1.626,gap_1_2,1.74,-0.5701
FTNT,2024-08-06,1.101,gap_1_2,1.81,-0.0356
GE,2022-01-04,2.65,gap_2plus,1.89,0.1993
GE,2022-03-29,1.108,gap_1_2,1.56,0.3319
GE,2022-09-09,1.024,gap_1_2,1.51,-1.1211
GE,2023-06-07,1.099,gap_1_2,1.59,0.9602
GE,2023-07-25,3.772,gap_2plus,4.56,0.0436
GE,2024-03-07,1.594,gap_1_2,2.1,0.2894
GE,2024-03-08,1.817,gap_1_2,3.05,-0.2621
GE,2024-07-23,1.986,gap_1_2,3.84,2.4186
GOOGL,2022-07-27,4.075,gap_2plus,1.59,1.3438
GOOGL,2023-01-20,2.157,gap_2plus,2.5,0.1774
GOOGL,2023-02-02,5.344,gap_2plus,2.0,0.7968
GOOGL,2023-05-11,3.25,gap_2plus,2.65,1.4276
GOOGL,2023-07-13,1.645,gap_1_2,1.69,2.2204
GOOGL,2023-12-20,1.713,gap_1_2,1.77,0.9549
GOOGL,2024-09-09,1.222,gap_1_2,1.83,-3.0016
GOOGL,2024-12-10,4.201,gap_2plus,2.44,-0.963
GS,2022-04-14,1.892,gap_1_2,2.15,-2.8565
GS,2022-06-24,1.666,gap_1_2,1.54,2.8944
GS,2022-07-18,4.117,gap_2plus,2.83,-1.8019
GS,2022-10-17,1.402,gap_1_2,1.53,-1.4886
GS,2022-10-18,4.839,gap_2plus,3.28,-3.1585
GS,2023-06-29,1.251,gap_1_2,1.51,1.7022
GS,2023-09-14,1.133,gap_1_2,1.53,0.4017
GS,2023-10-16,1.252,gap_1_2,1.63,0.6263
GS,2024-04-15,4.456,gap_2plus,3.24,-1.1502
GS,2024-04-17,1.44,gap_1_2,2.11,0.1121
GS,2024-09-19,2.072,gap_2plus,1.53,0.8381
GS,2024-10-15,3.033,gap_2plus,3.24,-1.2107
GS,2024-10-16,1.411,gap_1_2,1.75,-0.2755
HD,2022-09-28,2.393,gap_2plus,1.66,1.3288
HD,2023-02-02,1.611,gap_1_2,1.59,2.031
HD,2023-11-14,4.568,gap_2plus,2.82,1.5743
HD,2023-12-14,1.798,gap_1_2,2.4,0.0456
HD,2024-11-12,1.332,gap_1_2,1.79,-1.7778
HON,2022-04-29,5.295,gap_2plus,2.66,-1.3987
HON,2022-10-26,1.102,gap_1_2,1.57,-0.0786
HON,2022-10-28,1.257,gap_1_2,1.69,1.105
HON,2023-01-06,1.028,gap_1_2,1.52,1.0449
HON,2023-04-27,2.651,gap_2plus,1.6,0.766
HON,2023-06-02,1.309,gap_1_2,1.68,0.8777
HON,2024-04-25,2.457,gap_2plus,1.77,-2.824
HON,2024-10-08,2.623,gap_2plus,2.0,0.8885
HOOD,2022-08-03,1.623,gap_1_2,4.1,9.2796
HOOD,2022-08-04,6.505,gap_2plus,2.71,-4.4749
HOOD,2022-09-09,3.219,gap_2plus,1.71,0.141
HOOD,2022-09-12,1.604,gap_1_2,1.58,0.7353
HOOD,2022-09-22,7.576,gap_2plus,2.73,-10.2388
HOOD,2022-11-03,3.856,gap_2plus,2.97,3.4774
HOOD,2023-02-02,3.058,gap_2plus,2.17,0.3543
HOOD,2023-02-09,5.731,gap_2plus,2.1,-5.483
HOOD,2023-03-30,1.317,gap_1_2,1.86,1.2184
HOOD,2023-05-10,2.139,gap_2plus,1.62,-4.632
HOOD,2023-05-11,5.513,gap_2plus,3.99,-4.4938
HOOD,2023-11-02,1.1,gap_1_2,1.63,0.2133
HOOD,2023-11-03,1.899,gap_1_2,1.78,-0.3093
HOOD,2023-11-10,1.009,gap_1_2,1.51,-0.6703
HOOD,2023-12-05,2.406,gap_2plus,3.42,5.0769
HOOD,2023-12-06,3.422,gap_2plus,4.07,3.4914
HOOD,2023-12-19,1.005,gap_1_2,1.81,5.0315
HOOD,2024-02-26,1.518,gap_1_2,1.79,0.4647
HOOD,2024-05-09,6.667,gap_2plus,5.44,-7.8406
HOOD,2024-05-13,2.649,gap_2plus,1.95,0.1753
HOOD,2024-05-14,5.086,gap_2plus,2.5,1.4892
HOOD,2024-05-17,6.011,gap_2plus,3.54,4.9505
HOOD,2024-05-30,1.02,gap_1_2,1.67,3.8198
HOOD,2024-06-06,3.105,gap_2plus,1.62,1.5248
HOOD,2024-07-15,3.3,gap_2plus,1.72,1.8244
HOOD,2024-08-07,2.354,gap_2plus,1.76,-0.6834
HOOD,2024-08-08,3.153,gap_2plus,3.08,-1.2394
HOOD,2024-11-18,2.444,gap_2plus,1.78,4.293
HOOD,2024-11-20,4.994,gap_2plus,1.55,-3.3738
HOOD,2024-12-05,6.5,gap_2plus,1.95,-3.0823
IBM,2022-04-14,2.183,gap_2plus,2.09,-1.5879
IBM,2022-04-20,4.491,gap_2plus,5.37,3.0965
IBM,2023-10-26,3.668,gap_2plus,3.13,0.9688
IBM,2024-01-25,6.313,gap_2plus,9.52,3.7123
IBM,2024-06-24,1.514,gap_1_2,1.61,1.092
INTU,2022-05-25,3.233,gap_2plus,2.82,3.0743
INTU,2022-08-24,6.132,gap_2plus,2.89,-0.9657
INTU,2022-11-10,7.816,gap_2plus,1.59,-0.9601
INTU,2022-12-13,5.138,gap_2plus,1.88,0.8829
INTU,2023-01-20,1.138,gap_1_2,1.55,1.028
INTU,2023-02-23,1.052,gap_1_2,1.98,-1.85
INTU,2023-05-30,1.511,gap_1_2,1.8,-2.1841
INTU,2023-11-29,3.088,gap_2plus,2.07,-0.9704
INTU,2024-02-22,1.881,gap_1_2,1.79,0.1789
JPM,2022-01-04,1.609,gap_1_2,1.69,1.4271
JPM,2022-07-15,1.066,gap_1_2,1.57,3.1585
JPM,2022-10-14,2.437,gap_2plus,2.76,-0.3068
JPM,2022-10-17,3.409,gap_2plus,1.6,0.1224
JPM,2022-12-06,1.581,gap_1_2,1.6,-1.6513
JPM,2023-04-14,4.756,gap_2plus,3.06,0.3728
JPM,2023-06-29,1.058,gap_1_2,1.79,1.1225
JPM,2024-01-12,2.058,gap_2plus,2.34,-2.1723
JPM,2024-10-11,1.187,gap_1_2,2.57,1.6867
JPM,2024-11-06,6.058,gap_2plus,3.55,1.1761
KO,2022-04-25,2.603,gap_2plus,1.91,-2.7909
KO,2022-06-17,1.047,gap_1_2,1.62,-0.1688
LCID,2022-05-19,1.957,gap_1_2,1.5,7.2825
LCID,2022-09-12,2.322,gap_2plus,1.74,1.9645
LCID,2022-12-13,5.066,gap_2plus,1.55,-8.4434
LCID,2023-02-02,2.956,gap_2plus,1.7,4.6091
LCID,2023-12-06,1.9,gap_1_2,1.69,4.4084
LCID,2024-01-29,3.383,gap_2plus,3.06,12.6143
LCID,2024-03-27,1.455,gap_1_2,1.63,0.0
LCID,2024-05-06,1.799,gap_1_2,2.33,-0.4549
LCID,2024-05-14,7.117,gap_2plus,3.62,2.7027
LCID,2024-06-26,2.982,gap_2plus,1.65,3.4148
LCID,2024-07-11,1.587,gap_1_2,2.81,1.6509
LCID,2024-07-12,1.903,gap_1_2,7.04,13.2503
LCID,2024-07-16,3.047,gap_2plus,1.79,0.6702
LCID,2024-11-08,5.856,gap_2plus,1.96,-6.8054
LCID,2024-11-11,2.262,gap_2plus,1.81,1.6393
LCID,2024-12-06,1.679,gap_1_2,1.99,6.5105
LCID,2024-12-09,3.03,gap_2plus,2.17,7.8675
LCID,2024-12-31,2.222,gap_2plus,1.55,-0.7728
LRCX,2022-04-21,1.233,gap_1_2,1.87,-2.1299
LRCX,2022-10-03,1.643,gap_1_2,2.09,3.1389
LRCX,2022-10-04,3.435,gap_2plus,1.61,0.2819
LRCX,2022-10-17,3.852,gap_2plus,2.43,-3.0341
LRCX,2022-10-20,3.075,gap_2plus,2.37,6.0459
LRCX,2023-03-29,1.825,gap_1_2,1.83,1.4073
LRCX,2023-04-20,3.898,gap_2plus,3.46,2.6563
LRCX,2023-07-28,1.287,gap_1_2,1.54,0.6182
LRCX,2024-01-18,3.105,gap_2plus,1.81,1.3796
LRCX,2024-01-19,1.637,gap_1_2,2.57,0.4985
LRCX,2024-01-24,2.36,gap_2plus,2.54,-0.0478
LRCX,2024-02-09,1.807,gap_1_2,1.57,1.2474
LRCX,2024-03-21,3.551,gap_2plus,1.72,1.294
LRCX,2024-04-24,2.191,gap_2plus,2.19,-1.0099
LRCX,2024-05-21,3.057,gap_2plus,1.59,0.2458
LRCX,2024-07-31,4.556,gap_2plus,1.88,0.9433
MCHP,2022-01-26,3.106,gap_2plus,1.51,0.6623
MCHP,2022-05-10,6.623,gap_2plus,1.84,-0.8991
MCHP,2022-06-28,2.458,gap_2plus,2.09,-2.9438
MCHP,2022-08-03,4.291,gap_2plus,1.63,0.6861
MCHP,2022-11-10,6.143,gap_2plus,1.64,1.6209
MCHP,2023-05-02,1.221,gap_1_2,1.52,-1.6446
MCHP,2023-07-27,2.709,gap_2plus,1.82,1.1249
MCHP,2024-04-24,5.341,gap_2plus,1.81,-1.0373
MCHP,2024-07-10,1.041,gap_1_2,1.53,0.9271
MCHP,2024-07-31,1.647,gap_1_2,1.53,-0.214
MCHP,2024-09-19,4.127,gap_2plus,2.37,1.4594
MDT,2022-11-10,3.555,gap_2plus,1.52,0.4971
MDT,2023-04-24,2.967,gap_2plus,2.9,0.5482
MDT,2023-05-30,1.071,gap_1_2,1.59,0.1696
MDT,2023-07-20,1.332,gap_1_2,1.51,1.2234
MDT,2023-12-14,1.053,gap_1_2,1.63,1.7206
MDT,2024-02-20,2.957,gap_2plus,2.01,0.826
META,2022-02-09,1.833,gap_1_2,2.15,0.5876
META,2022-06-21,1.509,gap_1_2,1.85,-1.9458
META,2022-10-28,1.7,gap_1_2,2.23,-1.8953
META,2022-11-09,5.416,gap_2plus,1.64,1.38
META,2022-12-16,3.632,gap_2plus,1.76,0.0417
META,2023-03-14,3.681,gap_2plus,1.57,1.1675
META,2023-04-26,2.391,gap_2plus,1.63,0.4481
META,2023-07-12,1.167,gap_1_2,1.61,0.8316
META,2024-02-02,16.438,gap_2plus,5.54,1.8826
META,2024-04-24,2.459,gap_2plus,1.92,-2.6141
META,2024-08-01,9.832,gap_2plus,3.05,-3.6784
META,2024-10-30,1.264,gap_1_2,2.53,0.6805
MRNA,2022-02-24,3.134,gap_2plus,2.45,3.1211
MRNA,2022-03-14,2.359,gap_2plus,3.24,8.9638
MRNA,2022-03-16,1.31,gap_1_2,1.74,6.6166
MRNA,2022-05-04,4.639,gap_2plus,1.94,-3.2276
MRNA,2022-09-14,2.155,gap_2plus,1.82,0.7154
MRNA,2022-10-12,12.313,gap_2plus,3.94,-3.443
MRNA,2022-10-21,4.52,gap_2plus,1.76,2.6314
MRNA,2022-12-13,13.402,gap_2plus,7.47,6.3697
MRNA,2023-01-18,5.244,gap_2plus,2.38,-4.3547
MRNA,2023-07-05,1.378,gap_1_2,2.02,0.1441
MRNA,2023-12-14,12.5,gap_2plus,6.52,-0.6465
MRNA,2023-12-15,1.747,gap_1_2,1.92,-2.6918
MRNA,2024-02-22,4.875,gap_2plus,3.44,0.1101
MRNA,2024-11-07,9.311,gap_2plus,3.56,-2.7645
MRVL,2022-01-04,1.172,gap_1_2,1.8,-4.2903
MRVL,2022-01-26,4.539,gap_2plus,1.58,0.7089
MRVL,2022-03-07,1.987,gap_1_2,1.53,-2.5275
MRVL,2022-05-27,5.389,gap_2plus,2.21,-1.2144
MRVL,2022-07-18,1.977,gap_1_2,1.52,2.638
MRVL,2022-07-19,2.045,gap_2plus,1.54,2.6252
MRVL,2022-10-27,4.497,gap_2plus,1.54,-0.8955
MRVL,2023-02-02,1.776,gap_1_2,1.54,1.521
MRVL,2023-08-22,1.378,gap_1_2,1.63,-0.5752
MRVL,2024-03-01,3.318,gap_2plus,1.83,1.6274
MRVL,2024-08-15,4.664,gap_2plus,1.59,2.68
MRVL,2024-08-29,1.088,gap_1_2,1.67,2.2645
MRVL,2024-10-15,3.581,gap_2plus,2.68,-0.6694
MRVL,2024-11-01,5.152,gap_2plus,2.05,1.0126
MRVL,2024-12-04,17.01,gap_2plus,6.6,2.1007
MRVL,2024-12-13,7.913,gap_2plus,2.58,-1.2166
MS,2022-01-19,4.109,gap_2plus,2.0,-1.2708
MS,2022-01-20,1.04,gap_1_2,2.23,1.3582
MS,2022-01-27,1.192,gap_1_2,1.53,-1.3195
MS,2022-03-16,1.945,gap_1_2,1.52,3.6411
MS,2022-04-14,2.172,gap_2plus,1.82,-2.5371
MS,2022-12-13,2.799,gap_2plus,1.54,-0.1434
MS,2023-01-17,4.677,gap_2plus,5.32,1.4351
MS,2023-07-18,1.299,gap_1_2,3.12,3.4372
MS,2024-03-04,1.616,gap_1_2,3.14,2.9141
MS,2024-04-16,4.331,gap_2plus,2.67,1.442
MS,2024-10-16,4.076,gap_2plus,4.6,1.8048
MSFT,2022-04-27,4.466,gap_2plus,2.4,0.66
MSFT,2022-07-27,3.736,gap_2plus,1.95,0.8694
MSFT,2023-02-07,1.47,gap_1_2,1.74,0.9688
MSFT,2024-03-14,1.189,gap_1_2,1.91,1.9184
MSFT,2024-10-30,1.253,gap_1_2,1.68,0.6223
MU,2022-02-10,1.207,gap_1_2,1.6,3.5436
MU,2022-03-16,4.743,gap_2plus,1.64,1.7296
MU,2023-01-04,5.38,gap_2plus,1.68,1.1792
MU,2023-03-23,1.607,gap_1_2,1.86,0.0168
MU,2023-04-10,4.567,gap_2plus,2.2,0.9519
MU,2023-05-15,2.162,gap_2plus,1.65,1.822
MU,2023-05-18,1.607,gap_1_2,2.3,2.1548
MU,2023-07-27,4.591,gap_2plus,1.61,0.5996
MU,2023-09-29,1.907,gap_1_2,1.72,1.0528
MU,2023-11-09,1.746,gap_1_2,1.73,1.2238
MU,2023-12-11,2.909,gap_2plus,1.6,0.013
MU,2024-02-26,4.243,gap_2plus,2.5,0.4562
MU,2024-03-26,1.74,gap_1_2,1.79,-0.887
MU,2024-04-01,1.119,gap_1_2,1.75,3.785
MU,2024-06-17,2.963,gap_2plus,1.62,-0.496
MU,2024-06-18,2.734,gap_2plus,2.87,0.4466
MU,2024-06-24,2.203,gap_2plus,1.56,-2.2349
MU,2024-06-26,1.377,gap_1_2,2.03,-0.1354
MU,2024-12-03,2.682,gap_2plus,1.57,-1.4413
MU,2024-12-13,2.517,gap_2plus,1.51,-1.305
MU,2024-12-16,2.999,gap_2plus,2.64,1.8428
MU,2024-12-18,1.48,gap_1_2,2.67,-0.0181
NOW,2022-01-27,14.428,gap_2plus,2.57,-3.795
NOW,2022-03-07,1.152,gap_1_2,1.51,-3.6844
NOW,2022-12-13,5.677,gap_2plus,1.55,-3.3337
NOW,2023-01-26,2.977,gap_2plus,4.23,-3.7148
NOW,2023-04-04,2.412,gap_2plus,1.73,0.1258
NOW,2023-05-17,2.435,gap_2plus,1.97,2.6874
NOW,2023-05-25,4.119,gap_2plus,1.74,1.2179
NOW,2023-07-19,2.027,gap_2plus,1.63,0.1882
NOW,2023-07-28,1.366,gap_1_2,1.77,-0.7121
NOW,2024-01-22,1.387,gap_1_2,1.94,-0.3395
NOW,2024-01-25,1.981,gap_1_2,3.46,-0.1094
NOW,2024-02-22,3.651,gap_2plus,1.79,-0.6041
NOW,2024-04-22,1.267,gap_1_2,1.64,-1.0318
NOW,2024-05-31,1.057,gap_1_2,3.12,-1.1413
NOW,2024-06-05,1.674,gap_1_2,1.91,0.6414
NOW,2024-09-19,1.822,gap_1_2,1.83,0.466
NOW,2024-10-24,4.461,gap_2plus,3.6,0.6538
NOW,2024-12-04,2.584,gap_2plus,1.97,1.6053
NVDA,2022-03-24,2.074,gap_2plus,1.82,5.8891
NVDA,2023-01-23,1.292,gap_1_2,1.56,5.0612
NVDA,2023-02-23,12.886,gap_2plus,2.19,-1.3594
NVDA,2023-05-30,4.351,gap_2plus,1.89,0.317
NVDA,2023-07-14,1.307,gap_1_2,1.8,1.1986
NVDA,2023-08-15,1.832,gap_1_2,1.57,-0.6475
NVDA,2023-08-21,2.801,gap_2plus,1.55,1.3235
NVDA,2023-08-22,2.474,gap_2plus,1.68,-2.5908
NVDA,2024-01-11,1.161,gap_1_2,1.52,-2.3408
NVDA,2024-02-22,11.162,gap_2plus,1.62,-0.0645
NVDA,2024-02-23,2.962,gap_2plus,1.62,-2.6225
NVDA,2024-05-23,7.539,gap_2plus,2.17,2.3483
NVDA,2024-05-28,3.539,gap_2plus,1.62,1.0658
NVDA,2024-06-06,1.309,gap_1_2,1.55,-4.0619
NVDA,2024-07-31,8.856,gap_2plus,1.57,3.0103
NVDA,2024-11-21,2.347,gap_2plus,2.05,-2.8442
NXPI,2022-01-13,1.259,gap_1_2,1.83,-0.209
NXPI,2022-07-26,1.597,gap_1_2,1.64,-0.4621
NXPI,2022-11-01,3.012,gap_2plus,1.97,0.8115
NXPI,2023-01-31,1.605,gap_1_2,2.21,-0.5248
NXPI,2023-07-25,3.614,gap_2plus,1.83,0.1758
NXPI,2023-10-26,1.435,gap_1_2,1.99,1.4079
NXPI,2023-12-15,1.508,gap_1_2,1.7,0.4105
NXPI,2024-01-18,2.554,gap_2plus,1.74,-0.258
NXPI,2024-02-05,1.575,gap_1_2,2.05,0.4989
NXPI,2024-04-24,4.373,gap_2plus,2.21,-0.6237
NXPI,2024-04-30,4.286,gap_2plus,2.4,-2.4546
NXPI,2024-10-23,2.049,gap_2plus,1.78,-0.0731
NXPI,2024-11-06,1.508,gap_1_2,1.64,0.2077
ON,2022-01-26,5.214,gap_2plus,1.83,0.465
ON,2022-05-02,3.437,gap_2plus,1.9,-2.7112
ON,2022-05-10,2.539,gap_2plus,1.73,-1.4809
ON,2022-08-02,1.241,gap_1_2,1.59,1.828
ON,2022-08-18,1.201,gap_1_2,2.52,6.3533
ON,2023-02-02,1.246,gap_1_2,1.71,2.5312
ON,2023-02-23,1.012,gap_1_2,1.95,-3.0593
ON,2023-05-01,4.079,gap_2plus,3.23,0.2938
ON,2023-05-17,1.89,gap_1_2,1.77,0.5996
ON,2023-10-26,1.91,gap_1_2,1.81,-0.3566
ON,2024-02-05,7.006,gap_2plus,2.01,0.7377
ON,2024-07-29,8.305,gap_2plus,3.99,0.9507
ORCL,2022-03-15,1.222,gap_1_2,1.97,3.981
ORCL,2022-10-20,1.827,gap_1_2,2.23,0.5343
ORCL,2022-10-21,2.595,gap_2plus,1.95,1.438
ORCL,2023-06-12,4.055,gap_2plus,4.05,0.9848
ORCL,2023-09-05,1.093,gap_1_2,1.54,1.3054
ORCL,2023-09-14,1.496,gap_1_2,1.53,1.0146
ORCL,2024-01-24,1.43,gap_1_2,1.75,1.045
ORCL,2024-04-26,1.885,gap_1_2,1.54,0.5034
ORCL,2024-06-12,8.715,gap_2plus,5.83,0.6456
ORCL,2024-09-10,10.252,gap_2plus,7.69,1.2575
ORCL,2024-09-12,1.245,gap_1_2,1.89,-0.5569
ORCL,2024-11-06,3.916,gap_2plus,2.02,1.1778
ORCL,2024-12-09,2.407,gap_2plus,2.37,-1.1395
PANW,2022-05-10,4.296,gap_2plus,1.56,-1.4929
PANW,2022-05-20,11.838,gap_2plus,3.34,-4.5161
PANW,2022-05-23,1.129,gap_1_2,1.52,1.132
PANW,2022-08-23,10.107,gap_2plus,4.61,-0.0319
PANW,2022-11-08,3.157,gap_2plus,1.52,2.815
PANW,2022-11-18,9.36,gap_2plus,2.94,-1.0545
PANW,2023-05-24,3.434,gap_2plus,4.32,2.7695
PANW,2023-06-16,1.452,gap_1_2,2.04,-0.2449
PANW,2023-07-13,1.565,gap_1_2,1.57,1.5238
PANW,2023-11-06,1.24,gap_1_2,1.76,-3.004
PANW,2024-01-10,1.571,gap_1_2,1.65,2.1715
PANW,2024-02-07,2.935,gap_2plus,2.13,2.0659
PANW,2024-02-23,3.428,gap_2plus,2.58,0.5126
PANW,2024-02-26,2.261,gap_2plus,3.39,5.5178
PANW,2024-02-27,4.836,gap_2plus,2.8,0.395
PANW,2024-10-08,2.207,gap_2plus,1.63,2.2658
PCAR,2022-07-26,1.726,gap_1_2,2.41,-0.4015
PCAR,2022-09-09,2.157,gap_2plus,1.61,-0.6283
PCAR,2023-04-25,2.491,gap_2plus,2.55,-1.8885
PCAR,2023-06-02,1.148,gap_1_2,1.56,1.4961
PCAR,2023-07-17,1.069,gap_1_2,1.6,0.9837
PCAR,2024-06-05,1.139,gap_1_2,1.79,0.1665
PG,2023-07-28,1.76,gap_1_2,1.66,1.1849
PG,2023-10-18,2.555,gap_2plus,1.99,-1.3301
PLTR,2022-02-23,3.389,gap_2plus,1.56,-4.8206
PLTR,2022-11-10,6.877,gap_2plus,1.5,1.3888
PLTR,2023-02-02,3.78,gap_2plus,2.34,3.816
PLTR,2023-05-08,3.243,gap_2plus,2.59,-1.9044
PLTR,2023-05-10,1.949,gap_1_2,4.01,2.0619
PLTR,2023-05-18,2.148,gap_2plus,3.33,6.7198
PLTR,2023-05-19,1.872,gap_1_2,2.5,-3.0214
PLTR,2023-05-23,1.014,gap_1_2,2.2,7.4135
PLTR,2023-05-30,5.788,gap_2plus,1.77,0.854
PLTR,2023-06-07,3.558,gap_2plus,2.06,-0.683
PLTR,2023-07-28,6.563,gap_2plus,1.94,-1.3529
PLTR,2023-07-31,5.671,gap_2plus,2.48,2.0594
PLTR,2023-09-29,2.221,gap_2plus,1.66,-1.4953
PLTR,2023-10-10,2.526,gap_2plus,1.96,0.668
PLTR,2023-11-02,17.001,gap_2plus,2.93,-3.9466
PLTR,2024-02-05,3.173,gap_2plus,2.76,-5.2673
PLTR,2024-02-06,21.411,gap_2plus,9.48,2.7539
PLTR,2024-02-08,1.482,gap_1_2,2.91,0.2694
PLTR,2024-03-06,8.125,gap_2plus,1.88,-0.325
PLTR,2024-05-06,4.471,gap_2plus,3.88,0.9505
PLTR,2024-06-20,2.322,gap_2plus,1.79,0.1328
PLTR,2024-07-08,2.571,gap_2plus,1.51,1.8342
PLTR,2024-08-07,1.805,gap_1_2,1.61,2.7159
PLTR,2024-08-08,2.735,gap_2plus,1.98,3.7029
PLTR,2024-09-09,7.761,gap_2plus,3.16,1.895
PLTR,2024-11-05,15.478,gap_2plus,4.58,3.913
PLTR,2024-11-15,3.294,gap_2plus,2.5,5.0782
PM,2023-01-25,1.189,gap_1_2,3.93,-0.695
PM,2024-07-23,1.913,gap_1_2,2.29,-1.1423
PM,2024-10-22,3.994,gap_2plus,4.19,2.1344
PM,2024-11-07,1.003,gap_1_2,2.32,-1.075
RBLX,2022-05-13,6.165,gap_2plus,1.84,2.4344
RBLX,2022-06-24,1.726,gap_1_2,1.71,-0.6192
RBLX,2022-08-11,2.041,gap_2plus,2.24,2.6058
RBLX,2022-10-17,15.795,gap_2plus,3.87,1.3612
RBLX,2023-05-10,3.179,gap_2plus,2.65,2.8564
RBLX,2023-08-10,2.071,gap_2plus,2.21,-0.654
RBLX,2023-11-08,14.567,gap_2plus,6.88,-2.1145
RBLX,2023-12-13,2.284,gap_2plus,1.51,-1.9333
RBLX,2024-02-06,1.626,gap_1_2,1.87,1.0747
RBLX,2024-02-08,1.631,gap_1_2,2.14,-1.0377
RBLX,2024-05-03,3.695,gap_2plus,1.58,0.18
RBLX,2024-05-10,1.612,gap_1_2,2.53,1.6816
RBLX,2024-07-12,3.479,gap_2plus,1.6,-0.2255
RBLX,2024-07-31,1.096,gap_1_2,1.71,1.231
RBLX,2024-12-11,3.803,gap_2plus,1.58,1.4399
RIVN,2022-03-03,1.475,gap_1_2,1.52,-7.1187
RIVN,2022-05-12,7.823,gap_2plus,3.58,10.2222
RIVN,2022-05-13,11.188,gap_2plus,1.82,-0.0747
RIVN,2022-07-07,1.163,gap_1_2,1.62,-0.2709
RIVN,2022-08-11,3.209,gap_2plus,2.13,1.6446
RIVN,2022-08-12,1.851,gap_1_2,2.66,-2.1383
RIVN,2022-12-13,6.169,gap_2plus,1.83,-6.0763
RIVN,2023-01-23,1.604,gap_1_2,1.72,7.0376
RIVN,2023-03-03,2.006,gap_2plus,1.88,4.2567
RIVN,2023-05-10,8.874,gap_2plus,3.25,-4.6345
RIVN,2023-06-12,1.154,gap_1_2,1.56,0.3549
RIVN,2023-06-13,1.895,gap_1_2,2.11,4.9129
RIVN,2023-06-21,1.592,gap_1_2,1.81,-8.348
RIVN,2023-07-03,7.139,gap_2plus,2.53,2.5447
RIVN,2023-07-07,5.927,gap_2plus,5.34,5.7516
RIVN,2023-09-26,1.702,gap_1_2,1.69,4.5512
RIVN,2023-09-29,1.669,gap_1_2,1.52,1.8485
RIVN,2023-11-08,6.756,gap_2plus,3.84,-2.7972
RIVN,2023-12-06,1.46,gap_1_2,1.51,5.1977
RIVN,2023-12-14,3.253,gap_2plus,2.47,2.2367
RIVN,2024-03-08,5.04,gap_2plus,1.85,-5.2625
RIVN,2024-05-07,7.841,gap_2plus,2.14,-2.6304
RIVN,2024-05-14,5.128,gap_2plus,1.52,-1.6971
RIVN,2024-07-02,2.588,gap_2plus,1.93,0.2067
RIVN,2024-11-07,2.577,gap_2plus,2.03,0.5395
RIVN,2024-11-13,11.395,gap_2plus,4.06,2.657
RIVN,2024-12-09,4.035,gap_2plus,1.58,6.5592
SCHW,2022-03-16,2.105,gap_2plus,1.52,3.5674
SCHW,2022-04-21,1.513,gap_1_2,2.09,-5.9452
SCHW,2022-06-17,1.008,gap_1_2,1.5,-0.3465
SCHW,2022-07-18,2.451,gap_2plus,1.52,0.5908
SCHW,2022-08-11,1.619,gap_1_2,2.0,0.4748
SCHW,2023-07-18,10.245,gap_2plus,4.54,0.5922
SCHW,2023-07-19,2.878,gap_2plus,1.84,-1.4404
SMCI,2022-04-19,14.723,gap_2plus,10.2,3.4807
SMCI,2022-06-02,1.083,gap_1_2,1.66,2.7115
SMCI,2022-11-02,4.457,gap_2plus,6.88,6.037
SMCI,2022-11-11,1.437,gap_1_2,1.74,2.4048
SMCI,2022-12-20,6.493,gap_2plus,3.8,1.1731
SMCI,2023-01-09,1.885,gap_1_2,2.26,0.7955
SMCI,2023-02-09,1.831,gap_1_2,1.69,4.273
SMCI,2023-05-03,11.111,gap_2plus,5.25,12.895
SMCI,2023-05-25,16.945,gap_2plus,3.39,2.5113
SMCI,2023-05-26,1.401,gap_1_2,2.18,4.6414
SMCI,2023-05-30,4.062,gap_2plus,1.93,1.5457
SMCI,2023-07-19,1.854,gap_1_2,1.64,-1.166
SMCI,2023-11-03,1.3,gap_1_2,1.52,2.0553
SMCI,2023-11-14,3.947,gap_2plus,1.96,5.0509
SMCI,2023-12-18,1.433,gap_1_2,2.01,4.6799
SMCI,2024-01-19,11.589,gap_2plus,7.45,13.5029
SMCI,2024-01-22,7.82,gap_2plus,4.5,-6.5283
SMCI,2024-02-01,1.964,gap_1_2,1.76,2.8938
SMCI,2024-02-05,1.847,gap_1_2,1.97,5.3954
SMCI,2024-02-12,2.837,gap_2plus,1.52,4.7775
SMCI,2024-02-15,7.325,gap_2plus,1.85,1.6833
SMCI,2024-02-22,17.283,gap_2plus,1.62,5.9007
SMCI,2024-05-15,2.577,gap_2plus,1.5,5.2538
SMCI,2024-05-23,6.983,gap_2plus,2.01,-4.2192
SMCI,2024-06-13,1.369,gap_1_2,2.03,7.0311
SMCI,2024-06-17,1.443,gap_1_2,1.53,-0.7532
SMCI,2024-06-20,4.501,gap_2plus,2.15,1.4197
SMCI,2024-09-26,2.837,gap_2plus,2.94,-18.3087
SMCI,2024-11-18,7.92,gap_2plus,2.21,-2.4642
SMCI,2024-11-22,3.838,gap_2plus,1.64,-0.667
SMCI,2024-11-25,8.595,gap_2plus,1.64,2.544
SMCI,2024-12-03,5.741,gap_2plus,1.86,-6.6885
SO,2022-07-28,1.026,gap_1_2,1.63,1.8233
SO,2023-03-17,1.268,gap_1_2,1.84,-1.0272
SO,2024-10-31,1.481,gap_1_2,2.65,0.703
TSLA,2022-04-21,9.958,gap_2plus,1.53,-3.4374
TSLA,2022-07-21,3.104,gap_2plus,1.63,2.4649
TSLA,2022-12-28,1.146,gap_1_2,1.74,-4.9168
TSLA,2022-12-29,6.814,gap_2plus,1.65,0.4221
TSLA,2023-01-27,1.351,gap_1_2,1.66,3.8601
TSLA,2024-07-01,1.525,gap_1_2,1.92,3.2172
TSLA,2024-07-02,4.269,gap_2plus,2.6,2.7166
TSLA,2024-07-05,1.191,gap_1_2,1.74,-0.3744
TSLA,2024-09-05,1.836,gap_1_2,1.67,0.5123
TSLA,2024-10-24,14.572,gap_2plus,2.77,2.932
TSLA,2024-11-11,7.819,gap_2plus,2.3,1.51
TSLA,2024-12-17,2.744,gap_2plus,1.61,-3.6401
TTWO,2022-05-17,8.804,gap_2plus,3.19,0.5828
TTWO,2022-10-06,3.154,gap_2plus,1.62,-1.1483
TTWO,2023-02-02,1.63,gap_1_2,1.86,0.9844
TTWO,2023-02-07,1.481,gap_1_2,2.97,5.0666
TTWO,2023-03-02,2.346,gap_2plus,2.08,-0.5003
TTWO,2023-11-09,3.684,gap_2plus,2.65,-0.7972
TTWO,2024-09-19,1.878,gap_1_2,1.57,1.3022
TTWO,2024-11-06,1.475,gap_1_2,2.73,-0.0838
TTWO,2024-11-07,4.461,gap_2plus,3.05,-0.4838
TXN,2022-07-27,3.69,gap_2plus,2.18,-0.2406
TXN,2023-01-04,1.785,gap_1_2,1.62,0.456
TXN,2023-07-21,1.444,gap_1_2,1.94,0.9415
TXN,2023-07-27,1.265,gap_1_2,1.56,0.7949
TXN,2024-01-19,2.401,gap_2plus,2.84,1.0592
TXN,2024-05-28,3.421,gap_2plus,1.74,0.0528
TXN,2024-06-21,1.285,gap_1_2,1.55,0.7702
TXN,2024-08-21,1.967,gap_1_2,1.58,0.3554
TXN,2024-10-23,4.059,gap_2plus,3.14,-0.775
TXN,2024-11-06,3.135,gap_2plus,1.7,0.9079
USB,2022-10-14,2.112,gap_2plus,2.11,-0.6392
USB,2022-10-17,2.561,gap_2plus,2.19,-1.0887
USB,2022-12-13,2.468,gap_2plus,1.6,-1.4458
USB,2023-03-14,7.184,gap_2plus,3.98,-2.2445
USB,2023-03-20,4.774,gap_2plus,2.68,0.6649
USB,2023-03-21,4.429,gap_2plus,2.2,3.0971
USB,2023-09-14,1.289,gap_1_2,1.52,0.4127
USB,2024-09-12,1.421,gap_1_2,2.67,-3.2798
USB,2024-10-16,3.626,gap_2plus,4.99,-1.2406
WDAY,2022-05-10,3.131,gap_2plus,2.12,-3.0827
WDAY,2022-08-12,1.878,gap_1_2,1.76,0.7968
WDAY,2022-11-30,10.153,gap_2plus,3.75,0.3101
WDAY,2023-03-29,1.086,gap_1_2,1.64,2.5439
WDAY,2023-08-24,1.856,gap_1_2,2.51,-1.5445
WDAY,2023-09-29,1.771,gap_1_2,2.52,0.358
WDAY,2024-05-02,1.886,gap_1_2,2.54,1.0472
WDAY,2024-11-21,1.53,gap_1_2,1.54,1.2248
WDAY,2024-11-25,1.48,gap_1_2,1.9,-1.7045
